snapshot_idx,interface,frame.time_epoch,frame.len,ip.src,ip.dst,ipv6.src,ipv6.dst,_ws.col.Protocol,tcp.srcport,tcp.dstport,tcp.flags,tcp.stream,icmp.type,icmp.code,icmpv6.type,icmpv6.code
1,s0cl0,1767116698.419503000,137,,,,,LLDP,,,,,,,,
1,s0cl0,1767116698.419632000,137,,,,,LLDP,,,,,,,,
1,s0cl0,1767116699.219905000,42,,,,,ARP,,,,,,,,
1,s0cl0,1767116699.219925000,42,,,,,ARP,,,,,,,,
1,s0cl0,1767116701.519675000,137,,,,,LLDP,,,,,,,,
1,s0cl0,1767116701.520131000,137,,,,,LLDP,,,,,,,,
1,s0cl0,1767116704.619972000,137,,,,,LLDP,,,,,,,,
1,s0cl0,1767116704.620354000,137,,,,,LLDP,,,,,,,,
1,s0cl0,1767116707.721650000,137,,,,,LLDP,,,,,,,,
1,s0cl0,1767116707.721752000,137,,,,,LLDP,,,,,,,,
1,s0cl0,1767116710.819095000,137,,,,,LLDP,,,,,,,,
1,s0cl0,1767116710.819492000,137,,,,,LLDP,,,,,,,,
1,s0cl0,1767116713.918521000,137,,,,,LLDP,,,,,,,,
1,s0cl0,1767116713.918887000,137,,,,,LLDP,,,,,,,,
1,s0cl0,1767116717.019193000,137,,,,,LLDP,,,,,,,,
1,s0cl0,1767116717.019733000,137,,,,,LLDP,,,,,,,,
1,s0cl0,1767116720.119312000,137,,,,,LLDP,,,,,,,,
1,s0cl0,1767116720.119674000,137,,,,,LLDP,,,,,,,,
1,s0cl0,1767116723.218877000,137,,,,,LLDP,,,,,,,,
1,s0cl0,1767116723.218931000,137,,,,,LLDP,,,,,,,,
1,s0cl0,1767116726.319322000,137,,,,,LLDP,,,,,,,,
1,s0cl0,1767116726.319388000,137,,,,,LLDP,,,,,,,,
1,s0cl0,1767116727.082834000,70,,,fe80::747a:74ff:feb1:f1,ff02::2,ICMPv6,,,,,,,133,0
1,s0cl0,1767116727.082817000,70,,,fe80::c464:9fff:fe95:aabd,ff02::2,ICMPv6,,,,,,,133,0
1,s0cl0,1767116729.419354000,137,,,,,LLDP,,,,,,,,
1,s0cl0,1767116729.419411000,137,,,,,LLDP,,,,,,,,
1,s0cl0,1767116732.518250000,137,,,,,LLDP,,,,,,,,
1,s0cl0,1767116732.518321000,137,,,,,LLDP,,,,,,,,
1,s0cl0,1767116735.619969000,137,,,,,LLDP,,,,,,,,
1,s0cl0,1767116735.620078000,137,,,,,LLDP,,,,,,,,
1,s0cl0,1767116738.719716000,137,,,,,LLDP,,,,,,,,
1,s0cl0,1767116738.719893000,137,,,,,LLDP,,,,,,,,
1,s0cl0,1767116741.818495000,137,,,,,LLDP,,,,,,,,
1,s0cl0,1767116741.818578000,137,,,,,LLDP,,,,,,,,
1,s0cl0,1767116744.919607000,137,,,,,LLDP,,,,,,,,
1,s0cl0,1767116744.919807000,137,,,,,LLDP,,,,,,,,
1,s0cl0,1767116748.019058000,137,,,,,LLDP,,,,,,,,
1,s0cl0,1767116748.019146000,137,,,,,LLDP,,,,,,,,
1,s0cl0,1767116751.119041000,137,,,,,LLDP,,,,,,,,
1,s0cl0,1767116751.119092000,137,,,,,LLDP,,,,,,,,
1,s0cl0,1767116754.218417000,137,,,,,LLDP,,,,,,,,
1,s0cl0,1767116754.218463000,137,,,,,LLDP,,,,,,,,
1,s0cl0,1767116757.319119000,137,,,,,LLDP,,,,,,,,
1,s0cl0,1767116757.320012000,137,,,,,LLDP,,,,,,,,
1,s0cl0,1767116760.418290000,137,,,,,LLDP,,,,,,,,
1,s0cl0,1767116760.418385000,137,,,,,LLDP,,,,,,,,
1,s0cl0,1767116763.518087000,137,,,,,LLDP,,,,,,,,
1,s0cl0,1767116763.518133000,137,,,,,LLDP,,,,,,,,
1,s0cl0,1767116766.618924000,137,,,,,LLDP,,,,,,,,
1,s0cl0,1767116766.618974000,137,,,,,LLDP,,,,,,,,
1,s0cl0,1767116769.718132000,137,,,,,LLDP,,,,,,,,
1,s0cl0,1767116769.718210000,137,,,,,LLDP,,,,,,,,
1,s0cl0,1767116772.818395000,137,,,,,LLDP,,,,,,,,
1,s0cl0,1767116772.818439000,137,,,,,LLDP,,,,,,,,
1,s0cl0,1767116775.919246000,137,,,,,LLDP,,,,,,,,
1,s0cl0,1767116775.919309000,137,,,,,LLDP,,,,,,,,
1,s0cl0,1767116779.018494000,137,,,,,LLDP,,,,,,,,
1,s0cl0,1767116779.018590000,137,,,,,LLDP,,,,,,,,
1,s0cl0,1767116782.118244000,137,,,,,LLDP,,,,,,,,
1,s0cl0,1767116782.118334000,137,,,,,LLDP,,,,,,,,
1,s0cl0,1767116785.219063000,137,,,,,LLDP,,,,,,,,
1,s0cl0,1767116785.219244000,137,,,,,LLDP,,,,,,,,
1,s0cl0,1767116788.318589000,137,,,,,LLDP,,,,,,,,
1,s0cl0,1767116788.318638000,137,,,,,LLDP,,,,,,,,
1,s0cl0,1767116788.522803000,70,,,fe80::747a:74ff:feb1:f1,ff02::2,ICMPv6,,,,,,,133,0
1,s0cl0,1767116788.522842000,70,,,fe80::c464:9fff:fe95:aabd,ff02::2,ICMPv6,,,,,,,133,0
1,s0cl0,1767116791.418949000,137,,,,,LLDP,,,,,,,,
1,s0cl0,1767116791.419008000,137,,,,,LLDP,,,,,,,,
1,s0cl0,1767116794.519853000,137,,,,,LLDP,,,,,,,,
1,s0cl0,1767116794.519939000,137,,,,,LLDP,,,,,,,,
1,s0cl0,1767116797.618326000,137,,,,,LLDP,,,,,,,,
1,s0cl0,1767116797.618396000,137,,,,,LLDP,,,,,,,,
1,s0cl0,1767116800.718301000,137,,,,,LLDP,,,,,,,,
1,s0cl0,1767116800.718384000,137,,,,,LLDP,,,,,,,,
1,s0cl0,1767116803.818290000,137,,,,,LLDP,,,,,,,,
1,s0cl0,1767116803.818348000,137,,,,,LLDP,,,,,,,,
1,s0cl0,1767116806.918682000,137,,,,,LLDP,,,,,,,,
1,s0cl0,1767116806.922293000,137,,,,,LLDP,,,,,,,,
1,s0cl0,1767116810.018562000,137,,,,,LLDP,,,,,,,,
1,s0cl0,1767116810.018621000,137,,,,,LLDP,,,,,,,,
1,s0cl0,1767116813.118625000,137,,,,,LLDP,,,,,,,,
1,s0cl0,1767116813.118671000,137,,,,,LLDP,,,,,,,,
1,s0cl0,1767116816.218761000,137,,,,,LLDP,,,,,,,,
1,s0cl0,1767116816.218808000,137,,,,,LLDP,,,,,,,,
1,s0cl1,1767116698.419975000,137,,,,,LLDP,,,,,,,,
1,s0cl1,1767116698.420257000,137,,,,,LLDP,,,,,,,,
1,s0cl1,1767116699.178816000,70,,,fe80::90b7:58ff:fe95:77c7,ff02::2,ICMPv6,,,,,,,133,0
1,s0cl1,1767116699.219410000,42,,,,,ARP,,,,,,,,
1,s0cl1,1767116699.219435000,42,,,,,ARP,,,,,,,,
1,s0cl1,1767116701.520216000,137,,,,,LLDP,,,,,,,,
1,s0cl1,1767116701.520540000,137,,,,,LLDP,,,,,,,,
1,s0cl1,1767116704.554815000,70,,,fe80::ac09:f1ff:feaf:82bd,ff02::2,ICMPv6,,,,,,,133,0
1,s0cl1,1767116704.620881000,137,,,,,LLDP,,,,,,,,
1,s0cl1,1767116704.621730000,137,,,,,LLDP,,,,,,,,
1,s0cl1,1767116707.721843000,137,,,,,LLDP,,,,,,,,
1,s0cl1,1767116707.721934000,137,,,,,LLDP,,,,,,,,
1,s0cl1,1767116710.819939000,137,,,,,LLDP,,,,,,,,
1,s0cl1,1767116710.820346000,137,,,,,LLDP,,,,,,,,
1,s0cl1,1767116713.918972000,137,,,,,LLDP,,,,,,,,
1,s0cl1,1767116713.919464000,137,,,,,LLDP,,,,,,,,
1,s0cl1,1767116717.020080000,137,,,,,LLDP,,,,,,,,
1,s0cl1,1767116717.020250000,137,,,,,LLDP,,,,,,,,
1,s0cl1,1767116720.119967000,137,,,,,LLDP,,,,,,,,
1,s0cl1,1767116720.120070000,137,,,,,LLDP,,,,,,,,
1,s0cl1,1767116723.218985000,137,,,,,LLDP,,,,,,,,
1,s0cl1,1767116723.219079000,137,,,,,LLDP,,,,,,,,
1,s0cl1,1767116726.319469000,137,,,,,LLDP,,,,,,,,
1,s0cl1,1767116726.319856000,137,,,,,LLDP,,,,,,,,
1,s0cl1,1767116729.419467000,137,,,,,LLDP,,,,,,,,
1,s0cl1,1767116729.419645000,137,,,,,LLDP,,,,,,,,
1,s0cl1,1767116731.178791000,70,,,fe80::90b7:58ff:fe95:77c7,ff02::2,ICMPv6,,,,,,,133,0
1,s0cl1,1767116732.518571000,137,,,,,LLDP,,,,,,,,
1,s0cl1,1767116732.518803000,137,,,,,LLDP,,,,,,,,
1,s0cl1,1767116735.620164000,137,,,,,LLDP,,,,,,,,
1,s0cl1,1767116735.620252000,137,,,,,LLDP,,,,,,,,
1,s0cl1,1767116738.719965000,137,,,,,LLDP,,,,,,,,
1,s0cl1,1767116738.720601000,137,,,,,LLDP,,,,,,,,
1,s0cl1,1767116741.418810000,70,,,fe80::ac09:f1ff:feaf:82bd,ff02::2,ICMPv6,,,,,,,133,0
1,s0cl1,1767116741.819043000,137,,,,,LLDP,,,,,,,,
1,s0cl1,1767116741.819108000,137,,,,,LLDP,,,,,,,,
1,s0cl1,1767116744.919852000,137,,,,,LLDP,,,,,,,,
1,s0cl1,1767116744.920148000,137,,,,,LLDP,,,,,,,,
1,s0cl1,1767116748.019220000,137,,,,,LLDP,,,,,,,,
1,s0cl1,1767116748.019306000,137,,,,,LLDP,,,,,,,,
1,s0cl1,1767116751.119133000,137,,,,,LLDP,,,,,,,,
1,s0cl1,1767116751.119175000,137,,,,,LLDP,,,,,,,,
1,s0cl1,1767116754.218577000,137,,,,,LLDP,,,,,,,,
1,s0cl1,1767116754.218622000,137,,,,,LLDP,,,,,,,,
1,s0cl1,1767116757.320098000,137,,,,,LLDP,,,,,,,,
1,s0cl1,1767116757.320157000,137,,,,,LLDP,,,,,,,,
1,s0cl1,1767116760.418443000,137,,,,,LLDP,,,,,,,,
1,s0cl1,1767116760.418541000,137,,,,,LLDP,,,,,,,,
1,s0cl1,1767116763.518218000,137,,,,,LLDP,,,,,,,,
1,s0cl1,1767116763.518263000,137,,,,,LLDP,,,,,,,,
1,s0cl1,1767116766.619014000,137,,,,,LLDP,,,,,,,,
1,s0cl1,1767116766.619056000,137,,,,,LLDP,,,,,,,,
1,s0cl1,1767116769.718380000,137,,,,,LLDP,,,,,,,,
1,s0cl1,1767116769.718818000,137,,,,,LLDP,,,,,,,,
1,s0cl1,1767116772.818525000,137,,,,,LLDP,,,,,,,,
1,s0cl1,1767116772.818577000,137,,,,,LLDP,,,,,,,,
1,s0cl1,1767116775.919352000,137,,,,,LLDP,,,,,,,,
1,s0cl1,1767116775.919394000,137,,,,,LLDP,,,,,,,,
1,s0cl1,1767116779.018911000,137,,,,,LLDP,,,,,,,,
1,s0cl1,1767116779.018958000,137,,,,,LLDP,,,,,,,,
1,s0cl1,1767116782.118588000,137,,,,,LLDP,,,,,,,,
1,s0cl1,1767116782.118660000,137,,,,,LLDP,,,,,,,,
1,s0cl1,1767116785.219330000,137,,,,,LLDP,,,,,,,,
1,s0cl1,1767116785.219373000,137,,,,,LLDP,,,,,,,,
1,s0cl1,1767116788.318691000,137,,,,,LLDP,,,,,,,,
1,s0cl1,1767116788.318781000,137,,,,,LLDP,,,,,,,,
1,s0cl1,1767116791.419049000,137,,,,,LLDP,,,,,,,,
1,s0cl1,1767116791.419091000,137,,,,,LLDP,,,,,,,,
1,s0cl1,1767116792.618826000,70,,,fe80::90b7:58ff:fe95:77c7,ff02::2,ICMPv6,,,,,,,133,0
1,s0cl1,1767116794.520018000,137,,,,,LLDP,,,,,,,,
1,s0cl1,1767116794.520103000,137,,,,,LLDP,,,,,,,,
1,s0cl1,1767116797.618465000,137,,,,,LLDP,,,,,,,,
1,s0cl1,1767116797.618665000,137,,,,,LLDP,,,,,,,,
1,s0cl1,1767116800.718458000,137,,,,,LLDP,,,,,,,,
1,s0cl1,1767116800.718650000,137,,,,,LLDP,,,,,,,,
1,s0cl1,1767116803.818443000,137,,,,,LLDP,,,,,,,,
1,s0cl1,1767116803.818823000,137,,,,,LLDP,,,,,,,,
1,s0cl1,1767116806.922454000,137,,,,,LLDP,,,,,,,,
1,s0cl1,1767116806.922668000,137,,,,,LLDP,,,,,,,,
1,s0cl1,1767116810.018676000,137,,,,,LLDP,,,,,,,,
1,s0cl1,1767116810.018741000,137,,,,,LLDP,,,,,,,,
1,s0cl1,1767116813.118746000,137,,,,,LLDP,,,,,,,,
1,s0cl1,1767116813.118803000,137,,,,,LLDP,,,,,,,,
1,s0cl1,1767116815.146781000,70,,,fe80::ac09:f1ff:feaf:82bd,ff02::2,ICMPv6,,,,,,,133,0
1,s0cl1,1767116816.218870000,137,,,,,LLDP,,,,,,,,
1,s0cl1,1767116816.218913000,137,,,,,LLDP,,,,,,,,
1,s0cl2,1767116698.420377000,137,,,,,LLDP,,,,,,,,
1,s0cl2,1767116698.420671000,137,,,,,LLDP,,,,,,,,
1,s0cl2,1767116699.221217000,42,,,,,ARP,,,,,,,,
1,s0cl2,1767116699.221238000,42,,,,,ARP,,,,,,,,
1,s0cl2,1767116700.458813000,70,,,fe80::bc16:54ff:fef8:2086,ff02::2,ICMPv6,,,,,,,133,0
1,s0cl2,1767116701.520773000,137,,,,,LLDP,,,,,,,,
1,s0cl2,1767116701.521148000,137,,,,,LLDP,,,,,,,,
1,s0cl2,1767116704.554814000,70,,,fe80::60a2:26ff:fe10:200f,ff02::2,ICMPv6,,,,,,,133,0
1,s0cl2,1767116704.621781000,137,,,,,LLDP,,,,,,,,
1,s0cl2,1767116704.621869000,137,,,,,LLDP,,,,,,,,
1,s0cl2,1767116707.722022000,137,,,,,LLDP,,,,,,,,
1,s0cl2,1767116707.722599000,137,,,,,LLDP,,,,,,,,
1,s0cl2,1767116710.820802000,137,,,,,LLDP,,,,,,,,
1,s0cl2,1767116710.820968000,137,,,,,LLDP,,,,,,,,
1,s0cl2,1767116713.919647000,137,,,,,LLDP,,,,,,,,
1,s0cl2,1767116713.919900000,137,,,,,LLDP,,,,,,,,
1,s0cl2,1767116717.020803000,137,,,,,LLDP,,,,,,,,
1,s0cl2,1767116717.020889000,137,,,,,LLDP,,,,,,,,
1,s0cl2,1767116720.120403000,137,,,,,LLDP,,,,,,,,
1,s0cl2,1767116720.120546000,137,,,,,LLDP,,,,,,,,
1,s0cl2,1767116723.219157000,137,,,,,LLDP,,,,,,,,
1,s0cl2,1767116723.219464000,137,,,,,LLDP,,,,,,,,
1,s0cl2,1767116726.320062000,137,,,,,LLDP,,,,,,,,
1,s0cl2,1767116726.320480000,137,,,,,LLDP,,,,,,,,
1,s0cl2,1767116729.420083000,137,,,,,LLDP,,,,,,,,
1,s0cl2,1767116729.420162000,137,,,,,LLDP,,,,,,,,
1,s0cl2,1767116731.178812000,70,,,fe80::bc16:54ff:fef8:2086,ff02::2,ICMPv6,,,,,,,133,0
1,s0cl2,1767116732.518986000,137,,,,,LLDP,,,,,,,,
1,s0cl2,1767116732.519054000,137,,,,,LLDP,,,,,,,,
1,s0cl2,1767116735.620340000,137,,,,,LLDP,,,,,,,,
1,s0cl2,1767116735.620707000,137,,,,,LLDP,,,,,,,,
1,s0cl2,1767116738.720710000,137,,,,,LLDP,,,,,,,,
1,s0cl2,1767116738.720904000,137,,,,,LLDP,,,,,,,,
1,s0cl2,1767116739.370802000,70,,,fe80::60a2:26ff:fe10:200f,ff02::2,ICMPv6,,,,,,,133,0
1,s0cl2,1767116741.819182000,137,,,,,LLDP,,,,,,,,
1,s0cl2,1767116741.819356000,137,,,,,LLDP,,,,,,,,
1,s0cl2,1767116744.920199000,137,,,,,LLDP,,,,,,,,
1,s0cl2,1767116744.920243000,137,,,,,LLDP,,,,,,,,
1,s0cl2,1767116748.019392000,137,,,,,LLDP,,,,,,,,
1,s0cl2,1767116748.019509000,137,,,,,LLDP,,,,,,,,
1,s0cl2,1767116751.119216000,137,,,,,LLDP,,,,,,,,
1,s0cl2,1767116751.119460000,137,,,,,LLDP,,,,,,,,
1,s0cl2,1767116754.218829000,137,,,,,LLDP,,,,,,,,
1,s0cl2,1767116754.218903000,137,,,,,LLDP,,,,,,,,
1,s0cl2,1767116757.320199000,137,,,,,LLDP,,,,,,,,
1,s0cl2,1767116757.320404000,137,,,,,LLDP,,,,,,,,
1,s0cl2,1767116760.418776000,137,,,,,LLDP,,,,,,,,
1,s0cl2,1767116760.418975000,137,,,,,LLDP,,,,,,,,
1,s0cl2,1767116763.518532000,137,,,,,LLDP,,,,,,,,
1,s0cl2,1767116763.518579000,137,,,,,LLDP,,,,,,,,
1,s0cl2,1767116766.619096000,137,,,,,LLDP,,,,,,,,
1,s0cl2,1767116766.619143000,137,,,,,LLDP,,,,,,,,
1,s0cl2,1767116769.718913000,137,,,,,LLDP,,,,,,,,
1,s0cl2,1767116769.718974000,137,,,,,LLDP,,,,,,,,
1,s0cl2,1767116772.818797000,137,,,,,LLDP,,,,,,,,
1,s0cl2,1767116772.818854000,137,,,,,LLDP,,,,,,,,
1,s0cl2,1767116775.919434000,137,,,,,LLDP,,,,,,,,
1,s0cl2,1767116775.919491000,137,,,,,LLDP,,,,,,,,
1,s0cl2,1767116779.019021000,137,,,,,LLDP,,,,,,,,
1,s0cl2,1767116779.019063000,137,,,,,LLDP,,,,,,,,
1,s0cl2,1767116782.118873000,137,,,,,LLDP,,,,,,,,
1,s0cl2,1767116782.118952000,137,,,,,LLDP,,,,,,,,
1,s0cl2,1767116785.219600000,137,,,,,LLDP,,,,,,,,
1,s0cl2,1767116785.219647000,137,,,,,LLDP,,,,,,,,
1,s0cl2,1767116788.318825000,137,,,,,LLDP,,,,,,,,
1,s0cl2,1767116788.318926000,137,,,,,LLDP,,,,,,,,
1,s0cl2,1767116790.570799000,70,,,fe80::bc16:54ff:fef8:2086,ff02::2,ICMPv6,,,,,,,133,0
1,s0cl2,1767116791.419136000,137,,,,,LLDP,,,,,,,,
1,s0cl2,1767116791.419208000,137,,,,,LLDP,,,,,,,,
1,s0cl2,1767116794.520182000,137,,,,,LLDP,,,,,,,,
1,s0cl2,1767116794.520267000,137,,,,,LLDP,,,,,,,,
1,s0cl2,1767116797.618752000,137,,,,,LLDP,,,,,,,,
1,s0cl2,1767116797.619115000,137,,,,,LLDP,,,,,,,,
1,s0cl2,1767116800.718739000,137,,,,,LLDP,,,,,,,,
1,s0cl2,1767116800.718812000,137,,,,,LLDP,,,,,,,,
1,s0cl2,1767116803.818910000,137,,,,,LLDP,,,,,,,,
1,s0cl2,1767116803.819075000,137,,,,,LLDP,,,,,,,,
1,s0cl2,1767116806.922779000,137,,,,,LLDP,,,,,,,,
1,s0cl2,1767116806.922825000,137,,,,,LLDP,,,,,,,,
1,s0cl2,1767116810.018802000,137,,,,,LLDP,,,,,,,,
1,s0cl2,1767116810.018892000,137,,,,,LLDP,,,,,,,,
1,s0cl2,1767116811.050824000,70,,,fe80::60a2:26ff:fe10:200f,ff02::2,ICMPv6,,,,,,,133,0
1,s0cl2,1767116813.118843000,137,,,,,LLDP,,,,,,,,
1,s0cl2,1767116813.118884000,137,,,,,LLDP,,,,,,,,
1,s0cl2,1767116816.218990000,137,,,,,LLDP,,,,,,,,
1,s0cl2,1767116816.219171000,137,,,,,LLDP,,,,,,,,
1,s0ds0,1767116698.421101000,137,,,,,LLDP,,,,,,,,
1,s0ds0,1767116698.421176000,137,,,,,LLDP,,,,,,,,
1,s0ds0,1767116699.178801000,42,,,,,ARP,,,,,,,,
1,s0ds0,1767116699.178801000,42,,,,,ARP,,,,,,,,
1,s0ds0,1767116699.178801000,42,,,,,ARP,,,,,,,,
1,s0ds0,1767116699.178801000,42,,,,,ARP,,,,,,,,
1,s0ds0,1767116699.178812000,42,,,,,ARP,,,,,,,,
1,s0ds0,1767116699.178812000,42,,,,,ARP,,,,,,,,
1,s0ds0,1767116699.178815000,42,,,,,ARP,,,,,,,,
1,s0ds0,1767116699.178812000,42,,,,,ARP,,,,,,,,
1,s0ds0,1767116699.178815000,42,,,,,ARP,,,,,,,,
1,s0ds0,1767116699.178818000,42,,,,,ARP,,,,,,,,
1,s0ds0,1767116699.178815000,42,,,,,ARP,,,,,,,,
1,s0ds0,1767116699.223997000,42,,,,,ARP,,,,,,,,
1,s0ds0,1767116699.226123000,42,,,,,ARP,,,,,,,,
1,s0ds0,1767116699.229642000,42,,,,,ARP,,,,,,,,
1,s0ds0,1767116699.231631000,42,,,,,ARP,,,,,,,,
1,s0ds0,1767116699.231691000,42,,,,,ARP,,,,,,,,
1,s0ds0,1767116699.231741000,42,,,,,ARP,,,,,,,,
1,s0ds0,1767116699.231789000,42,,,,,ARP,,,,,,,,
1,s0ds0,1767116699.231909000,42,,,,,ARP,,,,,,,,
1,s0ds0,1767116699.232912000,42,,,,,ARP,,,,,,,,
1,s0ds0,1767116699.233006000,42,,,,,ARP,,,,,,,,
1,s0ds0,1767116699.233256000,42,,,,,ARP,,,,,,,,
1,s0ds0,1767116701.521360000,137,,,,,LLDP,,,,,,,,
1,s0ds0,1767116701.521811000,137,,,,,LLDP,,,,,,,,
1,s0ds0,1767116703.018841000,70,,,fe80::643e:3ff:feee:6c76,ff02::2,ICMPv6,,,,,,,133,0
1,s0ds0,1767116703.530796000,70,,,fe80::38a5:2aff:feb2:7628,ff02::2,ICMPv6,,,,,,,133,0
1,s0ds0,1767116704.622624000,137,,,,,LLDP,,,,,,,,
1,s0ds0,1767116704.622670000,137,,,,,LLDP,,,,,,,,
1,s0ds0,1767116707.722799000,137,,,,,LLDP,,,,,,,,
1,s0ds0,1767116707.723121000,137,,,,,LLDP,,,,,,,,
1,s0ds0,1767116710.821525000,137,,,,,LLDP,,,,,,,,
1,s0ds0,1767116710.821826000,137,,,,,LLDP,,,,,,,,
1,s0ds0,1767116713.920055000,137,,,,,LLDP,,,,,,,,
1,s0ds0,1767116713.920123000,137,,,,,LLDP,,,,,,,,
1,s0ds0,1767116717.020935000,137,,,,,LLDP,,,,,,,,
1,s0ds0,1767116717.020979000,137,,,,,LLDP,,,,,,,,
1,s0ds0,1767116720.120842000,137,,,,,LLDP,,,,,,,,
1,s0ds0,1767116720.120966000,137,,,,,LLDP,,,,,,,,
1,s0ds0,1767116720.938823000,70,,,fe80::643e:3ff:feee:6c76,ff02::2,ICMPv6,,,,,,,133,0
1,s0ds0,1767116722.986803000,70,,,fe80::38a5:2aff:feb2:7628,ff02::2,ICMPv6,,,,,,,133,0
1,s0ds0,1767116723.219597000,137,,,,,LLDP,,,,,,,,
1,s0ds0,1767116723.219772000,137,,,,,LLDP,,,,,,,,
1,s0ds0,1767116726.320889000,137,,,,,LLDP,,,,,,,,
1,s0ds0,1767116726.320980000,137,,,,,LLDP,,,,,,,,
1,s0ds0,1767116729.420329000,137,,,,,LLDP,,,,,,,,
1,s0ds0,1767116729.420598000,137,,,,,LLDP,,,,,,,,
1,s0ds0,1767116732.519471000,137,,,,,LLDP,,,,,,,,
1,s0ds0,1767116732.519585000,137,,,,,LLDP,,,,,,,,
1,s0ds0,1767116735.620848000,137,,,,,LLDP,,,,,,,,
1,s0ds0,1767116735.621203000,137,,,,,LLDP,,,,,,,,
1,s0ds0,1767116738.721232000,137,,,,,LLDP,,,,,,,,
1,s0ds0,1767116738.721318000,137,,,,,LLDP,,,,,,,,
1,s0ds0,1767116741.819427000,137,,,,,LLDP,,,,,,,,
1,s0ds0,1767116741.819642000,137,,,,,LLDP,,,,,,,,
1,s0ds0,1767116744.920463000,137,,,,,LLDP,,,,,,,,
1,s0ds0,1767116744.920674000,137,,,,,LLDP,,,,,,,,
1,s0ds0,1767116748.019587000,137,,,,,LLDP,,,,,,,,
1,s0ds0,1767116748.020030000,137,,,,,LLDP,,,,,,,,
1,s0ds0,1767116751.119524000,137,,,,,LLDP,,,,,,,,
1,s0ds0,1767116751.119772000,137,,,,,LLDP,,,,,,,,
1,s0ds0,1767116754.219112000,137,,,,,LLDP,,,,,,,,
1,s0ds0,1767116754.219303000,137,,,,,LLDP,,,,,,,,
1,s0ds0,1767116755.754827000,70,,,fe80::643e:3ff:feee:6c76,ff02::2,ICMPv6,,,,,,,133,0
1,s0ds0,1767116757.320725000,137,,,,,LLDP,,,,,,,,
1,s0ds0,1767116757.320801000,137,,,,,LLDP,,,,,,,,
1,s0ds0,1767116760.419359000,137,,,,,LLDP,,,,,,,,
1,s0ds0,1767116760.419456000,137,,,,,LLDP,,,,,,,,
1,s0ds0,1767116761.898814000,70,,,fe80::38a5:2aff:feb2:7628,ff02::2,ICMPv6,,,,,,,133,0
1,s0ds0,1767116763.518865000,137,,,,,LLDP,,,,,,,,
1,s0ds0,1767116763.518939000,137,,,,,LLDP,,,,,,,,
1,s0ds0,1767116766.619430000,137,,,,,LLDP,,,,,,,,
1,s0ds0,1767116766.619564000,137,,,,,LLDP,,,,,,,,
1,s0ds0,1767116769.719047000,137,,,,,LLDP,,,,,,,,
1,s0ds0,1767116769.719415000,137,,,,,LLDP,,,,,,,,
1,s0ds0,1767116772.819066000,137,,,,,LLDP,,,,,,,,
1,s0ds0,1767116772.819111000,137,,,,,LLDP,,,,,,,,
1,s0ds0,1767116775.919545000,137,,,,,LLDP,,,,,,,,
1,s0ds0,1767116775.919633000,137,,,,,LLDP,,,,,,,,
1,s0ds0,1767116779.019401000,137,,,,,LLDP,,,,,,,,
1,s0ds0,1767116779.019516000,137,,,,,LLDP,,,,,,,,
1,s0ds0,1767116782.119339000,137,,,,,LLDP,,,,,,,,
1,s0ds0,1767116782.119428000,137,,,,,LLDP,,,,,,,,
1,s0ds0,1767116785.219835000,137,,,,,LLDP,,,,,,,,
1,s0ds0,1767116785.219880000,137,,,,,LLDP,,,,,,,,
1,s0ds0,1767116788.318971000,137,,,,,LLDP,,,,,,,,
1,s0ds0,1767116788.319062000,137,,,,,LLDP,,,,,,,,
1,s0ds0,1767116791.419252000,137,,,,,LLDP,,,,,,,,
1,s0ds0,1767116791.419686000,137,,,,,LLDP,,,,,,,,
1,s0ds0,1767116794.520359000,137,,,,,LLDP,,,,,,,,
1,s0ds0,1767116794.520511000,137,,,,,LLDP,,,,,,,,
1,s0ds0,1767116797.619188000,137,,,,,LLDP,,,,,,,,
1,s0ds0,1767116797.619233000,137,,,,,LLDP,,,,,,,,
1,s0ds0,1767116800.718979000,137,,,,,LLDP,,,,,,,,
1,s0ds0,1767116800.719185000,137,,,,,LLDP,,,,,,,,
1,s0ds0,1767116803.819146000,137,,,,,LLDP,,,,,,,,
1,s0ds0,1767116803.819191000,137,,,,,LLDP,,,,,,,,
1,s0ds0,1767116806.923252000,137,,,,,LLDP,,,,,,,,
1,s0ds0,1767116806.923379000,137,,,,,LLDP,,,,,,,,
1,s0ds0,1767116810.019063000,137,,,,,LLDP,,,,,,,,
1,s0ds0,1767116810.019146000,137,,,,,LLDP,,,,,,,,
1,s0ds0,1767116813.118954000,137,,,,,LLDP,,,,,,,,
1,s0ds0,1767116813.118997000,137,,,,,LLDP,,,,,,,,
1,s0ds0,1767116816.219248000,137,,,,,LLDP,,,,,,,,
1,s0ds0,1767116816.219293000,137,,,,,LLDP,,,,,,,,
1,s1cl3,1767116698.320127000,137,,,,,LLDP,,,,,,,,
1,s1cl3,1767116698.320177000,137,,,,,LLDP,,,,,,,,
1,s1cl3,1767116699.221372000,42,,,,,ARP,,,,,,,,
1,s1cl3,1767116699.221394000,42,,,,,ARP,,,,,,,,
1,s1cl3,1767116701.419659000,137,,,,,LLDP,,,,,,,,
1,s1cl3,1767116701.419846000,137,,,,,LLDP,,,,,,,,
1,s1cl3,1767116704.520090000,137,,,,,LLDP,,,,,,,,
1,s1cl3,1767116704.520146000,137,,,,,LLDP,,,,,,,,
1,s1cl3,1767116706.602807000,70,,,fe80::706b:edff:fe1c:f08a,ff02::2,ICMPv6,,,,,,,133,0
1,s1cl3,1767116706.602830000,70,,,fe80::180f:fcff:fe57:cc47,ff02::2,ICMPv6,,,,,,,133,0
1,s1cl3,1767116707.620453000,137,,,,,LLDP,,,,,,,,
1,s1cl3,1767116707.620900000,137,,,,,LLDP,,,,,,,,
1,s1cl3,1767116710.719880000,137,,,,,LLDP,,,,,,,,
1,s1cl3,1767116710.719955000,137,,,,,LLDP,,,,,,,,
1,s1cl3,1767116713.820013000,137,,,,,LLDP,,,,,,,,
1,s1cl3,1767116713.820139000,137,,,,,LLDP,,,,,,,,
1,s1cl3,1767116716.919827000,137,,,,,LLDP,,,,,,,,
1,s1cl3,1767116716.919898000,137,,,,,LLDP,,,,,,,,
1,s1cl3,1767116720.019686000,137,,,,,LLDP,,,,,,,,
1,s1cl3,1767116720.019740000,137,,,,,LLDP,,,,,,,,
1,s1cl3,1767116723.119374000,137,,,,,LLDP,,,,,,,,
1,s1cl3,1767116723.119420000,137,,,,,LLDP,,,,,,,,
1,s1cl3,1767116726.219626000,137,,,,,LLDP,,,,,,,,
1,s1cl3,1767116726.219673000,137,,,,,LLDP,,,,,,,,
1,s1cl3,1767116729.319072000,137,,,,,LLDP,,,,,,,,
1,s1cl3,1767116729.319121000,137,,,,,LLDP,,,,,,,,
1,s1cl3,1767116732.419740000,137,,,,,LLDP,,,,,,,,
1,s1cl3,1767116732.419786000,137,,,,,LLDP,,,,,,,,
1,s1cl3,1767116735.519109000,137,,,,,LLDP,,,,,,,,
1,s1cl3,1767116735.519156000,137,,,,,LLDP,,,,,,,,
1,s1cl3,1767116738.619519000,137,,,,,LLDP,,,,,,,,
1,s1cl3,1767116738.619831000,137,,,,,LLDP,,,,,,,,
1,s1cl3,1767116741.418839000,70,,,fe80::706b:edff:fe1c:f08a,ff02::2,ICMPv6,,,,,,,133,0
1,s1cl3,1767116741.418812000,70,,,fe80::180f:fcff:fe57:cc47,ff02::2,ICMPv6,,,,,,,133,0
1,s1cl3,1767116741.719039000,137,,,,,LLDP,,,,,,,,
1,s1cl3,1767116741.719093000,137,,,,,LLDP,,,,,,,,
1,s1cl3,1767116744.819946000,137,,,,,LLDP,,,,,,,,
1,s1cl3,1767116744.819996000,137,,,,,LLDP,,,,,,,,
1,s1cl3,1767116747.919583000,137,,,,,LLDP,,,,,,,,
1,s1cl3,1767116747.919633000,137,,,,,LLDP,,,,,,,,
1,s1cl3,1767116751.019644000,137,,,,,LLDP,,,,,,,,
1,s1cl3,1767116751.019690000,137,,,,,LLDP,,,,,,,,
1,s1cl3,1767116754.119335000,137,,,,,LLDP,,,,,,,,
1,s1cl3,1767116754.119394000,137,,,,,LLDP,,,,,,,,
1,s1cl3,1767116757.219315000,137,,,,,LLDP,,,,,,,,
1,s1cl3,1767116757.219371000,137,,,,,LLDP,,,,,,,,
1,s1cl3,1767116760.318685000,137,,,,,LLDP,,,,,,,,
1,s1cl3,1767116760.318810000,137,,,,,LLDP,,,,,,,,
1,s1cl3,1767116763.418934000,137,,,,,LLDP,,,,,,,,
1,s1cl3,1767116763.418983000,137,,,,,LLDP,,,,,,,,
1,s1cl3,1767116766.518574000,137,,,,,LLDP,,,,,,,,
1,s1cl3,1767116766.518620000,137,,,,,LLDP,,,,,,,,
1,s1cl3,1767116769.618556000,137,,,,,LLDP,,,,,,,,
1,s1cl3,1767116769.618603000,137,,,,,LLDP,,,,,,,,
1,s1cl3,1767116772.719575000,137,,,,,LLDP,,,,,,,,
1,s1cl3,1767116772.719667000,137,,,,,LLDP,,,,,,,,
1,s1cl3,1767116775.819625000,137,,,,,LLDP,,,,,,,,
1,s1cl3,1767116775.819682000,137,,,,,LLDP,,,,,,,,
1,s1cl3,1767116778.919317000,137,,,,,LLDP,,,,,,,,
1,s1cl3,1767116778.919363000,137,,,,,LLDP,,,,,,,,
1,s1cl3,1767116782.019209000,137,,,,,LLDP,,,,,,,,
1,s1cl3,1767116782.019306000,137,,,,,LLDP,,,,,,,,
1,s1cl3,1767116785.119378000,137,,,,,LLDP,,,,,,,,
1,s1cl3,1767116785.119436000,137,,,,,LLDP,,,,,,,,
1,s1cl3,1767116788.219740000,137,,,,,LLDP,,,,,,,,
1,s1cl3,1767116788.219806000,137,,,,,LLDP,,,,,,,,
1,s1cl3,1767116791.318564000,137,,,,,LLDP,,,,,,,,
1,s1cl3,1767116791.318622000,137,,,,,LLDP,,,,,,,,
1,s1cl3,1767116794.419491000,137,,,,,LLDP,,,,,,,,
1,s1cl3,1767116794.419541000,137,,,,,LLDP,,,,,,,,
1,s1cl3,1767116797.518962000,137,,,,,LLDP,,,,,,,,
1,s1cl3,1767116797.519008000,137,,,,,LLDP,,,,,,,,
1,s1cl3,1767116800.619073000,137,,,,,LLDP,,,,,,,,
1,s1cl3,1767116800.619120000,137,,,,,LLDP,,,,,,,,
1,s1cl3,1767116803.718857000,137,,,,,LLDP,,,,,,,,
1,s1cl3,1767116803.718905000,137,,,,,LLDP,,,,,,,,
1,s1cl3,1767116806.818564000,137,,,,,LLDP,,,,,,,,
1,s1cl3,1767116806.818613000,137,,,,,LLDP,,,,,,,,
1,s1cl3,1767116806.954832000,70,,,fe80::706b:edff:fe1c:f08a,ff02::2,ICMPv6,,,,,,,133,0
1,s1cl3,1767116809.918557000,137,,,,,LLDP,,,,,,,,
1,s1cl3,1767116809.918649000,137,,,,,LLDP,,,,,,,,
1,s1cl3,1767116811.050826000,70,,,fe80::180f:fcff:fe57:cc47,ff02::2,ICMPv6,,,,,,,133,0
1,s1cl3,1767116813.018616000,137,,,,,LLDP,,,,,,,,
1,s1cl3,1767116813.018662000,137,,,,,LLDP,,,,,,,,
1,s1cl3,1767116816.118798000,137,,,,,LLDP,,,,,,,,
1,s1cl3,1767116816.118847000,137,,,,,LLDP,,,,,,,,
1,s1cl4,1767116698.320817000,137,,,,,LLDP,,,,,,,,
1,s1cl4,1767116698.321322000,137,,,,,LLDP,,,,,,,,
1,s1cl4,1767116699.223117000,42,,,,,ARP,,,,,,,,
1,s1cl4,1767116699.223136000,42,,,,,ARP,,,,,,,,
1,s1cl4,1767116701.420252000,137,,,,,LLDP,,,,,,,,
1,s1cl4,1767116701.420421000,137,,,,,LLDP,,,,,,,,
1,s1cl4,1767116704.520564000,137,,,,,LLDP,,,,,,,,
1,s1cl4,1767116704.520628000,137,,,,,LLDP,,,,,,,,
1,s1cl4,1767116707.621254000,137,,,,,LLDP,,,,,,,,
1,s1cl4,1767116707.621347000,137,,,,,LLDP,,,,,,,,
1,s1cl4,1767116708.650815000,70,,,fe80::e088:4bff:feb3:7fd0,ff02::2,ICMPv6,,,,,,,133,0
1,s1cl4,1767116708.650840000,70,,,fe80::10cc:eff:fe23:fa35,ff02::2,ICMPv6,,,,,,,133,0
1,s1cl4,1767116710.720641000,137,,,,,LLDP,,,,,,,,
1,s1cl4,1767116710.720858000,137,,,,,LLDP,,,,,,,,
1,s1cl4,1767116713.820650000,137,,,,,LLDP,,,,,,,,
1,s1cl4,1767116713.820864000,137,,,,,LLDP,,,,,,,,
1,s1cl4,1767116716.920295000,137,,,,,LLDP,,,,,,,,
1,s1cl4,1767116716.920597000,137,,,,,LLDP,,,,,,,,
1,s1cl4,1767116720.019797000,137,,,,,LLDP,,,,,,,,
1,s1cl4,1767116720.020251000,137,,,,,LLDP,,,,,,,,
1,s1cl4,1767116723.119643000,137,,,,,LLDP,,,,,,,,
1,s1cl4,1767116723.119690000,137,,,,,LLDP,,,,,,,,
1,s1cl4,1767116726.220234000,137,,,,,LLDP,,,,,,,,
1,s1cl4,1767116726.220283000,137,,,,,LLDP,,,,,,,,
1,s1cl4,1767116729.319163000,137,,,,,LLDP,,,,,,,,
1,s1cl4,1767116729.319345000,137,,,,,LLDP,,,,,,,,
1,s1cl4,1767116732.419865000,137,,,,,LLDP,,,,,,,,
1,s1cl4,1767116732.420036000,137,,,,,LLDP,,,,,,,,
1,s1cl4,1767116735.519200000,137,,,,,LLDP,,,,,,,,
1,s1cl4,1767116735.519304000,137,,,,,LLDP,,,,,,,,
1,s1cl4,1767116738.619913000,137,,,,,LLDP,,,,,,,,
1,s1cl4,1767116738.619960000,137,,,,,LLDP,,,,,,,,
1,s1cl4,1767116741.719151000,137,,,,,LLDP,,,,,,,,
1,s1cl4,1767116741.719225000,137,,,,,LLDP,,,,,,,,
1,s1cl4,1767116743.466814000,70,,,fe80::e088:4bff:feb3:7fd0,ff02::2,ICMPv6,,,,,,,133,0
1,s1cl4,1767116743.466802000,70,,,fe80::10cc:eff:fe23:fa35,ff02::2,ICMPv6,,,,,,,133,0
1,s1cl4,1767116744.820039000,137,,,,,LLDP,,,,,,,,
1,s1cl4,1767116744.820083000,137,,,,,LLDP,,,,,,,,
1,s1cl4,1767116747.919685000,137,,,,,LLDP,,,,,,,,
1,s1cl4,1767116747.919734000,137,,,,,LLDP,,,,,,,,
1,s1cl4,1767116751.019743000,137,,,,,LLDP,,,,,,,,
1,s1cl4,1767116751.019799000,137,,,,,LLDP,,,,,,,,
1,s1cl4,1767116754.119434000,137,,,,,LLDP,,,,,,,,
1,s1cl4,1767116754.119491000,137,,,,,LLDP,,,,,,,,
1,s1cl4,1767116757.219459000,137,,,,,LLDP,,,,,,,,
1,s1cl4,1767116757.219529000,137,,,,,LLDP,,,,,,,,
1,s1cl4,1767116760.318905000,137,,,,,LLDP,,,,,,,,
1,s1cl4,1767116760.319102000,137,,,,,LLDP,,,,,,,,
1,s1cl4,1767116763.419040000,137,,,,,LLDP,,,,,,,,
1,s1cl4,1767116763.419128000,137,,,,,LLDP,,,,,,,,
1,s1cl4,1767116766.518832000,137,,,,,LLDP,,,,,,,,
1,s1cl4,1767116766.518881000,137,,,,,LLDP,,,,,,,,
1,s1cl4,1767116769.618761000,137,,,,,LLDP,,,,,,,,
1,s1cl4,1767116769.619407000,137,,,,,LLDP,,,,,,,,
1,s1cl4,1767116772.719738000,137,,,,,LLDP,,,,,,,,
1,s1cl4,1767116772.719811000,137,,,,,LLDP,,,,,,,,
1,s1cl4,1767116775.819724000,137,,,,,LLDP,,,,,,,,
1,s1cl4,1767116775.819768000,137,,,,,LLDP,,,,,,,,
1,s1cl4,1767116778.919469000,137,,,,,LLDP,,,,,,,,
1,s1cl4,1767116778.919638000,137,,,,,LLDP,,,,,,,,
1,s1cl4,1767116782.019378000,137,,,,,LLDP,,,,,,,,
1,s1cl4,1767116782.019434000,137,,,,,LLDP,,,,,,,,
1,s1cl4,1767116785.119511000,137,,,,,LLDP,,,,,,,,
1,s1cl4,1767116785.119557000,137,,,,,LLDP,,,,,,,,
1,s1cl4,1767116788.219849000,137,,,,,LLDP,,,,,,,,
1,s1cl4,1767116788.219891000,137,,,,,LLDP,,,,,,,,
1,s1cl4,1767116791.318663000,137,,,,,LLDP,,,,,,,,
1,s1cl4,1767116791.318704000,137,,,,,LLDP,,,,,,,,
1,s1cl4,1767116794.419585000,137,,,,,LLDP,,,,,,,,
1,s1cl4,1767116794.419672000,137,,,,,LLDP,,,,,,,,
1,s1cl4,1767116797.519048000,137,,,,,LLDP,,,,,,,,
1,s1cl4,1767116797.519261000,137,,,,,LLDP,,,,,,,,
1,s1cl4,1767116800.619209000,137,,,,,LLDP,,,,,,,,
1,s1cl4,1767116800.619405000,137,,,,,LLDP,,,,,,,,
1,s1cl4,1767116803.718998000,137,,,,,LLDP,,,,,,,,
1,s1cl4,1767116803.719198000,137,,,,,LLDP,,,,,,,,
1,s1cl4,1767116806.818655000,137,,,,,LLDP,,,,,,,,
1,s1cl4,1767116806.818780000,137,,,,,LLDP,,,,,,,,
1,s1cl4,1767116809.002832000,70,,,fe80::10cc:eff:fe23:fa35,ff02::2,ICMPv6,,,,,,,133,0
1,s1cl4,1767116809.918693000,137,,,,,LLDP,,,,,,,,
1,s1cl4,1767116809.918774000,137,,,,,LLDP,,,,,,,,
1,s1cl4,1767116813.018743000,137,,,,,LLDP,,,,,,,,
1,s1cl4,1767116813.018792000,137,,,,,LLDP,,,,,,,,
1,s1cl4,1767116813.098813000,70,,,fe80::e088:4bff:feb3:7fd0,ff02::2,ICMPv6,,,,,,,133,0
1,s1cl4,1767116816.118890000,137,,,,,LLDP,,,,,,,,
1,s1cl4,1767116816.118945000,137,,,,,LLDP,,,,,,,,
1,s1cl5,1767116698.321863000,137,,,,,LLDP,,,,,,,,
1,s1cl5,1767116698.322264000,137,,,,,LLDP,,,,,,,,
1,s1cl5,1767116699.224574000,42,,,,,ARP,,,,,,,,
1,s1cl5,1767116699.224592000,42,,,,,ARP,,,,,,,,
1,s1cl5,1767116701.420619000,137,,,,,LLDP,,,,,,,,
1,s1cl5,1767116701.421001000,137,,,,,LLDP,,,,,,,,
1,s1cl5,1767116704.521002000,137,,,,,LLDP,,,,,,,,
1,s1cl5,1767116704.521075000,137,,,,,LLDP,,,,,,,,
1,s1cl5,1767116705.834778000,70,,,fe80::90ff:baff:fea1:b62e,ff02::2,ICMPv6,,,,,,,133,0
1,s1cl5,1767116707.621709000,137,,,,,LLDP,,,,,,,,
1,s1cl5,1767116707.622033000,137,,,,,LLDP,,,,,,,,
1,s1cl5,1767116708.650815000,70,,,fe80::a077:6aff:fec2:f601,ff02::2,ICMPv6,,,,,,,133,0
1,s1cl5,1767116710.721345000,137,,,,,LLDP,,,,,,,,
1,s1cl5,1767116710.721658000,137,,,,,LLDP,,,,,,,,
1,s1cl5,1767116713.820913000,137,,,,,LLDP,,,,,,,,
1,s1cl5,1767116713.821333000,137,,,,,LLDP,,,,,,,,
1,s1cl5,1767116716.920950000,137,,,,,LLDP,,,,,,,,
1,s1cl5,1767116716.921042000,137,,,,,LLDP,,,,,,,,
1,s1cl5,1767116720.020303000,137,,,,,LLDP,,,,,,,,
1,s1cl5,1767116720.020471000,137,,,,,LLDP,,,,,,,,
1,s1cl5,1767116723.120084000,137,,,,,LLDP,,,,,,,,
1,s1cl5,1767116723.120135000,137,,,,,LLDP,,,,,,,,
1,s1cl5,1767116726.220744000,137,,,,,LLDP,,,,,,,,
1,s1cl5,1767116726.221175000,137,,,,,LLDP,,,,,,,,
1,s1cl5,1767116729.319683000,137,,,,,LLDP,,,,,,,,
1,s1cl5,1767116729.319734000,137,,,,,LLDP,,,,,,,,
1,s1cl5,1767116732.420105000,137,,,,,LLDP,,,,,,,,
1,s1cl5,1767116732.420344000,137,,,,,LLDP,,,,,,,,
1,s1cl5,1767116735.519775000,137,,,,,LLDP,,,,,,,,
1,s1cl5,1767116735.519863000,137,,,,,LLDP,,,,,,,,
1,s1cl5,1767116737.322819000,70,,,fe80::90ff:baff:fea1:b62e,ff02::2,ICMPv6,,,,,,,133,0
1,s1cl5,1767116738.620158000,137,,,,,LLDP,,,,,,,,
1,s1cl5,1767116738.620615000,137,,,,,LLDP,,,,,,,,
1,s1cl5,1767116741.418810000,70,,,fe80::a077:6aff:fec2:f601,ff02::2,ICMPv6,,,,,,,133,0
1,s1cl5,1767116741.719437000,137,,,,,LLDP,,,,,,,,
1,s1cl5,1767116741.719689000,137,,,,,LLDP,,,,,,,,
1,s1cl5,1767116744.820124000,137,,,,,LLDP,,,,,,,,
1,s1cl5,1767116744.820168000,137,,,,,LLDP,,,,,,,,
1,s1cl5,1767116747.919773000,137,,,,,LLDP,,,,,,,,
1,s1cl5,1767116747.919841000,137,,,,,LLDP,,,,,,,,
1,s1cl5,1767116751.019840000,137,,,,,LLDP,,,,,,,,
1,s1cl5,1767116751.020017000,137,,,,,LLDP,,,,,,,,
1,s1cl5,1767116754.119535000,137,,,,,LLDP,,,,,,,,
1,s1cl5,1767116754.119589000,137,,,,,LLDP,,,,,,,,
1,s1cl5,1767116757.219939000,137,,,,,LLDP,,,,,,,,
1,s1cl5,1767116757.220026000,137,,,,,LLDP,,,,,,,,
1,s1cl5,1767116760.319181000,137,,,,,LLDP,,,,,,,,
1,s1cl5,1767116760.319348000,137,,,,,LLDP,,,,,,,,
1,s1cl5,1767116763.419172000,137,,,,,LLDP,,,,,,,,
1,s1cl5,1767116763.419377000,137,,,,,LLDP,,,,,,,,
1,s1cl5,1767116766.518923000,137,,,,,LLDP,,,,,,,,
1,s1cl5,1767116766.519107000,137,,,,,LLDP,,,,,,,,
1,s1cl5,1767116769.619493000,137,,,,,LLDP,,,,,,,,
1,s1cl5,1767116769.619556000,137,,,,,LLDP,,,,,,,,
1,s1cl5,1767116772.719898000,137,,,,,LLDP,,,,,,,,
1,s1cl5,1767116772.719966000,137,,,,,LLDP,,,,,,,,
1,s1cl5,1767116775.819808000,137,,,,,LLDP,,,,,,,,
1,s1cl5,1767116775.819850000,137,,,,,LLDP,,,,,,,,
1,s1cl5,1767116778.919684000,137,,,,,LLDP,,,,,,,,
1,s1cl5,1767116778.919762000,137,,,,,LLDP,,,,,,,,
1,s1cl5,1767116782.019499000,137,,,,,LLDP,,,,,,,,
1,s1cl5,1767116782.019545000,137,,,,,LLDP,,,,,,,,
1,s1cl5,1767116785.119765000,137,,,,,LLDP,,,,,,,,
1,s1cl5,1767116785.119812000,137,,,,,LLDP,,,,,,,,
1,s1cl5,1767116788.219931000,137,,,,,LLDP,,,,,,,,
1,s1cl5,1767116788.219973000,137,,,,,LLDP,,,,,,,,
1,s1cl5,1767116791.318803000,137,,,,,LLDP,,,,,,,,
1,s1cl5,1767116791.318847000,137,,,,,LLDP,,,,,,,,
1,s1cl5,1767116794.420083000,137,,,,,LLDP,,,,,,,,
1,s1cl5,1767116794.420140000,137,,,,,LLDP,,,,,,,,
1,s1cl5,1767116797.519416000,137,,,,,LLDP,,,,,,,,
1,s1cl5,1767116797.519594000,137,,,,,LLDP,,,,,,,,
1,s1cl5,1767116798.762816000,70,,,fe80::90ff:baff:fea1:b62e,ff02::2,ICMPv6,,,,,,,133,0
1,s1cl5,1767116800.619491000,137,,,,,LLDP,,,,,,,,
1,s1cl5,1767116800.619903000,137,,,,,LLDP,,,,,,,,
1,s1cl5,1767116803.719264000,137,,,,,LLDP,,,,,,,,
1,s1cl5,1767116803.719310000,137,,,,,LLDP,,,,,,,,
1,s1cl5,1767116804.906802000,70,,,fe80::a077:6aff:fec2:f601,ff02::2,ICMPv6,,,,,,,133,0
1,s1cl5,1767116806.818825000,137,,,,,LLDP,,,,,,,,
1,s1cl5,1767116806.818896000,137,,,,,LLDP,,,,,,,,
1,s1cl5,1767116809.918825000,137,,,,,LLDP,,,,,,,,
1,s1cl5,1767116809.918873000,137,,,,,LLDP,,,,,,,,
1,s1cl5,1767116813.018833000,137,,,,,LLDP,,,,,,,,
1,s1cl5,1767116813.018873000,137,,,,,LLDP,,,,,,,,
1,s1cl5,1767116816.118998000,137,,,,,LLDP,,,,,,,,
1,s1cl5,1767116816.119041000,137,,,,,LLDP,,,,,,,,
1,s1cl6,1767116698.322641000,137,,,,,LLDP,,,,,,,,
1,s1cl6,1767116698.323029000,137,,,,,LLDP,,,,,,,,
1,s1cl6,1767116699.221905000,42,,,,,ARP,,,,,,,,
1,s1cl6,1767116699.221920000,42,,,,,ARP,,,,,,,,
1,s1cl6,1767116701.421197000,137,,,,,LLDP,,,,,,,,
1,s1cl6,1767116701.421244000,137,,,,,LLDP,,,,,,,,
1,s1cl6,1767116704.521684000,137,,,,,LLDP,,,,,,,,
1,s1cl6,1767116704.521739000,137,,,,,LLDP,,,,,,,,
1,s1cl6,1767116707.622470000,137,,,,,LLDP,,,,,,,,
1,s1cl6,1767116707.622895000,137,,,,,LLDP,,,,,,,,
1,s1cl6,1767116709.162801000,70,,,fe80::1c81:8aff:fe6b:594c,ff02::2,ICMPv6,,,,,,,133,0
1,s1cl6,1767116710.722102000,137,,,,,LLDP,,,,,,,,
1,s1cl6,1767116710.722461000,137,,,,,LLDP,,,,,,,,
1,s1cl6,1767116712.750846000,70,,,fe80::e014:4bff:feb2:188f,ff02::2,ICMPv6,,,,,,,133,0
1,s1cl6,1767116713.821386000,137,,,,,LLDP,,,,,,,,
1,s1cl6,1767116713.821840000,137,,,,,LLDP,,,,,,,,
1,s1cl6,1767116716.921163000,137,,,,,LLDP,,,,,,,,
1,s1cl6,1767116716.921465000,137,,,,,LLDP,,,,,,,,
1,s1cl6,1767116720.020918000,137,,,,,LLDP,,,,,,,,
1,s1cl6,1767116720.020970000,137,,,,,LLDP,,,,,,,,
1,s1cl6,1767116723.120335000,137,,,,,LLDP,,,,,,,,
1,s1cl6,1767116723.120775000,137,,,,,LLDP,,,,,,,,
1,s1cl6,1767116726.221416000,137,,,,,LLDP,,,,,,,,
1,s1cl6,1767116726.221781000,137,,,,,LLDP,,,,,,,,
1,s1cl6,1767116729.319897000,137,,,,,LLDP,,,,,,,,
1,s1cl6,1767116729.320377000,137,,,,,LLDP,,,,,,,,
1,s1cl6,1767116732.420555000,137,,,,,LLDP,,,,,,,,
1,s1cl6,1767116732.420717000,137,,,,,LLDP,,,,,,,,
1,s1cl6,1767116735.520036000,137,,,,,LLDP,,,,,,,,
1,s1cl6,1767116735.520199000,137,,,,,LLDP,,,,,,,,
1,s1cl6,1767116738.620697000,137,,,,,LLDP,,,,,,,,
1,s1cl6,1767116738.621162000,137,,,,,LLDP,,,,,,,,
1,s1cl6,1767116739.370802000,70,,,fe80::1c81:8aff:fe6b:594c,ff02::2,ICMPv6,,,,,,,133,0
1,s1cl6,1767116741.719734000,137,,,,,LLDP,,,,,,,,
1,s1cl6,1767116741.719975000,137,,,,,LLDP,,,,,,,,
1,s1cl6,1767116744.820217000,137,,,,,LLDP,,,,,,,,
1,s1cl6,1767116744.820433000,137,,,,,LLDP,,,,,,,,
1,s1cl6,1767116747.920164000,137,,,,,LLDP,,,,,,,,
1,s1cl6,1767116747.920246000,137,,,,,LLDP,,,,,,,,
1,s1cl6,1767116749.610805000,70,,,fe80::e014:4bff:feb2:188f,ff02::2,ICMPv6,,,,,,,133,0
1,s1cl6,1767116751.020551000,137,,,,,LLDP,,,,,,,,
1,s1cl6,1767116751.020646000,137,,,,,LLDP,,,,,,,,
1,s1cl6,1767116754.119630000,137,,,,,LLDP,,,,,,,,
1,s1cl6,1767116754.119813000,137,,,,,LLDP,,,,,,,,
1,s1cl6,1767116757.220071000,137,,,,,LLDP,,,,,,,,
1,s1cl6,1767116757.220460000,137,,,,,LLDP,,,,,,,,
1,s1cl6,1767116760.319416000,137,,,,,LLDP,,,,,,,,
1,s1cl6,1767116760.319624000,137,,,,,LLDP,,,,,,,,
1,s1cl6,1767116763.419428000,137,,,,,LLDP,,,,,,,,
1,s1cl6,1767116763.419640000,137,,,,,LLDP,,,,,,,,
1,s1cl6,1767116766.519152000,137,,,,,LLDP,,,,,,,,
1,s1cl6,1767116766.519328000,137,,,,,LLDP,,,,,,,,
1,s1cl6,1767116769.619603000,137,,,,,LLDP,,,,,,,,
1,s1cl6,1767116769.619643000,137,,,,,LLDP,,,,,,,,
1,s1cl6,1767116772.720032000,137,,,,,LLDP,,,,,,,,
1,s1cl6,1767116772.720100000,137,,,,,LLDP,,,,,,,,
1,s1cl6,1767116775.819954000,137,,,,,LLDP,,,,,,,,
1,s1cl6,1767116775.820000000,137,,,,,LLDP,,,,,,,,
1,s1cl6,1767116778.919931000,137,,,,,LLDP,,,,,,,,
1,s1cl6,1767116778.920123000,137,,,,,LLDP,,,,,,,,
1,s1cl6,1767116782.019782000,137,,,,,LLDP,,,,,,,,
1,s1cl6,1767116782.019830000,137,,,,,LLDP,,,,,,,,
1,s1cl6,1767116785.119996000,137,,,,,LLDP,,,,,,,,
1,s1cl6,1767116785.120042000,137,,,,,LLDP,,,,,,,,
1,s1cl6,1767116788.220013000,137,,,,,LLDP,,,,,,,,
1,s1cl6,1767116788.220054000,137,,,,,LLDP,,,,,,,,
1,s1cl6,1767116791.318941000,137,,,,,LLDP,,,,,,,,
1,s1cl6,1767116791.319393000,137,,,,,LLDP,,,,,,,,
1,s1cl6,1767116794.420183000,137,,,,,LLDP,,,,,,,,
1,s1cl6,1767116794.420225000,137,,,,,LLDP,,,,,,,,
1,s1cl6,1767116797.519661000,137,,,,,LLDP,,,,,,,,
1,s1cl6,1767116797.519812000,137,,,,,LLDP,,,,,,,,
1,s1cl6,1767116800.619952000,137,,,,,LLDP,,,,,,,,
1,s1cl6,1767116800.620029000,137,,,,,LLDP,,,,,,,,
1,s1cl6,1767116802.858822000,70,,,fe80::1c81:8aff:fe6b:594c,ff02::2,ICMPv6,,,,,,,133,0
1,s1cl6,1767116803.719547000,137,,,,,LLDP,,,,,,,,
1,s1cl6,1767116803.719595000,137,,,,,LLDP,,,,,,,,
1,s1cl6,1767116806.819084000,137,,,,,LLDP,,,,,,,,
1,s1cl6,1767116806.819171000,137,,,,,LLDP,,,,,,,,
1,s1cl6,1767116809.919060000,137,,,,,LLDP,,,,,,,,
1,s1cl6,1767116809.919135000,137,,,,,LLDP,,,,,,,,
1,s1cl6,1767116813.018912000,137,,,,,LLDP,,,,,,,,
1,s1cl6,1767116813.018983000,137,,,,,LLDP,,,,,,,,
1,s1cl6,1767116816.119126000,137,,,,,LLDP,,,,,,,,
1,s1cl6,1767116816.119325000,137,,,,,LLDP,,,,,,,,
1,s1cl7,1767116698.323245000,137,,,,,LLDP,,,,,,,,
1,s1cl7,1767116698.323654000,137,,,,,LLDP,,,,,,,,
1,s1cl7,1767116699.222062000,42,,,,,ARP,,,,,,,,
1,s1cl7,1767116699.222076000,42,,,,,ARP,,,,,,,,
1,s1cl7,1767116701.421654000,137,,,,,LLDP,,,,,,,,
1,s1cl7,1767116701.421890000,137,,,,,LLDP,,,,,,,,
1,s1cl7,1767116704.521972000,137,,,,,LLDP,,,,,,,,
1,s1cl7,1767116704.522431000,137,,,,,LLDP,,,,,,,,
1,s1cl7,1767116707.623401000,137,,,,,LLDP,,,,,,,,
1,s1cl7,1767116707.623492000,137,,,,,LLDP,,,,,,,,
1,s1cl7,1767116709.418792000,70,,,fe80::840f:6aff:fefe:99fc,ff02::2,ICMPv6,,,,,,,133,0
1,s1cl7,1767116710.722841000,137,,,,,LLDP,,,,,,,,
1,s1cl7,1767116710.723334000,137,,,,,LLDP,,,,,,,,
1,s1cl7,1767116712.750846000,70,,,fe80::e856:68ff:feb8:bd52,ff02::2,ICMPv6,,,,,,,133,0
1,s1cl7,1767116713.821933000,137,,,,,LLDP,,,,,,,,
1,s1cl7,1767116713.822121000,137,,,,,LLDP,,,,,,,,
1,s1cl7,1767116716.921606000,137,,,,,LLDP,,,,,,,,
1,s1cl7,1767116716.921898000,137,,,,,LLDP,,,,,,,,
1,s1cl7,1767116720.021346000,137,,,,,LLDP,,,,,,,,
1,s1cl7,1767116720.021398000,137,,,,,LLDP,,,,,,,,
1,s1cl7,1767116723.120838000,137,,,,,LLDP,,,,,,,,
1,s1cl7,1767116723.121025000,137,,,,,LLDP,,,,,,,,
1,s1cl7,1767116726.222128000,137,,,,,LLDP,,,,,,,,
1,s1cl7,1767116726.222309000,137,,,,,LLDP,,,,,,,,
1,s1cl7,1767116729.320440000,137,,,,,LLDP,,,,,,,,
1,s1cl7,1767116729.320653000,137,,,,,LLDP,,,,,,,,
1,s1cl7,1767116732.420785000,137,,,,,LLDP,,,,,,,,
1,s1cl7,1767116732.421092000,137,,,,,LLDP,,,,,,,,
1,s1cl7,1767116735.520271000,137,,,,,LLDP,,,,,,,,
1,s1cl7,1767116735.520676000,137,,,,,LLDP,,,,,,,,
1,s1cl7,1767116738.621640000,137,,,,,LLDP,,,,,,,,
1,s1cl7,1767116738.621686000,137,,,,,LLDP,,,,,,,,
1,s1cl7,1767116739.370802000,70,,,fe80::840f:6aff:fefe:99fc,ff02::2,ICMPv6,,,,,,,133,0
1,s1cl7,1767116741.720048000,137,,,,,LLDP,,,,,,,,
1,s1cl7,1767116741.720283000,137,,,,,LLDP,,,,,,,,
1,s1cl7,1767116744.820493000,137,,,,,LLDP,,,,,,,,
1,s1cl7,1767116744.820731000,137,,,,,LLDP,,,,,,,,
1,s1cl7,1767116745.514820000,70,,,fe80::e856:68ff:feb8:bd52,ff02::2,ICMPv6,,,,,,,133,0
1,s1cl7,1767116747.920411000,137,,,,,LLDP,,,,,,,,
1,s1cl7,1767116747.920513000,137,,,,,LLDP,,,,,,,,
1,s1cl7,1767116751.020737000,137,,,,,LLDP,,,,,,,,
1,s1cl7,1767116751.020799000,137,,,,,LLDP,,,,,,,,
1,s1cl7,1767116754.119861000,137,,,,,LLDP,,,,,,,,
1,s1cl7,1767116754.120112000,137,,,,,LLDP,,,,,,,,
1,s1cl7,1767116757.220617000,137,,,,,LLDP,,,,,,,,
1,s1cl7,1767116757.220689000,137,,,,,LLDP,,,,,,,,
1,s1cl7,1767116760.320116000,137,,,,,LLDP,,,,,,,,
1,s1cl7,1767116760.320214000,137,,,,,LLDP,,,,,,,,
1,s1cl7,1767116763.419690000,137,,,,,LLDP,,,,,,,,
1,s1cl7,1767116763.419872000,137,,,,,LLDP,,,,,,,,
1,s1cl7,1767116766.519372000,137,,,,,LLDP,,,,,,,,
1,s1cl7,1767116766.519582000,137,,,,,LLDP,,,,,,,,
1,s1cl7,1767116769.619865000,137,,,,,LLDP,,,,,,,,
1,s1cl7,1767116769.619912000,137,,,,,LLDP,,,,,,,,
1,s1cl7,1767116772.720163000,137,,,,,LLDP,,,,,,,,
1,s1cl7,1767116772.720230000,137,,,,,LLDP,,,,,,,,
1,s1cl7,1767116775.820174000,137,,,,,LLDP,,,,,,,,
1,s1cl7,1767116775.820249000,137,,,,,LLDP,,,,,,,,
1,s1cl7,1767116778.920169000,137,,,,,LLDP,,,,,,,,
1,s1cl7,1767116778.920586000,137,,,,,LLDP,,,,,,,,
1,s1cl7,1767116782.020028000,137,,,,,LLDP,,,,,,,,
1,s1cl7,1767116782.020182000,137,,,,,LLDP,,,,,,,,
1,s1cl7,1767116785.120236000,137,,,,,LLDP,,,,,,,,
1,s1cl7,1767116785.120434000,137,,,,,LLDP,,,,,,,,
1,s1cl7,1767116788.220095000,137,,,,,LLDP,,,,,,,,
1,s1cl7,1767116788.220135000,137,,,,,LLDP,,,,,,,,
1,s1cl7,1767116791.319470000,137,,,,,LLDP,,,,,,,,
1,s1cl7,1767116791.319555000,137,,,,,LLDP,,,,,,,,
1,s1cl7,1767116794.420265000,137,,,,,LLDP,,,,,,,,
1,s1cl7,1767116794.420338000,137,,,,,LLDP,,,,,,,,
1,s1cl7,1767116794.666838000,70,,,fe80::840f:6aff:fefe:99fc,ff02::2,ICMPv6,,,,,,,133,0
1,s1cl7,1767116797.519983000,137,,,,,LLDP,,,,,,,,
1,s1cl7,1767116797.520276000,137,,,,,LLDP,,,,,,,,
1,s1cl7,1767116800.620069000,137,,,,,LLDP,,,,,,,,
1,s1cl7,1767116800.620256000,137,,,,,LLDP,,,,,,,,
1,s1cl7,1767116803.720057000,137,,,,,LLDP,,,,,,,,
1,s1cl7,1767116803.720138000,137,,,,,LLDP,,,,,,,,
1,s1cl7,1767116806.819216000,137,,,,,LLDP,,,,,,,,
1,s1cl7,1767116806.819420000,137,,,,,LLDP,,,,,,,,
1,s1cl7,1767116806.954832000,70,,,fe80::e856:68ff:feb8:bd52,ff02::2,ICMPv6,,,,,,,133,0
1,s1cl7,1767116809.919181000,137,,,,,LLDP,,,,,,,,
1,s1cl7,1767116809.919390000,137,,,,,LLDP,,,,,,,,
1,s1cl7,1767116813.019146000,137,,,,,LLDP,,,,,,,,
1,s1cl7,1767116813.019215000,137,,,,,LLDP,,,,,,,,
1,s1cl7,1767116816.119381000,137,,,,,LLDP,,,,,,,,
1,s1cl7,1767116816.119485000,137,,,,,LLDP,,,,,,,,
1,s2cl10,1767116698.424705000,138,,,,,LLDP,,,,,,,,
1,s2cl10,1767116698.425110000,138,,,,,LLDP,,,,,,,,
1,s2cl10,1767116699.222890000,42,,,,,ARP,,,,,,,,
1,s2cl10,1767116699.222912000,42,,,,,ARP,,,,,,,,
1,s2cl10,1767116699.434795000,70,,,fe80::10d1:3dff:fe99:b3c5,ff02::2,ICMPv6,,,,,,,133,0
1,s2cl10,1767116701.527876000,138,,,,,LLDP,,,,,,,,
1,s2cl10,1767116701.527955000,138,,,,,LLDP,,,,,,,,
1,s2cl10,1767116701.738799000,70,,,fe80::5492:30ff:fec7:4b67,ff02::2,ICMPv6,,,,,,,133,0
1,s2cl10,1767116704.626382000,138,,,,,LLDP,,,,,,,,
1,s2cl10,1767116704.626676000,138,,,,,LLDP,,,,,,,,
1,s2cl10,1767116707.726382000,138,,,,,LLDP,,,,,,,,
1,s2cl10,1767116707.726627000,138,,,,,LLDP,,,,,,,,
1,s2cl10,1767116710.825170000,138,,,,,LLDP,,,,,,,,
1,s2cl10,1767116710.825669000,138,,,,,LLDP,,,,,,,,
1,s2cl10,1767116713.923242000,138,,,,,LLDP,,,,,,,,
1,s2cl10,1767116713.923447000,138,,,,,LLDP,,,,,,,,
1,s2cl10,1767116715.050788000,70,,,fe80::10d1:3dff:fe99:b3c5,ff02::2,ICMPv6,,,,,,,133,0
1,s2cl10,1767116717.023672000,138,,,,,LLDP,,,,,,,,
1,s2cl10,1767116717.024229000,138,,,,,LLDP,,,,,,,,
1,s2cl10,1767116720.123717000,138,,,,,LLDP,,,,,,,,
1,s2cl10,1767116720.124137000,138,,,,,LLDP,,,,,,,,
1,s2cl10,1767116720.938814000,70,,,fe80::5492:30ff:fec7:4b67,ff02::2,ICMPv6,,,,,,,133,0
1,s2cl10,1767116723.221844000,138,,,,,LLDP,,,,,,,,
1,s2cl10,1767116723.222241000,138,,,,,LLDP,,,,,,,,
1,s2cl10,1767116726.323333000,138,,,,,LLDP,,,,,,,,
1,s2cl10,1767116726.323380000,138,,,,,LLDP,,,,,,,,
1,s2cl10,1767116729.422309000,138,,,,,LLDP,,,,,,,,
1,s2cl10,1767116729.422696000,138,,,,,LLDP,,,,,,,,
1,s2cl10,1767116732.521046000,138,,,,,LLDP,,,,,,,,
1,s2cl10,1767116732.521577000,138,,,,,LLDP,,,,,,,,
1,s2cl10,1767116735.623557000,138,,,,,LLDP,,,,,,,,
1,s2cl10,1767116735.623972000,138,,,,,LLDP,,,,,,,,
1,s2cl10,1767116738.723377000,138,,,,,LLDP,,,,,,,,
1,s2cl10,1767116738.723817000,138,,,,,LLDP,,,,,,,,
1,s2cl10,1767116741.821299000,138,,,,,LLDP,,,,,,,,
1,s2cl10,1767116741.821345000,138,,,,,LLDP,,,,,,,,
1,s2cl10,1767116744.922368000,138,,,,,LLDP,,,,,,,,
1,s2cl10,1767116744.922436000,138,,,,,LLDP,,,,,,,,
1,s2cl10,1767116747.562812000,70,,,fe80::10d1:3dff:fe99:b3c5,ff02::2,ICMPv6,,,,,,,133,0
1,s2cl10,1767116748.021284000,138,,,,,LLDP,,,,,,,,
1,s2cl10,1767116748.021626000,138,,,,,LLDP,,,,,,,,
1,s2cl10,1767116751.120948000,138,,,,,LLDP,,,,,,,,
1,s2cl10,1767116751.121168000,138,,,,,LLDP,,,,,,,,
1,s2cl10,1767116754.220780000,138,,,,,LLDP,,,,,,,,
1,s2cl10,1767116754.220982000,138,,,,,LLDP,,,,,,,,
1,s2cl10,1767116757.322552000,138,,,,,LLDP,,,,,,,,
1,s2cl10,1767116757.323057000,138,,,,,LLDP,,,,,,,,
1,s2cl10,1767116759.850817000,70,,,fe80::5492:30ff:fec7:4b67,ff02::2,ICMPv6,,,,,,,133,0
1,s2cl10,1767116760.420813000,138,,,,,LLDP,,,,,,,,
1,s2cl10,1767116760.420884000,138,,,,,LLDP,,,,,,,,
1,s2cl10,1767116763.520378000,138,,,,,LLDP,,,,,,,,
1,s2cl10,1767116763.520455000,138,,,,,LLDP,,,,,,,,
1,s2cl10,1767116766.620888000,138,,,,,LLDP,,,,,,,,
1,s2cl10,1767116766.620933000,138,,,,,LLDP,,,,,,,,
1,s2cl10,1767116769.720904000,138,,,,,LLDP,,,,,,,,
1,s2cl10,1767116769.720983000,138,,,,,LLDP,,,,,,,,
1,s2cl10,1767116772.820488000,138,,,,,LLDP,,,,,,,,
1,s2cl10,1767116772.820681000,138,,,,,LLDP,,,,,,,,
1,s2cl10,1767116775.921438000,138,,,,,LLDP,,,,,,,,
1,s2cl10,1767116775.921518000,138,,,,,LLDP,,,,,,,,
1,s2cl10,1767116779.020900000,138,,,,,LLDP,,,,,,,,
1,s2cl10,1767116779.020945000,138,,,,,LLDP,,,,,,,,
1,s2cl10,1767116782.120733000,138,,,,,LLDP,,,,,,,,
1,s2cl10,1767116782.120790000,138,,,,,LLDP,,,,,,,,
1,s2cl10,1767116785.221549000,138,,,,,LLDP,,,,,,,,
1,s2cl10,1767116785.221644000,138,,,,,LLDP,,,,,,,,
1,s2cl10,1767116788.320374000,138,,,,,LLDP,,,,,,,,
1,s2cl10,1767116788.320578000,138,,,,,LLDP,,,,,,,,
1,s2cl10,1767116791.420764000,138,,,,,LLDP,,,,,,,,
1,s2cl10,1767116791.420959000,138,,,,,LLDP,,,,,,,,
1,s2cl10,1767116794.521270000,138,,,,,LLDP,,,,,,,,
1,s2cl10,1767116794.521350000,138,,,,,LLDP,,,,,,,,
1,s2cl10,1767116797.621376000,138,,,,,LLDP,,,,,,,,
1,s2cl10,1767116797.621567000,138,,,,,LLDP,,,,,,,,
1,s2cl10,1767116800.720725000,138,,,,,LLDP,,,,,,,,
1,s2cl10,1767116800.720845000,138,,,,,LLDP,,,,,,,,
1,s2cl10,1767116803.821092000,138,,,,,LLDP,,,,,,,,
1,s2cl10,1767116803.821303000,138,,,,,LLDP,,,,,,,,
1,s2cl10,1767116806.924831000,138,,,,,LLDP,,,,,,,,
1,s2cl10,1767116806.924874000,138,,,,,LLDP,,,,,,,,
1,s2cl10,1767116810.020396000,138,,,,,LLDP,,,,,,,,
1,s2cl10,1767116810.020472000,138,,,,,LLDP,,,,,,,,
1,s2cl10,1767116811.050812000,70,,,fe80::10d1:3dff:fe99:b3c5,ff02::2,ICMPv6,,,,,,,133,0
1,s2cl10,1767116813.120231000,138,,,,,LLDP,,,,,,,,
1,s2cl10,1767116813.120400000,138,,,,,LLDP,,,,,,,,
1,s2cl10,1767116816.220958000,138,,,,,LLDP,,,,,,,,
1,s2cl10,1767116816.221017000,138,,,,,LLDP,,,,,,,,
1,s2cl8,1767116698.154812000,70,,,fe80::d828:e0ff:fe85:8d70,ff02::2,ICMPv6,,,,,,,133,0
1,s2cl8,1767116698.423062000,137,,,,,LLDP,,,,,,,,
1,s2cl8,1767116698.423515000,137,,,,,LLDP,,,,,,,,
1,s2cl8,1767116699.222677000,42,,,,,ARP,,,,,,,,
1,s2cl8,1767116699.222694000,42,,,,,ARP,,,,,,,,
1,s2cl8,1767116701.523597000,137,,,,,LLDP,,,,,,,,
1,s2cl8,1767116701.523716000,137,,,,,LLDP,,,,,,,,
1,s2cl8,1767116704.624925000,137,,,,,LLDP,,,,,,,,
1,s2cl8,1767116704.625042000,137,,,,,LLDP,,,,,,,,
1,s2cl8,1767116707.724892000,137,,,,,LLDP,,,,,,,,
1,s2cl8,1767116707.725146000,137,,,,,LLDP,,,,,,,,
1,s2cl8,1767116710.823939000,137,,,,,LLDP,,,,,,,,
1,s2cl8,1767116710.824425000,137,,,,,LLDP,,,,,,,,
1,s2cl8,1767116711.722801000,70,,,fe80::747e:55ff:fe12:72ef,ff02::2,ICMPv6,,,,,,,133,0
1,s2cl8,1767116713.921574000,137,,,,,LLDP,,,,,,,,
1,s2cl8,1767116713.921688000,137,,,,,LLDP,,,,,,,,
1,s2cl8,1767116716.842803000,70,,,fe80::d828:e0ff:fe85:8d70,ff02::2,ICMPv6,,,,,,,133,0
1,s2cl8,1767116717.022621000,137,,,,,LLDP,,,,,,,,
1,s2cl8,1767116717.023041000,137,,,,,LLDP,,,,,,,,
1,s2cl8,1767116720.122557000,137,,,,,LLDP,,,,,,,,
1,s2cl8,1767116720.123201000,137,,,,,LLDP,,,,,,,,
1,s2cl8,1767116723.221208000,137,,,,,LLDP,,,,,,,,
1,s2cl8,1767116723.221252000,137,,,,,LLDP,,,,,,,,
1,s2cl8,1767116726.322154000,137,,,,,LLDP,,,,,,,,
1,s2cl8,1767116726.322594000,137,,,,,LLDP,,,,,,,,
1,s2cl8,1767116729.421633000,137,,,,,LLDP,,,,,,,,
1,s2cl8,1767116729.421681000,137,,,,,LLDP,,,,,,,,
1,s2cl8,1767116732.520563000,137,,,,,LLDP,,,,,,,,
1,s2cl8,1767116732.520634000,137,,,,,LLDP,,,,,,,,
1,s2cl8,1767116735.622434000,137,,,,,LLDP,,,,,,,,
1,s2cl8,1767116735.622736000,137,,,,,LLDP,,,,,,,,
1,s2cl8,1767116738.722600000,137,,,,,LLDP,,,,,,,,
1,s2cl8,1767116738.722749000,137,,,,,LLDP,,,,,,,,
1,s2cl8,1767116741.820902000,137,,,,,LLDP,,,,,,,,
1,s2cl8,1767116741.820953000,137,,,,,LLDP,,,,,,,,
1,s2cl8,1767116744.921829000,137,,,,,LLDP,,,,,,,,
1,s2cl8,1767116744.921908000,137,,,,,LLDP,,,,,,,,
1,s2cl8,1767116745.514819000,70,,,fe80::747e:55ff:fe12:72ef,ff02::2,ICMPv6,,,,,,,133,0
1,s2cl8,1767116748.020908000,137,,,,,LLDP,,,,,,,,
1,s2cl8,1767116748.020991000,137,,,,,LLDP,,,,,,,,
1,s2cl8,1767116751.120541000,137,,,,,LLDP,,,,,,,,
1,s2cl8,1767116751.120804000,137,,,,,LLDP,,,,,,,,
1,s2cl8,1767116751.658813000,70,,,fe80::d828:e0ff:fe85:8d70,ff02::2,ICMPv6,,,,,,,133,0
1,s2cl8,1767116754.220468000,137,,,,,LLDP,,,,,,,,
1,s2cl8,1767116754.220540000,137,,,,,LLDP,,,,,,,,
1,s2cl8,1767116757.321873000,137,,,,,LLDP,,,,,,,,
1,s2cl8,1767116757.321980000,137,,,,,LLDP,,,,,,,,
1,s2cl8,1767116760.420521000,137,,,,,LLDP,,,,,,,,
1,s2cl8,1767116760.420603000,137,,,,,LLDP,,,,,,,,
1,s2cl8,1767116763.520121000,137,,,,,LLDP,,,,,,,,
1,s2cl8,1767116763.520211000,137,,,,,LLDP,,,,,,,,
1,s2cl8,1767116766.620425000,137,,,,,LLDP,,,,,,,,
1,s2cl8,1767116766.620496000,137,,,,,LLDP,,,,,,,,
1,s2cl8,1767116769.720549000,137,,,,,LLDP,,,,,,,,
1,s2cl8,1767116769.720637000,137,,,,,LLDP,,,,,,,,
1,s2cl8,1767116772.820132000,137,,,,,LLDP,,,,,,,,
1,s2cl8,1767116772.820198000,137,,,,,LLDP,,,,,,,,
1,s2cl8,1767116775.920637000,137,,,,,LLDP,,,,,,,,
1,s2cl8,1767116775.920734000,137,,,,,LLDP,,,,,,,,
1,s2cl8,1767116779.020302000,137,,,,,LLDP,,,,,,,,
1,s2cl8,1767116779.020352000,137,,,,,LLDP,,,,,,,,
1,s2cl8,1767116782.120200000,137,,,,,LLDP,,,,,,,,
1,s2cl8,1767116782.120247000,137,,,,,LLDP,,,,,,,,
1,s2cl8,1767116785.220947000,137,,,,,LLDP,,,,,,,,
1,s2cl8,1767116785.221001000,137,,,,,LLDP,,,,,,,,
1,s2cl8,1767116788.319877000,137,,,,,LLDP,,,,,,,,
1,s2cl8,1767116788.320199000,137,,,,,LLDP,,,,,,,,
1,s2cl8,1767116791.420391000,137,,,,,LLDP,,,,,,,,
1,s2cl8,1767116791.420585000,137,,,,,LLDP,,,,,,,,
1,s2cl8,1767116794.520933000,137,,,,,LLDP,,,,,,,,
1,s2cl8,1767116794.521019000,137,,,,,LLDP,,,,,,,,
1,s2cl8,1767116797.620726000,137,,,,,LLDP,,,,,,,,
1,s2cl8,1767116797.620823000,137,,,,,LLDP,,,,,,,,
1,s2cl8,1767116800.720262000,137,,,,,LLDP,,,,,,,,
1,s2cl8,1767116800.720318000,137,,,,,LLDP,,,,,,,,
1,s2cl8,1767116803.820690000,137,,,,,LLDP,,,,,,,,
1,s2cl8,1767116803.820799000,137,,,,,LLDP,,,,,,,,
1,s2cl8,1767116806.924161000,137,,,,,LLDP,,,,,,,,
1,s2cl8,1767116806.924222000,137,,,,,LLDP,,,,,,,,
1,s2cl8,1767116810.020205000,137,,,,,LLDP,,,,,,,,
1,s2cl8,1767116810.020277000,137,,,,,LLDP,,,,,,,,
1,s2cl8,1767116813.098803000,70,,,fe80::747e:55ff:fe12:72ef,ff02::2,ICMPv6,,,,,,,133,0
1,s2cl8,1767116813.120002000,137,,,,,LLDP,,,,,,,,
1,s2cl8,1767116813.120048000,137,,,,,LLDP,,,,,,,,
1,s2cl8,1767116816.220224000,137,,,,,LLDP,,,,,,,,
1,s2cl8,1767116816.220643000,137,,,,,LLDP,,,,,,,,
1,s2cl9,1767116698.423772000,137,,,,,LLDP,,,,,,,,
1,s2cl9,1767116698.424326000,137,,,,,LLDP,,,,,,,,
1,s2cl9,1767116699.222170000,42,,,,,ARP,,,,,,,,
1,s2cl9,1767116699.222195000,42,,,,,ARP,,,,,,,,
1,s2cl9,1767116699.434795000,70,,,fe80::806:99ff:fe83:c2f,ff02::2,ICMPv6,,,,,,,133,0
1,s2cl9,1767116700.202769000,70,,,fe80::58a4:6cff:fed3:62d6,ff02::2,ICMPv6,,,,,,,133,0
1,s2cl9,1767116701.524189000,137,,,,,LLDP,,,,,,,,
1,s2cl9,1767116701.527427000,137,,,,,LLDP,,,,,,,,
1,s2cl9,1767116704.625561000,137,,,,,LLDP,,,,,,,,
1,s2cl9,1767116704.625993000,137,,,,,LLDP,,,,,,,,
1,s2cl9,1767116707.725472000,137,,,,,LLDP,,,,,,,,
1,s2cl9,1767116707.725932000,137,,,,,LLDP,,,,,,,,
1,s2cl9,1767116710.824472000,137,,,,,LLDP,,,,,,,,
1,s2cl9,1767116710.825011000,137,,,,,LLDP,,,,,,,,
1,s2cl9,1767116713.922274000,137,,,,,LLDP,,,,,,,,
1,s2cl9,1767116713.922889000,137,,,,,LLDP,,,,,,,,
1,s2cl9,1767116716.842804000,70,,,fe80::806:99ff:fe83:c2f,ff02::2,ICMPv6,,,,,,,133,0
1,s2cl9,1767116717.023089000,137,,,,,LLDP,,,,,,,,
1,s2cl9,1767116717.023613000,137,,,,,LLDP,,,,,,,,
1,s2cl9,1767116718.890816000,70,,,fe80::58a4:6cff:fed3:62d6,ff02::2,ICMPv6,,,,,,,133,0
1,s2cl9,1767116720.123259000,137,,,,,LLDP,,,,,,,,
1,s2cl9,1767116720.123636000,137,,,,,LLDP,,,,,,,,
1,s2cl9,1767116723.221437000,137,,,,,LLDP,,,,,,,,
1,s2cl9,1767116723.221642000,137,,,,,LLDP,,,,,,,,
1,s2cl9,1767116726.322831000,137,,,,,LLDP,,,,,,,,
1,s2cl9,1767116726.323255000,137,,,,,LLDP,,,,,,,,
1,s2cl9,1767116729.421885000,137,,,,,LLDP,,,,,,,,
1,s2cl9,1767116729.422249000,137,,,,,LLDP,,,,,,,,
1,s2cl9,1767116732.520807000,137,,,,,LLDP,,,,,,,,
1,s2cl9,1767116732.520991000,137,,,,,LLDP,,,,,,,,
1,s2cl9,1767116735.622970000,137,,,,,LLDP,,,,,,,,
1,s2cl9,1767116735.623356000,137,,,,,LLDP,,,,,,,,
1,s2cl9,1767116738.722845000,137,,,,,LLDP,,,,,,,,
1,s2cl9,1767116738.722977000,137,,,,,LLDP,,,,,,,,
1,s2cl9,1767116741.821008000,137,,,,,LLDP,,,,,,,,
1,s2cl9,1767116741.821049000,137,,,,,LLDP,,,,,,,,
1,s2cl9,1767116744.921986000,137,,,,,LLDP,,,,,,,,
1,s2cl9,1767116744.922069000,137,,,,,LLDP,,,,,,,,
1,s2cl9,1767116748.021098000,137,,,,,LLDP,,,,,,,,
1,s2cl9,1767116748.021171000,137,,,,,LLDP,,,,,,,,
1,s2cl9,1767116751.120851000,137,,,,,LLDP,,,,,,,,
1,s2cl9,1767116751.120895000,137,,,,,LLDP,,,,,,,,
1,s2cl9,1767116751.658800000,70,,,fe80::806:99ff:fe83:c2f,ff02::2,ICMPv6,,,,,,,133,0
1,s2cl9,1767116754.220581000,137,,,,,LLDP,,,,,,,,
1,s2cl9,1767116754.220622000,137,,,,,LLDP,,,,,,,,
1,s2cl9,1767116755.754827000,70,,,fe80::58a4:6cff:fed3:62d6,ff02::2,ICMPv6,,,,,,,133,0
1,s2cl9,1767116757.322277000,137,,,,,LLDP,,,,,,,,
1,s2cl9,1767116757.322507000,137,,,,,LLDP,,,,,,,,
1,s2cl9,1767116760.420674000,137,,,,,LLDP,,,,,,,,
1,s2cl9,1767116760.420747000,137,,,,,LLDP,,,,,,,,
1,s2cl9,1767116763.520288000,137,,,,,LLDP,,,,,,,,
1,s2cl9,1767116763.520337000,137,,,,,LLDP,,,,,,,,
1,s2cl9,1767116766.620552000,137,,,,,LLDP,,,,,,,,
1,s2cl9,1767116766.620709000,137,,,,,LLDP,,,,,,,,
1,s2cl9,1767116769.720715000,137,,,,,LLDP,,,,,,,,
1,s2cl9,1767116769.720800000,137,,,,,LLDP,,,,,,,,
1,s2cl9,1767116772.820239000,137,,,,,LLDP,,,,,,,,
1,s2cl9,1767116772.820425000,137,,,,,LLDP,,,,,,,,
1,s2cl9,1767116775.921348000,137,,,,,LLDP,,,,,,,,
1,s2cl9,1767116775.921397000,137,,,,,LLDP,,,,,,,,
1,s2cl9,1767116779.020604000,137,,,,,LLDP,,,,,,,,
1,s2cl9,1767116779.020650000,137,,,,,LLDP,,,,,,,,
1,s2cl9,1767116782.120507000,137,,,,,LLDP,,,,,,,,
1,s2cl9,1767116782.120554000,137,,,,,LLDP,,,,,,,,
1,s2cl9,1767116785.221071000,137,,,,,LLDP,,,,,,,,
1,s2cl9,1767116785.221116000,137,,,,,LLDP,,,,,,,,
1,s2cl9,1767116788.320248000,137,,,,,LLDP,,,,,,,,
1,s2cl9,1767116788.320321000,137,,,,,LLDP,,,,,,,,
1,s2cl9,1767116791.420632000,137,,,,,LLDP,,,,,,,,
1,s2cl9,1767116791.420714000,137,,,,,LLDP,,,,,,,,
1,s2cl9,1767116794.521102000,137,,,,,LLDP,,,,,,,,
1,s2cl9,1767116794.521182000,137,,,,,LLDP,,,,,,,,
1,s2cl9,1767116797.620955000,137,,,,,LLDP,,,,,,,,
1,s2cl9,1767116797.621279000,137,,,,,LLDP,,,,,,,,
1,s2cl9,1767116800.720367000,137,,,,,LLDP,,,,,,,,
1,s2cl9,1767116800.720461000,137,,,,,LLDP,,,,,,,,
1,s2cl9,1767116803.820881000,137,,,,,LLDP,,,,,,,,
1,s2cl9,1767116803.821013000,137,,,,,LLDP,,,,,,,,
1,s2cl9,1767116806.924321000,137,,,,,LLDP,,,,,,,,
1,s2cl9,1767116806.924782000,137,,,,,LLDP,,,,,,,,
1,s2cl9,1767116810.020318000,137,,,,,LLDP,,,,,,,,
1,s2cl9,1767116810.020357000,137,,,,,LLDP,,,,,,,,
1,s2cl9,1767116813.120128000,137,,,,,LLDP,,,,,,,,
1,s2cl9,1767116813.120170000,137,,,,,LLDP,,,,,,,,
1,s2cl9,1767116816.220728000,137,,,,,LLDP,,,,,,,,
1,s2cl9,1767116816.220772000,137,,,,,LLDP,,,,,,,,
2,s0cl0,1767116825.519487000,137,,,,,LLDP,,,,,,,,
2,s0cl0,1767116825.519538000,137,,,,,LLDP,,,,,,,,
2,s0cl0,1767116828.619032000,137,,,,,LLDP,,,,,,,,
2,s0cl0,1767116828.619080000,137,,,,,LLDP,,,,,,,,
2,s0cl0,1767116831.718276000,137,,,,,LLDP,,,,,,,,
2,s0cl0,1767116831.718325000,137,,,,,LLDP,,,,,,,,
2,s0cl0,1767116834.819139000,137,,,,,LLDP,,,,,,,,
2,s0cl0,1767116834.819185000,137,,,,,LLDP,,,,,,,,
2,s0cl0,1767116837.918834000,137,,,,,LLDP,,,,,,,,
2,s0cl0,1767116837.918917000,137,,,,,LLDP,,,,,,,,
2,s0cl0,1767116841.018581000,137,,,,,LLDP,,,,,,,,
2,s0cl0,1767116841.018626000,137,,,,,LLDP,,,,,,,,
2,s0cl0,1767116844.118810000,137,,,,,LLDP,,,,,,,,
2,s0cl0,1767116844.118855000,137,,,,,LLDP,,,,,,,,
2,s0cl0,1767116847.218134000,137,,,,,LLDP,,,,,,,,
2,s0cl0,1767116847.218180000,137,,,,,LLDP,,,,,,,,
2,s0cl0,1767116850.318783000,137,,,,,LLDP,,,,,,,,
2,s0cl0,1767116850.318865000,137,,,,,LLDP,,,,,,,,
2,s0cl0,1767116853.419131000,137,,,,,LLDP,,,,,,,,
2,s0cl0,1767116853.419236000,137,,,,,LLDP,,,,,,,,
2,s0cl0,1767116856.518395000,137,,,,,LLDP,,,,,,,,
2,s0cl0,1767116856.518447000,137,,,,,LLDP,,,,,,,,
2,s0cl0,1767116859.618872000,137,,,,,LLDP,,,,,,,,
2,s0cl0,1767116859.618928000,137,,,,,LLDP,,,,,,,,
2,s0cl0,1767116862.718520000,137,,,,,LLDP,,,,,,,,
2,s0cl0,1767116862.718564000,137,,,,,LLDP,,,,,,,,
2,s0cl0,1767116865.818597000,137,,,,,LLDP,,,,,,,,
2,s0cl0,1767116865.818652000,137,,,,,LLDP,,,,,,,,
2,s0cl0,1767116868.918908000,137,,,,,LLDP,,,,,,,,
2,s0cl0,1767116868.918976000,137,,,,,LLDP,,,,,,,,
2,s0cl0,1767116872.018540000,137,,,,,LLDP,,,,,,,,
2,s0cl0,1767116872.018597000,137,,,,,LLDP,,,,,,,,
2,s0cl0,1767116875.118756000,137,,,,,LLDP,,,,,,,,
2,s0cl0,1767116875.118832000,137,,,,,LLDP,,,,,,,,
2,s0cl0,1767116878.218635000,137,,,,,LLDP,,,,,,,,
2,s0cl0,1767116878.219034000,137,,,,,LLDP,,,,,,,,
2,s0cl0,1767116881.318532000,137,,,,,LLDP,,,,,,,,
2,s0cl0,1767116881.318580000,137,,,,,LLDP,,,,,,,,
2,s0cl0,1767116884.418574000,137,,,,,LLDP,,,,,,,,
2,s0cl0,1767116884.418622000,137,,,,,LLDP,,,,,,,,
2,s0cl0,1767116887.519721000,137,,,,,LLDP,,,,,,,,
2,s0cl0,1767116887.519771000,137,,,,,LLDP,,,,,,,,
2,s0cl0,1767116890.618579000,137,,,,,LLDP,,,,,,,,
2,s0cl0,1767116890.618637000,137,,,,,LLDP,,,,,,,,
2,s0cl0,1767116893.718053000,137,,,,,LLDP,,,,,,,,
2,s0cl0,1767116893.718096000,137,,,,,LLDP,,,,,,,,
2,s0cl0,1767116896.818458000,137,,,,,LLDP,,,,,,,,
2,s0cl0,1767116896.818502000,137,,,,,LLDP,,,,,,,,
2,s0cl0,1767116899.918320000,137,,,,,LLDP,,,,,,,,
2,s0cl0,1767116899.918402000,137,,,,,LLDP,,,,,,,,
2,s0cl0,1767116903.018324000,137,,,,,LLDP,,,,,,,,
2,s0cl0,1767116903.018446000,137,,,,,LLDP,,,,,,,,
2,s0cl0,1767116906.118621000,137,,,,,LLDP,,,,,,,,
2,s0cl0,1767116906.118670000,137,,,,,LLDP,,,,,,,,
2,s0cl0,1767116907.306800000,70,,,fe80::747a:74ff:feb1:f1,ff02::2,ICMPv6,,,,,,,133,0
2,s0cl0,1767116909.218583000,137,,,,,LLDP,,,,,,,,
2,s0cl0,1767116909.218626000,137,,,,,LLDP,,,,,,,,
2,s0cl0,1767116912.318695000,137,,,,,LLDP,,,,,,,,
2,s0cl0,1767116912.318773000,137,,,,,LLDP,,,,,,,,
2,s0cl0,1767116913.450832000,70,,,fe80::c464:9fff:fe95:aabd,ff02::2,ICMPv6,,,,,,,133,0
2,s0cl0,1767116915.423723000,137,,,,,LLDP,,,,,,,,
2,s0cl0,1767116915.423782000,137,,,,,LLDP,,,,,,,,
2,s0cl0,1767116918.518257000,137,,,,,LLDP,,,,,,,,
2,s0cl0,1767116918.518304000,137,,,,,LLDP,,,,,,,,
2,s0cl0,1767116921.618796000,137,,,,,LLDP,,,,,,,,
2,s0cl0,1767116921.618872000,137,,,,,LLDP,,,,,,,,
2,s0cl0,1767116924.719121000,137,,,,,LLDP,,,,,,,,
2,s0cl0,1767116924.719169000,137,,,,,LLDP,,,,,,,,
2,s0cl0,1767116927.818538000,137,,,,,LLDP,,,,,,,,
2,s0cl0,1767116927.818589000,137,,,,,LLDP,,,,,,,,
2,s0cl0,1767116930.918528000,137,,,,,LLDP,,,,,,,,
2,s0cl0,1767116930.918623000,137,,,,,LLDP,,,,,,,,
2,s0cl0,1767116934.019245000,137,,,,,LLDP,,,,,,,,
2,s0cl0,1767116934.019351000,137,,,,,LLDP,,,,,,,,
2,s0cl0,1767116937.118372000,137,,,,,LLDP,,,,,,,,
2,s0cl0,1767116937.118418000,137,,,,,LLDP,,,,,,,,
2,s0cl0,1767116940.218251000,137,,,,,LLDP,,,,,,,,
2,s0cl0,1767116940.218326000,137,,,,,LLDP,,,,,,,,
2,s0cl0,1767116943.318940000,137,,,,,LLDP,,,,,,,,
2,s0cl0,1767116943.319000000,137,,,,,LLDP,,,,,,,,
2,s0cl1,1767116825.519580000,137,,,,,LLDP,,,,,,,,
2,s0cl1,1767116825.519624000,137,,,,,LLDP,,,,,,,,
2,s0cl1,1767116828.619123000,137,,,,,LLDP,,,,,,,,
2,s0cl1,1767116828.619165000,137,,,,,LLDP,,,,,,,,
2,s0cl1,1767116831.718366000,137,,,,,LLDP,,,,,,,,
2,s0cl1,1767116831.718422000,137,,,,,LLDP,,,,,,,,
2,s0cl1,1767116834.819227000,137,,,,,LLDP,,,,,,,,
2,s0cl1,1767116834.819269000,137,,,,,LLDP,,,,,,,,
2,s0cl1,1767116837.919006000,137,,,,,LLDP,,,,,,,,
2,s0cl1,1767116837.919069000,137,,,,,LLDP,,,,,,,,
2,s0cl1,1767116841.018731000,137,,,,,LLDP,,,,,,,,
2,s0cl1,1767116841.019326000,137,,,,,LLDP,,,,,,,,
2,s0cl1,1767116844.118895000,137,,,,,LLDP,,,,,,,,
2,s0cl1,1767116844.118937000,137,,,,,LLDP,,,,,,,,
2,s0cl1,1767116847.218222000,137,,,,,LLDP,,,,,,,,
2,s0cl1,1767116847.218265000,137,,,,,LLDP,,,,,,,,
2,s0cl1,1767116850.318944000,137,,,,,LLDP,,,,,,,,
2,s0cl1,1767116850.319061000,137,,,,,LLDP,,,,,,,,
2,s0cl1,1767116853.419329000,137,,,,,LLDP,,,,,,,,
2,s0cl1,1767116853.419436000,137,,,,,LLDP,,,,,,,,
2,s0cl1,1767116856.518493000,137,,,,,LLDP,,,,,,,,
2,s0cl1,1767116856.518571000,137,,,,,LLDP,,,,,,,,
2,s0cl1,1767116859.618969000,137,,,,,LLDP,,,,,,,,
2,s0cl1,1767116859.619031000,137,,,,,LLDP,,,,,,,,
2,s0cl1,1767116862.718604000,137,,,,,LLDP,,,,,,,,
2,s0cl1,1767116862.718670000,137,,,,,LLDP,,,,,,,,
2,s0cl1,1767116865.818694000,137,,,,,LLDP,,,,,,,,
2,s0cl1,1767116865.818790000,137,,,,,LLDP,,,,,,,,
2,s0cl1,1767116868.919021000,137,,,,,LLDP,,,,,,,,
2,s0cl1,1767116868.919073000,137,,,,,LLDP,,,,,,,,
2,s0cl1,1767116872.018651000,137,,,,,LLDP,,,,,,,,
2,s0cl1,1767116872.018693000,137,,,,,LLDP,,,,,,,,
2,s0cl1,1767116875.118906000,137,,,,,LLDP,,,,,,,,
2,s0cl1,1767116875.118959000,137,,,,,LLDP,,,,,,,,
2,s0cl1,1767116878.219082000,137,,,,,LLDP,,,,,,,,
2,s0cl1,1767116878.219131000,137,,,,,LLDP,,,,,,,,
2,s0cl1,1767116881.318622000,137,,,,,LLDP,,,,,,,,
2,s0cl1,1767116881.318692000,137,,,,,LLDP,,,,,,,,
2,s0cl1,1767116884.418677000,137,,,,,LLDP,,,,,,,,
2,s0cl1,1767116884.418759000,137,,,,,LLDP,,,,,,,,
2,s0cl1,1767116887.519830000,137,,,,,LLDP,,,,,,,,
2,s0cl1,1767116887.519923000,137,,,,,LLDP,,,,,,,,
2,s0cl1,1767116890.618678000,137,,,,,LLDP,,,,,,,,
2,s0cl1,1767116890.618767000,137,,,,,LLDP,,,,,,,,
2,s0cl1,1767116893.718154000,137,,,,,LLDP,,,,,,,,
2,s0cl1,1767116893.718194000,137,,,,,LLDP,,,,,,,,
2,s0cl1,1767116896.818543000,137,,,,,LLDP,,,,,,,,
2,s0cl1,1767116896.818597000,137,,,,,LLDP,,,,,,,,
2,s0cl1,1767116899.918461000,137,,,,,LLDP,,,,,,,,
2,s0cl1,1767116899.918506000,137,,,,,LLDP,,,,,,,,
2,s0cl1,1767116903.018526000,137,,,,,LLDP,,,,,,,,
2,s0cl1,1767116903.018573000,137,,,,,LLDP,,,,,,,,
2,s0cl1,1767116906.118754000,137,,,,,LLDP,,,,,,,,
2,s0cl1,1767116906.118812000,137,,,,,LLDP,,,,,,,,
2,s0cl1,1767116909.218665000,137,,,,,LLDP,,,,,,,,
2,s0cl1,1767116909.218738000,137,,,,,LLDP,,,,,,,,
2,s0cl1,1767116912.318827000,137,,,,,LLDP,,,,,,,,
2,s0cl1,1767116912.318879000,137,,,,,LLDP,,,,,,,,
2,s0cl1,1767116913.450835000,70,,,fe80::90b7:58ff:fe95:77c7,ff02::2,ICMPv6,,,,,,,133,0
2,s0cl1,1767116915.423829000,137,,,,,LLDP,,,,,,,,
2,s0cl1,1767116915.423870000,137,,,,,LLDP,,,,,,,,
2,s0cl1,1767116918.518392000,137,,,,,LLDP,,,,,,,,
2,s0cl1,1767116918.518449000,137,,,,,LLDP,,,,,,,,
2,s0cl1,1767116921.618919000,137,,,,,LLDP,,,,,,,,
2,s0cl1,1767116921.618967000,137,,,,,LLDP,,,,,,,,
2,s0cl1,1767116924.719210000,137,,,,,LLDP,,,,,,,,
2,s0cl1,1767116924.719251000,137,,,,,LLDP,,,,,,,,
2,s0cl1,1767116927.818630000,137,,,,,LLDP,,,,,,,,
2,s0cl1,1767116927.818671000,137,,,,,LLDP,,,,,,,,
2,s0cl1,1767116930.918696000,137,,,,,LLDP,,,,,,,,
2,s0cl1,1767116930.918801000,137,,,,,LLDP,,,,,,,,
2,s0cl1,1767116934.019416000,137,,,,,LLDP,,,,,,,,
2,s0cl1,1767116934.019458000,137,,,,,LLDP,,,,,,,,
2,s0cl1,1767116937.118462000,137,,,,,LLDP,,,,,,,,
2,s0cl1,1767116937.118929000,137,,,,,LLDP,,,,,,,,
2,s0cl1,1767116940.218374000,137,,,,,LLDP,,,,,,,,
2,s0cl1,1767116940.218415000,137,,,,,LLDP,,,,,,,,
2,s0cl1,1767116943.319041000,137,,,,,LLDP,,,,,,,,
2,s0cl1,1767116943.319083000,137,,,,,LLDP,,,,,,,,
2,s0cl2,1767116825.519667000,137,,,,,LLDP,,,,,,,,
2,s0cl2,1767116825.519733000,137,,,,,LLDP,,,,,,,,
2,s0cl2,1767116828.619218000,137,,,,,LLDP,,,,,,,,
2,s0cl2,1767116828.619260000,137,,,,,LLDP,,,,,,,,
2,s0cl2,1767116831.718479000,137,,,,,LLDP,,,,,,,,
2,s0cl2,1767116831.718564000,137,,,,,LLDP,,,,,,,,
2,s0cl2,1767116834.819310000,137,,,,,LLDP,,,,,,,,
2,s0cl2,1767116834.819353000,137,,,,,LLDP,,,,,,,,
2,s0cl2,1767116837.919112000,137,,,,,LLDP,,,,,,,,
2,s0cl2,1767116837.919154000,137,,,,,LLDP,,,,,,,,
2,s0cl2,1767116841.019378000,137,,,,,LLDP,,,,,,,,
2,s0cl2,1767116841.019443000,137,,,,,LLDP,,,,,,,,
2,s0cl2,1767116844.118978000,137,,,,,LLDP,,,,,,,,
2,s0cl2,1767116844.119031000,137,,,,,LLDP,,,,,,,,
2,s0cl2,1767116847.218489000,137,,,,,LLDP,,,,,,,,
2,s0cl2,1767116847.218538000,137,,,,,LLDP,,,,,,,,
2,s0cl2,1767116850.319142000,137,,,,,LLDP,,,,,,,,
2,s0cl2,1767116850.319208000,137,,,,,LLDP,,,,,,,,
2,s0cl2,1767116853.419523000,137,,,,,LLDP,,,,,,,,
2,s0cl2,1767116853.419603000,137,,,,,LLDP,,,,,,,,
2,s0cl2,1767116856.518616000,137,,,,,LLDP,,,,,,,,
2,s0cl2,1767116856.518938000,137,,,,,LLDP,,,,,,,,
2,s0cl2,1767116859.619072000,137,,,,,LLDP,,,,,,,,
2,s0cl2,1767116859.619258000,137,,,,,LLDP,,,,,,,,
2,s0cl2,1767116862.718744000,137,,,,,LLDP,,,,,,,,
2,s0cl2,1767116862.718814000,137,,,,,LLDP,,,,,,,,
2,s0cl2,1767116865.818836000,137,,,,,LLDP,,,,,,,,
2,s0cl2,1767116865.818878000,137,,,,,LLDP,,,,,,,,
2,s0cl2,1767116868.919185000,137,,,,,LLDP,,,,,,,,
2,s0cl2,1767116868.919232000,137,,,,,LLDP,,,,,,,,
2,s0cl2,1767116872.018772000,137,,,,,LLDP,,,,,,,,
2,s0cl2,1767116872.018821000,137,,,,,LLDP,,,,,,,,
2,s0cl2,1767116875.119001000,137,,,,,LLDP,,,,,,,,
2,s0cl2,1767116875.119043000,137,,,,,LLDP,,,,,,,,
2,s0cl2,1767116878.219200000,137,,,,,LLDP,,,,,,,,
2,s0cl2,1767116878.219359000,137,,,,,LLDP,,,,,,,,
2,s0cl2,1767116881.318781000,137,,,,,LLDP,,,,,,,,
2,s0cl2,1767116881.319221000,137,,,,,LLDP,,,,,,,,
2,s0cl2,1767116884.418804000,137,,,,,LLDP,,,,,,,,
2,s0cl2,1767116884.418847000,137,,,,,LLDP,,,,,,,,
2,s0cl2,1767116887.519996000,137,,,,,LLDP,,,,,,,,
2,s0cl2,1767116887.520080000,137,,,,,LLDP,,,,,,,,
2,s0cl2,1767116890.618816000,137,,,,,LLDP,,,,,,,,
2,s0cl2,1767116890.618894000,137,,,,,LLDP,,,,,,,,
2,s0cl2,1767116893.718233000,137,,,,,LLDP,,,,,,,,
2,s0cl2,1767116893.718316000,137,,,,,LLDP,,,,,,,,
2,s0cl2,1767116896.818671000,137,,,,,LLDP,,,,,,,,
2,s0cl2,1767116896.818757000,137,,,,,LLDP,,,,,,,,
2,s0cl2,1767116899.918547000,137,,,,,LLDP,,,,,,,,
2,s0cl2,1767116899.918626000,137,,,,,LLDP,,,,,,,,
2,s0cl2,1767116903.018625000,137,,,,,LLDP,,,,,,,,
2,s0cl2,1767116903.018679000,137,,,,,LLDP,,,,,,,,
2,s0cl2,1767116906.118856000,137,,,,,LLDP,,,,,,,,
2,s0cl2,1767116906.118910000,137,,,,,LLDP,,,,,,,,
2,s0cl2,1767116909.218803000,137,,,,,LLDP,,,,,,,,
2,s0cl2,1767116909.218846000,137,,,,,LLDP,,,,,,,,
2,s0cl2,1767116909.354768000,70,,,fe80::bc16:54ff:fef8:2086,ff02::2,ICMPv6,,,,,,,133,0
2,s0cl2,1767116912.318958000,137,,,,,LLDP,,,,,,,,
2,s0cl2,1767116912.319003000,137,,,,,LLDP,,,,,,,,
2,s0cl2,1767116915.423910000,137,,,,,LLDP,,,,,,,,
2,s0cl2,1767116915.423952000,137,,,,,LLDP,,,,,,,,
2,s0cl2,1767116918.518502000,137,,,,,LLDP,,,,,,,,
2,s0cl2,1767116918.518546000,137,,,,,LLDP,,,,,,,,
2,s0cl2,1767116921.619009000,137,,,,,LLDP,,,,,,,,
2,s0cl2,1767116921.619063000,137,,,,,LLDP,,,,,,,,
2,s0cl2,1767116924.719302000,137,,,,,LLDP,,,,,,,,
2,s0cl2,1767116924.719372000,137,,,,,LLDP,,,,,,,,
2,s0cl2,1767116927.818767000,137,,,,,LLDP,,,,,,,,
2,s0cl2,1767116927.818888000,137,,,,,LLDP,,,,,,,,
2,s0cl2,1767116930.918858000,137,,,,,LLDP,,,,,,,,
2,s0cl2,1767116930.918928000,137,,,,,LLDP,,,,,,,,
2,s0cl2,1767116934.019499000,137,,,,,LLDP,,,,,,,,
2,s0cl2,1767116934.019572000,137,,,,,LLDP,,,,,,,,
2,s0cl2,1767116937.118981000,137,,,,,LLDP,,,,,,,,
2,s0cl2,1767116937.119026000,137,,,,,LLDP,,,,,,,,
2,s0cl2,1767116940.218455000,137,,,,,LLDP,,,,,,,,
2,s0cl2,1767116940.218496000,137,,,,,LLDP,,,,,,,,
2,s0cl2,1767116943.319124000,137,,,,,LLDP,,,,,,,,
2,s0cl2,1767116943.319166000,137,,,,,LLDP,,,,,,,,
2,s0ds0,1767116825.390749000,70,,,fe80::643e:3ff:feee:6c76,ff02::2,ICMPv6,,,,,,,133,0
2,s0ds0,1767116825.519779000,137,,,,,LLDP,,,,,,,,
2,s0ds0,1767116825.519996000,137,,,,,LLDP,,,,,,,,
2,s0ds0,1767116828.619357000,137,,,,,LLDP,,,,,,,,
2,s0ds0,1767116828.619401000,137,,,,,LLDP,,,,,,,,
2,s0ds0,1767116831.718644000,137,,,,,LLDP,,,,,,,,
2,s0ds0,1767116831.718755000,137,,,,,LLDP,,,,,,,,
2,s0ds0,1767116834.819492000,137,,,,,LLDP,,,,,,,,
2,s0ds0,1767116834.819547000,137,,,,,LLDP,,,,,,,,
2,s0ds0,1767116837.674815000,70,,,fe80::38a5:2aff:feb2:7628,ff02::2,ICMPv6,,,,,,,133,0
2,s0ds0,1767116837.919650000,137,,,,,LLDP,,,,,,,,
2,s0ds0,1767116837.919705000,137,,,,,LLDP,,,,,,,,
2,s0ds0,1767116841.019487000,137,,,,,LLDP,,,,,,,,
2,s0ds0,1767116841.019530000,137,,,,,LLDP,,,,,,,,
2,s0ds0,1767116844.119071000,137,,,,,LLDP,,,,,,,,
2,s0ds0,1767116844.119113000,137,,,,,LLDP,,,,,,,,
2,s0ds0,1767116847.218725000,137,,,,,LLDP,,,,,,,,
2,s0ds0,1767116847.218814000,137,,,,,LLDP,,,,,,,,
2,s0ds0,1767116850.319277000,137,,,,,LLDP,,,,,,,,
2,s0ds0,1767116850.319462000,137,,,,,LLDP,,,,,,,,
2,s0ds0,1767116853.419709000,137,,,,,LLDP,,,,,,,,
2,s0ds0,1767116853.419844000,137,,,,,LLDP,,,,,,,,
2,s0ds0,1767116856.519017000,137,,,,,LLDP,,,,,,,,
2,s0ds0,1767116856.519482000,137,,,,,LLDP,,,,,,,,
2,s0ds0,1767116859.619331000,137,,,,,LLDP,,,,,,,,
2,s0ds0,1767116859.619389000,137,,,,,LLDP,,,,,,,,
2,s0ds0,1767116862.718856000,137,,,,,LLDP,,,,,,,,
2,s0ds0,1767116862.719146000,137,,,,,LLDP,,,,,,,,
2,s0ds0,1767116865.818919000,137,,,,,LLDP,,,,,,,,
2,s0ds0,1767116865.818962000,137,,,,,LLDP,,,,,,,,
2,s0ds0,1767116868.919274000,137,,,,,LLDP,,,,,,,,
2,s0ds0,1767116868.919316000,137,,,,,LLDP,,,,,,,,
2,s0ds0,1767116872.018891000,137,,,,,LLDP,,,,,,,,
2,s0ds0,1767116872.018951000,137,,,,,LLDP,,,,,,,,
2,s0ds0,1767116875.119083000,137,,,,,LLDP,,,,,,,,
2,s0ds0,1767116875.119156000,137,,,,,LLDP,,,,,,,,
2,s0ds0,1767116878.219461000,137,,,,,LLDP,,,,,,,,
2,s0ds0,1767116878.219614000,137,,,,,LLDP,,,,,,,,
2,s0ds0,1767116881.319273000,137,,,,,LLDP,,,,,,,,
2,s0ds0,1767116881.319348000,137,,,,,LLDP,,,,,,,,
2,s0ds0,1767116884.418890000,137,,,,,LLDP,,,,,,,,
2,s0ds0,1767116884.418935000,137,,,,,LLDP,,,,,,,,
2,s0ds0,1767116887.520159000,137,,,,,LLDP,,,,,,,,
2,s0ds0,1767116887.520237000,137,,,,,LLDP,,,,,,,,
2,s0ds0,1767116890.618938000,137,,,,,LLDP,,,,,,,,
2,s0ds0,1767116890.619145000,137,,,,,LLDP,,,,,,,,
2,s0ds0,1767116893.718412000,137,,,,,LLDP,,,,,,,,
2,s0ds0,1767116893.718615000,137,,,,,LLDP,,,,,,,,
2,s0ds0,1767116896.818984000,137,,,,,LLDP,,,,,,,,
2,s0ds0,1767116896.819030000,137,,,,,LLDP,,,,,,,,
2,s0ds0,1767116899.918830000,137,,,,,LLDP,,,,,,,,
2,s0ds0,1767116899.918912000,137,,,,,LLDP,,,,,,,,
2,s0ds0,1767116903.018761000,137,,,,,LLDP,,,,,,,,
2,s0ds0,1767116903.018842000,137,,,,,LLDP,,,,,,,,
2,s0ds0,1767116906.118951000,137,,,,,LLDP,,,,,,,,
2,s0ds0,1767116906.118994000,137,,,,,LLDP,,,,,,,,
2,s0ds0,1767116909.219010000,137,,,,,LLDP,,,,,,,,
2,s0ds0,1767116909.219089000,137,,,,,LLDP,,,,,,,,
2,s0ds0,1767116912.319064000,137,,,,,LLDP,,,,,,,,
2,s0ds0,1767116912.319228000,137,,,,,LLDP,,,,,,,,
2,s0ds0,1767116915.423992000,137,,,,,LLDP,,,,,,,,
2,s0ds0,1767116915.424043000,137,,,,,LLDP,,,,,,,,
2,s0ds0,1767116918.518587000,137,,,,,LLDP,,,,,,,,
2,s0ds0,1767116918.518679000,137,,,,,LLDP,,,,,,,,
2,s0ds0,1767116921.619103000,137,,,,,LLDP,,,,,,,,
2,s0ds0,1767116921.619156000,137,,,,,LLDP,,,,,,,,
2,s0ds0,1767116924.719412000,137,,,,,LLDP,,,,,,,,
2,s0ds0,1767116924.719453000,137,,,,,LLDP,,,,,,,,
2,s0ds0,1767116927.818967000,137,,,,,LLDP,,,,,,,,
2,s0ds0,1767116927.819055000,137,,,,,LLDP,,,,,,,,
2,s0ds0,1767116930.918971000,137,,,,,LLDP,,,,,,,,
2,s0ds0,1767116930.919034000,137,,,,,LLDP,,,,,,,,
2,s0ds0,1767116934.019626000,137,,,,,LLDP,,,,,,,,
2,s0ds0,1767116934.019666000,137,,,,,LLDP,,,,,,,,
2,s0ds0,1767116937.119067000,137,,,,,LLDP,,,,,,,,
2,s0ds0,1767116937.119109000,137,,,,,LLDP,,,,,,,,
2,s0ds0,1767116940.218566000,137,,,,,LLDP,,,,,,,,
2,s0ds0,1767116940.218611000,137,,,,,LLDP,,,,,,,,
2,s0ds0,1767116943.319207000,137,,,,,LLDP,,,,,,,,
2,s0ds0,1767116943.319250000,137,,,,,LLDP,,,,,,,,
2,s1cl3,1767116825.419389000,137,,,,,LLDP,,,,,,,,
2,s1cl3,1767116825.419471000,137,,,,,LLDP,,,,,,,,
2,s1cl3,1767116828.519327000,137,,,,,LLDP,,,,,,,,
2,s1cl3,1767116828.519374000,137,,,,,LLDP,,,,,,,,
2,s1cl3,1767116831.619358000,137,,,,,LLDP,,,,,,,,
2,s1cl3,1767116831.619419000,137,,,,,LLDP,,,,,,,,
2,s1cl3,1767116834.719426000,137,,,,,LLDP,,,,,,,,
2,s1cl3,1767116834.719479000,137,,,,,LLDP,,,,,,,,
2,s1cl3,1767116837.818605000,137,,,,,LLDP,,,,,,,,
2,s1cl3,1767116837.818651000,137,,,,,LLDP,,,,,,,,
2,s1cl3,1767116840.918670000,137,,,,,LLDP,,,,,,,,
2,s1cl3,1767116840.918801000,137,,,,,LLDP,,,,,,,,
2,s1cl3,1767116844.019469000,137,,,,,LLDP,,,,,,,,
2,s1cl3,1767116844.019547000,137,,,,,LLDP,,,,,,,,
2,s1cl3,1767116847.119768000,137,,,,,LLDP,,,,,,,,
2,s1cl3,1767116847.119822000,137,,,,,LLDP,,,,,,,,
2,s1cl3,1767116850.218744000,137,,,,,LLDP,,,,,,,,
2,s1cl3,1767116850.218793000,137,,,,,LLDP,,,,,,,,
2,s1cl3,1767116853.319520000,137,,,,,LLDP,,,,,,,,
2,s1cl3,1767116853.319602000,137,,,,,LLDP,,,,,,,,
2,s1cl3,1767116856.419817000,137,,,,,LLDP,,,,,,,,
2,s1cl3,1767116856.419866000,137,,,,,LLDP,,,,,,,,
2,s1cl3,1767116859.519271000,137,,,,,LLDP,,,,,,,,
2,s1cl3,1767116859.519330000,137,,,,,LLDP,,,,,,,,
2,s1cl3,1767116862.618898000,137,,,,,LLDP,,,,,,,,
2,s1cl3,1767116862.618944000,137,,,,,LLDP,,,,,,,,
2,s1cl3,1767116865.718885000,137,,,,,LLDP,,,,,,,,
2,s1cl3,1767116865.718971000,137,,,,,LLDP,,,,,,,,
2,s1cl3,1767116868.818653000,137,,,,,LLDP,,,,,,,,
2,s1cl3,1767116868.818699000,137,,,,,LLDP,,,,,,,,
2,s1cl3,1767116871.918409000,137,,,,,LLDP,,,,,,,,
2,s1cl3,1767116871.918456000,137,,,,,LLDP,,,,,,,,
2,s1cl3,1767116875.019524000,137,,,,,LLDP,,,,,,,,
2,s1cl3,1767116875.019600000,137,,,,,LLDP,,,,,,,,
2,s1cl3,1767116878.118598000,137,,,,,LLDP,,,,,,,,
2,s1cl3,1767116878.118703000,137,,,,,LLDP,,,,,,,,
2,s1cl3,1767116881.219022000,137,,,,,LLDP,,,,,,,,
2,s1cl3,1767116881.219104000,137,,,,,LLDP,,,,,,,,
2,s1cl3,1767116884.319312000,137,,,,,LLDP,,,,,,,,
2,s1cl3,1767116884.319450000,137,,,,,LLDP,,,,,,,,
2,s1cl3,1767116887.418791000,137,,,,,LLDP,,,,,,,,
2,s1cl3,1767116887.418838000,137,,,,,LLDP,,,,,,,,
2,s1cl3,1767116890.518419000,137,,,,,LLDP,,,,,,,,
2,s1cl3,1767116890.518465000,137,,,,,LLDP,,,,,,,,
2,s1cl3,1767116893.619372000,137,,,,,LLDP,,,,,,,,
2,s1cl3,1767116893.619435000,137,,,,,LLDP,,,,,,,,
2,s1cl3,1767116896.718870000,137,,,,,LLDP,,,,,,,,
2,s1cl3,1767116896.718918000,137,,,,,LLDP,,,,,,,,
2,s1cl3,1767116899.818833000,137,,,,,LLDP,,,,,,,,
2,s1cl3,1767116899.818879000,137,,,,,LLDP,,,,,,,,
2,s1cl3,1767116902.918524000,137,,,,,LLDP,,,,,,,,
2,s1cl3,1767116902.918580000,137,,,,,LLDP,,,,,,,,
2,s1cl3,1767116906.018880000,137,,,,,LLDP,,,,,,,,
2,s1cl3,1767116906.018956000,137,,,,,LLDP,,,,,,,,
2,s1cl3,1767116909.118739000,137,,,,,LLDP,,,,,,,,
2,s1cl3,1767116909.118820000,137,,,,,LLDP,,,,,,,,
2,s1cl3,1767116912.219617000,137,,,,,LLDP,,,,,,,,
2,s1cl3,1767116912.219701000,137,,,,,LLDP,,,,,,,,
2,s1cl3,1767116915.319068000,137,,,,,LLDP,,,,,,,,
2,s1cl3,1767116915.319127000,137,,,,,LLDP,,,,,,,,
2,s1cl3,1767116918.418539000,137,,,,,LLDP,,,,,,,,
2,s1cl3,1767116918.418586000,137,,,,,LLDP,,,,,,,,
2,s1cl3,1767116921.518977000,137,,,,,LLDP,,,,,,,,
2,s1cl3,1767116921.519025000,137,,,,,LLDP,,,,,,,,
2,s1cl3,1767116924.619358000,137,,,,,LLDP,,,,,,,,
2,s1cl3,1767116924.619430000,137,,,,,LLDP,,,,,,,,
2,s1cl3,1767116927.719120000,137,,,,,LLDP,,,,,,,,
2,s1cl3,1767116927.719221000,137,,,,,LLDP,,,,,,,,
2,s1cl3,1767116930.819456000,137,,,,,LLDP,,,,,,,,
2,s1cl3,1767116930.819504000,137,,,,,LLDP,,,,,,,,
2,s1cl3,1767116933.919418000,137,,,,,LLDP,,,,,,,,
2,s1cl3,1767116933.919467000,137,,,,,LLDP,,,,,,,,
2,s1cl3,1767116937.018425000,137,,,,,LLDP,,,,,,,,
2,s1cl3,1767116937.018473000,137,,,,,LLDP,,,,,,,,
2,s1cl3,1767116940.118714000,137,,,,,LLDP,,,,,,,,
2,s1cl3,1767116940.118778000,137,,,,,LLDP,,,,,,,,
2,s1cl3,1767116943.219188000,137,,,,,LLDP,,,,,,,,
2,s1cl3,1767116943.219235000,137,,,,,LLDP,,,,,,,,
2,s1cl4,1767116825.419556000,137,,,,,LLDP,,,,,,,,
2,s1cl4,1767116825.419776000,137,,,,,LLDP,,,,,,,,
2,s1cl4,1767116828.519447000,137,,,,,LLDP,,,,,,,,
2,s1cl4,1767116828.519518000,137,,,,,LLDP,,,,,,,,
2,s1cl4,1767116831.619466000,137,,,,,LLDP,,,,,,,,
2,s1cl4,1767116831.619519000,137,,,,,LLDP,,,,,,,,
2,s1cl4,1767116834.719523000,137,,,,,LLDP,,,,,,,,
2,s1cl4,1767116834.719565000,137,,,,,LLDP,,,,,,,,
2,s1cl4,1767116837.818692000,137,,,,,LLDP,,,,,,,,
2,s1cl4,1767116837.818818000,137,,,,,LLDP,,,,,,,,
2,s1cl4,1767116840.918880000,137,,,,,LLDP,,,,,,,,
2,s1cl4,1767116840.918963000,137,,,,,LLDP,,,,,,,,
2,s1cl4,1767116844.019620000,137,,,,,LLDP,,,,,,,,
2,s1cl4,1767116844.019690000,137,,,,,LLDP,,,,,,,,
2,s1cl4,1767116847.119864000,137,,,,,LLDP,,,,,,,,
2,s1cl4,1767116847.119907000,137,,,,,LLDP,,,,,,,,
2,s1cl4,1767116850.218840000,137,,,,,LLDP,,,,,,,,
2,s1cl4,1767116850.218915000,137,,,,,LLDP,,,,,,,,
2,s1cl4,1767116853.319682000,137,,,,,LLDP,,,,,,,,
2,s1cl4,1767116853.319759000,137,,,,,LLDP,,,,,,,,
2,s1cl4,1767116856.419921000,137,,,,,LLDP,,,,,,,,
2,s1cl4,1767116856.419991000,137,,,,,LLDP,,,,,,,,
2,s1cl4,1767116859.519371000,137,,,,,LLDP,,,,,,,,
2,s1cl4,1767116859.519447000,137,,,,,LLDP,,,,,,,,
2,s1cl4,1767116862.618985000,137,,,,,LLDP,,,,,,,,
2,s1cl4,1767116862.619026000,137,,,,,LLDP,,,,,,,,
2,s1cl4,1767116865.719040000,137,,,,,LLDP,,,,,,,,
2,s1cl4,1767116865.719111000,137,,,,,LLDP,,,,,,,,
2,s1cl4,1767116868.818788000,137,,,,,LLDP,,,,,,,,
2,s1cl4,1767116868.818866000,137,,,,,LLDP,,,,,,,,
2,s1cl4,1767116871.918497000,137,,,,,LLDP,,,,,,,,
2,s1cl4,1767116871.918551000,137,,,,,LLDP,,,,,,,,
2,s1cl4,1767116875.019674000,137,,,,,LLDP,,,,,,,,
2,s1cl4,1767116875.019758000,137,,,,,LLDP,,,,,,,,
2,s1cl4,1767116878.118840000,137,,,,,LLDP,,,,,,,,
2,s1cl4,1767116878.118934000,137,,,,,LLDP,,,,,,,,
2,s1cl4,1767116881.219179000,137,,,,,LLDP,,,,,,,,
2,s1cl4,1767116881.219270000,137,,,,,LLDP,,,,,,,,
2,s1cl4,1767116884.319546000,137,,,,,LLDP,,,,,,,,
2,s1cl4,1767116884.319633000,137,,,,,LLDP,,,,,,,,
2,s1cl4,1767116887.418879000,137,,,,,LLDP,,,,,,,,
2,s1cl4,1767116887.418921000,137,,,,,LLDP,,,,,,,,
2,s1cl4,1767116890.518531000,137,,,,,LLDP,,,,,,,,
2,s1cl4,1767116890.518574000,137,,,,,LLDP,,,,,,,,
2,s1cl4,1767116893.619498000,137,,,,,LLDP,,,,,,,,
2,s1cl4,1767116893.619541000,137,,,,,LLDP,,,,,,,,
2,s1cl4,1767116896.718972000,137,,,,,LLDP,,,,,,,,
2,s1cl4,1767116896.719014000,137,,,,,LLDP,,,,,,,,
2,s1cl4,1767116899.818919000,137,,,,,LLDP,,,,,,,,
2,s1cl4,1767116899.818965000,137,,,,,LLDP,,,,,,,,
2,s1cl4,1767116902.918633000,137,,,,,LLDP,,,,,,,,
2,s1cl4,1767116902.918676000,137,,,,,LLDP,,,,,,,,
2,s1cl4,1767116906.019014000,137,,,,,LLDP,,,,,,,,
2,s1cl4,1767116906.019070000,137,,,,,LLDP,,,,,,,,
2,s1cl4,1767116909.118897000,137,,,,,LLDP,,,,,,,,
2,s1cl4,1767116909.118969000,137,,,,,LLDP,,,,,,,,
2,s1cl4,1767116912.219744000,137,,,,,LLDP,,,,,,,,
2,s1cl4,1767116912.219799000,137,,,,,LLDP,,,,,,,,
2,s1cl4,1767116915.319181000,137,,,,,LLDP,,,,,,,,
2,s1cl4,1767116915.319226000,137,,,,,LLDP,,,,,,,,
2,s1cl4,1767116918.418628000,137,,,,,LLDP,,,,,,,,
2,s1cl4,1767116918.418671000,137,,,,,LLDP,,,,,,,,
2,s1cl4,1767116921.519088000,137,,,,,LLDP,,,,,,,,
2,s1cl4,1767116921.519131000,137,,,,,LLDP,,,,,,,,
2,s1cl4,1767116924.619475000,137,,,,,LLDP,,,,,,,,
2,s1cl4,1767116924.619520000,137,,,,,LLDP,,,,,,,,
2,s1cl4,1767116927.719271000,137,,,,,LLDP,,,,,,,,
2,s1cl4,1767116927.719316000,137,,,,,LLDP,,,,,,,,
2,s1cl4,1767116930.819545000,137,,,,,LLDP,,,,,,,,
2,s1cl4,1767116930.819588000,137,,,,,LLDP,,,,,,,,
2,s1cl4,1767116933.919523000,137,,,,,LLDP,,,,,,,,
2,s1cl4,1767116933.919567000,137,,,,,LLDP,,,,,,,,
2,s1cl4,1767116937.018558000,137,,,,,LLDP,,,,,,,,
2,s1cl4,1767116937.018619000,137,,,,,LLDP,,,,,,,,
2,s1cl4,1767116938.026834000,70,,,fe80::10cc:eff:fe23:fa35,ff02::2,ICMPv6,,,,,,,133,0
2,s1cl4,1767116940.118829000,137,,,,,LLDP,,,,,,,,
2,s1cl4,1767116940.118884000,137,,,,,LLDP,,,,,,,,
2,s1cl4,1767116943.219289000,137,,,,,LLDP,,,,,,,,
2,s1cl4,1767116943.219369000,137,,,,,LLDP,,,,,,,,
2,s1cl5,1767116828.519573000,137,,,,,LLDP,,,,,,,,
2,s1cl5,1767116828.519615000,137,,,,,LLDP,,,,,,,,
2,s1cl5,1767116831.619561000,137,,,,,LLDP,,,,,,,,
2,s1cl5,1767116831.619603000,137,,,,,LLDP,,,,,,,,
2,s1cl5,1767116834.719605000,137,,,,,LLDP,,,,,,,,
2,s1cl5,1767116834.719648000,137,,,,,LLDP,,,,,,,,
2,s1cl5,1767116837.818989000,137,,,,,LLDP,,,,,,,,
2,s1cl5,1767116837.819059000,137,,,,,LLDP,,,,,,,,
2,s1cl5,1767116840.919030000,137,,,,,LLDP,,,,,,,,
2,s1cl5,1767116840.919099000,137,,,,,LLDP,,,,,,,,
2,s1cl5,1767116844.019764000,137,,,,,LLDP,,,,,,,,
2,s1cl5,1767116844.019831000,137,,,,,LLDP,,,,,,,,
2,s1cl5,1767116847.119947000,137,,,,,LLDP,,,,,,,,
2,s1cl5,1767116847.119990000,137,,,,,LLDP,,,,,,,,
2,s1cl5,1767116850.219174000,137,,,,,LLDP,,,,,,,,
2,s1cl5,1767116850.219222000,137,,,,,LLDP,,,,,,,,
2,s1cl5,1767116853.319846000,137,,,,,LLDP,,,,,,,,
2,s1cl5,1767116853.319928000,137,,,,,LLDP,,,,,,,,
2,s1cl5,1767116856.420035000,137,,,,,LLDP,,,,,,,,
2,s1cl5,1767116856.420079000,137,,,,,LLDP,,,,,,,,
2,s1cl5,1767116859.519496000,137,,,,,LLDP,,,,,,,,
2,s1cl5,1767116859.519574000,137,,,,,LLDP,,,,,,,,
2,s1cl5,1767116862.619065000,137,,,,,LLDP,,,,,,,,
2,s1cl5,1767116862.619106000,137,,,,,LLDP,,,,,,,,
2,s1cl5,1767116865.719184000,137,,,,,LLDP,,,,,,,,
2,s1cl5,1767116865.719267000,137,,,,,LLDP,,,,,,,,
2,s1cl5,1767116868.818909000,137,,,,,LLDP,,,,,,,,
2,s1cl5,1767116868.819074000,137,,,,,LLDP,,,,,,,,
2,s1cl5,1767116871.918590000,137,,,,,LLDP,,,,,,,,
2,s1cl5,1767116871.918630000,137,,,,,LLDP,,,,,,,,
2,s1cl5,1767116875.019867000,137,,,,,LLDP,,,,,,,,
2,s1cl5,1767116875.020112000,137,,,,,LLDP,,,,,,,,
2,s1cl5,1767116878.119016000,137,,,,,LLDP,,,,,,,,
2,s1cl5,1767116878.119111000,137,,,,,LLDP,,,,,,,,
2,s1cl5,1767116881.219348000,137,,,,,LLDP,,,,,,,,
2,s1cl5,1767116881.219453000,137,,,,,LLDP,,,,,,,,
2,s1cl5,1767116884.319722000,137,,,,,LLDP,,,,,,,,
2,s1cl5,1767116884.319820000,137,,,,,LLDP,,,,,,,,
2,s1cl5,1767116887.419005000,137,,,,,LLDP,,,,,,,,
2,s1cl5,1767116887.419059000,137,,,,,LLDP,,,,,,,,
2,s1cl5,1767116890.518635000,137,,,,,LLDP,,,,,,,,
2,s1cl5,1767116890.518876000,137,,,,,LLDP,,,,,,,,
2,s1cl5,1767116893.619593000,137,,,,,LLDP,,,,,,,,
2,s1cl5,1767116893.619636000,137,,,,,LLDP,,,,,,,,
2,s1cl5,1767116896.719054000,137,,,,,LLDP,,,,,,,,
2,s1cl5,1767116896.719096000,137,,,,,LLDP,,,,,,,,
2,s1cl5,1767116899.819016000,137,,,,,LLDP,,,,,,,,
2,s1cl5,1767116899.819072000,137,,,,,LLDP,,,,,,,,
2,s1cl5,1767116902.918715000,137,,,,,LLDP,,,,,,,,
2,s1cl5,1767116902.918802000,137,,,,,LLDP,,,,,,,,
2,s1cl5,1767116906.019113000,137,,,,,LLDP,,,,,,,,
2,s1cl5,1767116906.019167000,137,,,,,LLDP,,,,,,,,
2,s1cl5,1767116909.119016000,137,,,,,LLDP,,,,,,,,
2,s1cl5,1767116909.119060000,137,,,,,LLDP,,,,,,,,
2,s1cl5,1767116912.219841000,137,,,,,LLDP,,,,,,,,
2,s1cl5,1767116912.219895000,137,,,,,LLDP,,,,,,,,
2,s1cl5,1767116915.319279000,137,,,,,LLDP,,,,,,,,
2,s1cl5,1767116915.319344000,137,,,,,LLDP,,,,,,,,
2,s1cl5,1767116918.418747000,137,,,,,LLDP,,,,,,,,
2,s1cl5,1767116918.418809000,137,,,,,LLDP,,,,,,,,
2,s1cl5,1767116921.519171000,137,,,,,LLDP,,,,,,,,
2,s1cl5,1767116921.519213000,137,,,,,LLDP,,,,,,,,
2,s1cl5,1767116921.642804000,70,,,fe80::90ff:baff:fea1:b62e,ff02::2,ICMPv6,,,,,,,133,0
2,s1cl5,1767116924.619560000,137,,,,,LLDP,,,,,,,,
2,s1cl5,1767116924.619603000,137,,,,,LLDP,,,,,,,,
2,s1cl5,1767116927.719389000,137,,,,,LLDP,,,,,,,,
2,s1cl5,1767116927.719432000,137,,,,,LLDP,,,,,,,,
2,s1cl5,1767116930.819628000,137,,,,,LLDP,,,,,,,,
2,s1cl5,1767116930.819674000,137,,,,,LLDP,,,,,,,,
2,s1cl5,1767116933.919608000,137,,,,,LLDP,,,,,,,,
2,s1cl5,1767116933.919650000,137,,,,,LLDP,,,,,,,,
2,s1cl5,1767116937.018672000,137,,,,,LLDP,,,,,,,,
2,s1cl5,1767116937.018714000,137,,,,,LLDP,,,,,,,,
2,s1cl5,1767116940.118937000,137,,,,,LLDP,,,,,,,,
2,s1cl5,1767116940.118980000,137,,,,,LLDP,,,,,,,,
2,s1cl5,1767116943.219423000,137,,,,,LLDP,,,,,,,,
2,s1cl5,1767116943.219465000,137,,,,,LLDP,,,,,,,,
2,s1cl6,1767116828.519656000,137,,,,,LLDP,,,,,,,,
2,s1cl6,1767116828.520131000,137,,,,,LLDP,,,,,,,,
2,s1cl6,1767116831.619645000,137,,,,,LLDP,,,,,,,,
2,s1cl6,1767116831.619730000,137,,,,,LLDP,,,,,,,,
2,s1cl6,1767116834.719689000,137,,,,,LLDP,,,,,,,,
2,s1cl6,1767116834.719771000,137,,,,,LLDP,,,,,,,,
2,s1cl6,1767116837.819218000,137,,,,,LLDP,,,,,,,,
2,s1cl6,1767116837.819287000,137,,,,,LLDP,,,,,,,,
2,s1cl6,1767116840.919169000,137,,,,,LLDP,,,,,,,,
2,s1cl6,1767116840.919242000,137,,,,,LLDP,,,,,,,,
2,s1cl6,1767116844.019901000,137,,,,,LLDP,,,,,,,,
2,s1cl6,1767116844.020007000,137,,,,,LLDP,,,,,,,,
2,s1cl6,1767116847.120031000,137,,,,,LLDP,,,,,,,,
2,s1cl6,1767116847.120073000,137,,,,,LLDP,,,,,,,,
2,s1cl6,1767116850.219291000,137,,,,,LLDP,,,,,,,,
2,s1cl6,1767116850.219481000,137,,,,,LLDP,,,,,,,,
2,s1cl6,1767116853.319983000,137,,,,,LLDP,,,,,,,,
2,s1cl6,1767116853.320028000,137,,,,,LLDP,,,,,,,,
2,s1cl6,1767116856.420120000,137,,,,,LLDP,,,,,,,,
2,s1cl6,1767116856.420162000,137,,,,,LLDP,,,,,,,,
2,s1cl6,1767116859.519658000,137,,,,,LLDP,,,,,,,,
2,s1cl6,1767116859.519739000,137,,,,,LLDP,,,,,,,,
2,s1cl6,1767116862.619146000,137,,,,,LLDP,,,,,,,,
2,s1cl6,1767116862.619213000,137,,,,,LLDP,,,,,,,,
2,s1cl6,1767116865.719330000,137,,,,,LLDP,,,,,,,,
2,s1cl6,1767116865.719385000,137,,,,,LLDP,,,,,,,,
2,s1cl6,1767116868.819145000,137,,,,,LLDP,,,,,,,,
2,s1cl6,1767116868.819189000,137,,,,,LLDP,,,,,,,,
2,s1cl6,1767116871.918840000,137,,,,,LLDP,,,,,,,,
2,s1cl6,1767116871.918918000,137,,,,,LLDP,,,,,,,,
2,s1cl6,1767116875.020183000,137,,,,,LLDP,,,,,,,,
2,s1cl6,1767116875.020253000,137,,,,,LLDP,,,,,,,,
2,s1cl6,1767116878.119180000,137,,,,,LLDP,,,,,,,,
2,s1cl6,1767116878.119227000,137,,,,,LLDP,,,,,,,,
2,s1cl6,1767116881.219533000,137,,,,,LLDP,,,,,,,,
2,s1cl6,1767116881.219593000,137,,,,,LLDP,,,,,,,,
2,s1cl6,1767116884.319897000,137,,,,,LLDP,,,,,,,,
2,s1cl6,1767116884.319952000,137,,,,,LLDP,,,,,,,,
2,s1cl6,1767116887.419122000,137,,,,,LLDP,,,,,,,,
2,s1cl6,1767116887.419293000,137,,,,,LLDP,,,,,,,,
2,s1cl6,1767116890.518943000,137,,,,,LLDP,,,,,,,,
2,s1cl6,1767116890.519101000,137,,,,,LLDP,,,,,,,,
2,s1cl6,1767116893.619678000,137,,,,,LLDP,,,,,,,,
2,s1cl6,1767116893.619722000,137,,,,,LLDP,,,,,,,,
2,s1cl6,1767116896.719136000,137,,,,,LLDP,,,,,,,,
2,s1cl6,1767116896.719178000,137,,,,,LLDP,,,,,,,,
2,s1cl6,1767116899.819250000,137,,,,,LLDP,,,,,,,,
2,s1cl6,1767116899.819294000,137,,,,,LLDP,,,,,,,,
2,s1cl6,1767116902.918842000,137,,,,,LLDP,,,,,,,,
2,s1cl6,1767116902.918892000,137,,,,,LLDP,,,,,,,,
2,s1cl6,1767116906.019221000,137,,,,,LLDP,,,,,,,,
2,s1cl6,1767116906.019264000,137,,,,,LLDP,,,,,,,,
2,s1cl6,1767116909.119108000,137,,,,,LLDP,,,,,,,,
2,s1cl6,1767116909.119150000,137,,,,,LLDP,,,,,,,,
2,s1cl6,1767116912.219936000,137,,,,,LLDP,,,,,,,,
2,s1cl6,1767116912.219977000,137,,,,,LLDP,,,,,,,,
2,s1cl6,1767116915.319393000,137,,,,,LLDP,,,,,,,,
2,s1cl6,1767116915.319437000,137,,,,,LLDP,,,,,,,,
2,s1cl6,1767116918.418856000,137,,,,,LLDP,,,,,,,,
2,s1cl6,1767116918.418899000,137,,,,,LLDP,,,,,,,,
2,s1cl6,1767116921.519254000,137,,,,,LLDP,,,,,,,,
2,s1cl6,1767116921.519296000,137,,,,,LLDP,,,,,,,,
2,s1cl6,1767116924.619644000,137,,,,,LLDP,,,,,,,,
2,s1cl6,1767116924.619686000,137,,,,,LLDP,,,,,,,,
2,s1cl6,1767116927.719472000,137,,,,,LLDP,,,,,,,,
2,s1cl6,1767116927.719513000,137,,,,,LLDP,,,,,,,,
2,s1cl6,1767116929.834820000,70,,,fe80::1c81:8aff:fe6b:594c,ff02::2,ICMPv6,,,,,,,133,0
2,s1cl6,1767116930.819716000,137,,,,,LLDP,,,,,,,,
2,s1cl6,1767116930.819902000,137,,,,,LLDP,,,,,,,,
2,s1cl6,1767116933.919691000,137,,,,,LLDP,,,,,,,,
2,s1cl6,1767116933.919743000,137,,,,,LLDP,,,,,,,,
2,s1cl6,1767116937.018815000,137,,,,,LLDP,,,,,,,,
2,s1cl6,1767116937.018988000,137,,,,,LLDP,,,,,,,,
2,s1cl6,1767116940.119021000,137,,,,,LLDP,,,,,,,,
2,s1cl6,1767116940.119063000,137,,,,,LLDP,,,,,,,,
2,s1cl6,1767116943.219505000,137,,,,,LLDP,,,,,,,,
2,s1cl6,1767116943.219547000,137,,,,,LLDP,,,,,,,,
2,s1cl7,1767116828.520187000,137,,,,,LLDP,,,,,,,,
2,s1cl7,1767116828.520276000,137,,,,,LLDP,,,,,,,,
2,s1cl7,1767116831.619911000,137,,,,,LLDP,,,,,,,,
2,s1cl7,1767116831.620106000,137,,,,,LLDP,,,,,,,,
2,s1cl7,1767116834.719814000,137,,,,,LLDP,,,,,,,,
2,s1cl7,1767116834.720246000,137,,,,,LLDP,,,,,,,,
2,s1cl7,1767116837.819330000,137,,,,,LLDP,,,,,,,,
2,s1cl7,1767116837.819545000,137,,,,,LLDP,,,,,,,,
2,s1cl7,1767116840.919307000,137,,,,,LLDP,,,,,,,,
2,s1cl7,1767116840.919377000,137,,,,,LLDP,,,,,,,,
2,s1cl7,1767116844.020072000,137,,,,,LLDP,,,,,,,,
2,s1cl7,1767116844.020201000,137,,,,,LLDP,,,,,,,,
2,s1cl7,1767116847.120114000,137,,,,,LLDP,,,,,,,,
2,s1cl7,1767116847.120195000,137,,,,,LLDP,,,,,,,,
2,s1cl7,1767116850.219530000,137,,,,,LLDP,,,,,,,,
2,s1cl7,1767116850.219608000,137,,,,,LLDP,,,,,,,,
2,s1cl7,1767116853.320099000,137,,,,,LLDP,,,,,,,,
2,s1cl7,1767116853.320143000,137,,,,,LLDP,,,,,,,,
2,s1cl7,1767116856.420235000,137,,,,,LLDP,,,,,,,,
2,s1cl7,1767116856.420284000,137,,,,,LLDP,,,,,,,,
2,s1cl7,1767116859.519785000,137,,,,,LLDP,,,,,,,,
2,s1cl7,1767116859.519851000,137,,,,,LLDP,,,,,,,,
2,s1cl7,1767116862.619399000,137,,,,,LLDP,,,,,,,,
2,s1cl7,1767116862.619470000,137,,,,,LLDP,,,,,,,,
2,s1cl7,1767116865.719446000,137,,,,,LLDP,,,,,,,,
2,s1cl7,1767116865.719521000,137,,,,,LLDP,,,,,,,,
2,s1cl7,1767116868.819252000,137,,,,,LLDP,,,,,,,,
2,s1cl7,1767116868.819438000,137,,,,,LLDP,,,,,,,,
2,s1cl7,1767116871.918959000,137,,,,,LLDP,,,,,,,,
2,s1cl7,1767116871.919142000,137,,,,,LLDP,,,,,,,,
2,s1cl7,1767116875.020313000,137,,,,,LLDP,,,,,,,,
2,s1cl7,1767116875.020398000,137,,,,,LLDP,,,,,,,,
2,s1cl7,1767116878.119431000,137,,,,,LLDP,,,,,,,,
2,s1cl7,1767116878.119517000,137,,,,,LLDP,,,,,,,,
2,s1cl7,1767116881.219636000,137,,,,,LLDP,,,,,,,,
2,s1cl7,1767116881.219679000,137,,,,,LLDP,,,,,,,,
2,s1cl7,1767116884.319993000,137,,,,,LLDP,,,,,,,,
2,s1cl7,1767116884.320035000,137,,,,,LLDP,,,,,,,,
2,s1cl7,1767116887.419378000,137,,,,,LLDP,,,,,,,,
2,s1cl7,1767116887.419796000,137,,,,,LLDP,,,,,,,,
2,s1cl7,1767116890.519167000,137,,,,,LLDP,,,,,,,,
2,s1cl7,1767116890.519611000,137,,,,,LLDP,,,,,,,,
2,s1cl7,1767116893.619904000,137,,,,,LLDP,,,,,,,,
2,s1cl7,1767116893.619958000,137,,,,,LLDP,,,,,,,,
2,s1cl7,1767116896.719230000,137,,,,,LLDP,,,,,,,,
2,s1cl7,1767116896.719463000,137,,,,,LLDP,,,,,,,,
2,s1cl7,1767116899.819355000,137,,,,,LLDP,,,,,,,,
2,s1cl7,1767116899.819401000,137,,,,,LLDP,,,,,,,,
2,s1cl7,1767116902.918933000,137,,,,,LLDP,,,,,,,,
2,s1cl7,1767116902.919000000,137,,,,,LLDP,,,,,,,,
2,s1cl7,1767116906.019304000,137,,,,,LLDP,,,,,,,,
2,s1cl7,1767116906.019394000,137,,,,,LLDP,,,,,,,,
2,s1cl7,1767116907.306802000,70,,,fe80::840f:6aff:fefe:99fc,ff02::2,ICMPv6,,,,,,,133,0
2,s1cl7,1767116909.119222000,137,,,,,LLDP,,,,,,,,
2,s1cl7,1767116909.119448000,137,,,,,LLDP,,,,,,,,
2,s1cl7,1767116912.220017000,137,,,,,LLDP,,,,,,,,
2,s1cl7,1767116912.220082000,137,,,,,LLDP,,,,,,,,
2,s1cl7,1767116915.319478000,137,,,,,LLDP,,,,,,,,
2,s1cl7,1767116915.319546000,137,,,,,LLDP,,,,,,,,
2,s1cl7,1767116918.418975000,137,,,,,LLDP,,,,,,,,
2,s1cl7,1767116918.419020000,137,,,,,LLDP,,,,,,,,
2,s1cl7,1767116921.519373000,137,,,,,LLDP,,,,,,,,
2,s1cl7,1767116921.519441000,137,,,,,LLDP,,,,,,,,
2,s1cl7,1767116924.619727000,137,,,,,LLDP,,,,,,,,
2,s1cl7,1767116924.619807000,137,,,,,LLDP,,,,,,,,
2,s1cl7,1767116927.719553000,137,,,,,LLDP,,,,,,,,
2,s1cl7,1767116927.719622000,137,,,,,LLDP,,,,,,,,
2,s1cl7,1767116930.820273000,137,,,,,LLDP,,,,,,,,
2,s1cl7,1767116930.820378000,137,,,,,LLDP,,,,,,,,
2,s1cl7,1767116933.919789000,137,,,,,LLDP,,,,,,,,
2,s1cl7,1767116933.919859000,137,,,,,LLDP,,,,,,,,
2,s1cl7,1767116933.930789000,70,,,fe80::e856:68ff:feb8:bd52,ff02::2,ICMPv6,,,,,,,133,0
2,s1cl7,1767116937.019034000,137,,,,,LLDP,,,,,,,,
2,s1cl7,1767116937.019114000,137,,,,,LLDP,,,,,,,,
2,s1cl7,1767116940.119133000,137,,,,,LLDP,,,,,,,,
2,s1cl7,1767116940.119180000,137,,,,,LLDP,,,,,,,,
2,s1cl7,1767116943.219598000,137,,,,,LLDP,,,,,,,,
2,s1cl7,1767116943.219678000,137,,,,,LLDP,,,,,,,,
2,s2cl10,1767116828.620942000,138,,,,,LLDP,,,,,,,,
2,s2cl10,1767116828.621016000,138,,,,,LLDP,,,,,,,,
2,s2cl10,1767116831.719797000,138,,,,,LLDP,,,,,,,,
2,s2cl10,1767116831.719838000,138,,,,,LLDP,,,,,,,,
2,s2cl10,1767116834.820962000,138,,,,,LLDP,,,,,,,,
2,s2cl10,1767116834.821026000,138,,,,,LLDP,,,,,,,,
2,s2cl10,1767116835.626832000,70,,,fe80::5492:30ff:fec7:4b67,ff02::2,ICMPv6,,,,,,,133,0
2,s2cl10,1767116837.920344000,138,,,,,LLDP,,,,,,,,
2,s2cl10,1767116837.920386000,138,,,,,LLDP,,,,,,,,
2,s2cl10,1767116841.020418000,138,,,,,LLDP,,,,,,,,
2,s2cl10,1767116841.020507000,138,,,,,LLDP,,,,,,,,
2,s2cl10,1767116844.120257000,138,,,,,LLDP,,,,,,,,
2,s2cl10,1767116844.120307000,138,,,,,LLDP,,,,,,,,
2,s2cl10,1767116847.219932000,138,,,,,LLDP,,,,,,,,
2,s2cl10,1767116847.220020000,138,,,,,LLDP,,,,,,,,
2,s2cl10,1767116850.320830000,138,,,,,LLDP,,,,,,,,
2,s2cl10,1767116850.321316000,138,,,,,LLDP,,,,,,,,
2,s2cl10,1767116853.421332000,138,,,,,LLDP,,,,,,,,
2,s2cl10,1767116853.421450000,138,,,,,LLDP,,,,,,,,
2,s2cl10,1767116856.520358000,138,,,,,LLDP,,,,,,,,
2,s2cl10,1767116856.520555000,138,,,,,LLDP,,,,,,,,
2,s2cl10,1767116859.620565000,138,,,,,LLDP,,,,,,,,
2,s2cl10,1767116859.620644000,138,,,,,LLDP,,,,,,,,
2,s2cl10,1767116862.720425000,138,,,,,LLDP,,,,,,,,
2,s2cl10,1767116862.720531000,138,,,,,LLDP,,,,,,,,
2,s2cl10,1767116865.820071000,138,,,,,LLDP,,,,,,,,
2,s2cl10,1767116865.820147000,138,,,,,LLDP,,,,,,,,
2,s2cl10,1767116868.920273000,138,,,,,LLDP,,,,,,,,
2,s2cl10,1767116868.920482000,138,,,,,LLDP,,,,,,,,
2,s2cl10,1767116872.020253000,138,,,,,LLDP,,,,,,,,
2,s2cl10,1767116872.020340000,138,,,,,LLDP,,,,,,,,
2,s2cl10,1767116875.120269000,138,,,,,LLDP,,,,,,,,
2,s2cl10,1767116875.120310000,138,,,,,LLDP,,,,,,,,
2,s2cl10,1767116878.220755000,138,,,,,LLDP,,,,,,,,
2,s2cl10,1767116878.220994000,138,,,,,LLDP,,,,,,,,
2,s2cl10,1767116881.320525000,138,,,,,LLDP,,,,,,,,
2,s2cl10,1767116881.320611000,138,,,,,LLDP,,,,,,,,
2,s2cl10,1767116884.420551000,138,,,,,LLDP,,,,,,,,
2,s2cl10,1767116884.420629000,138,,,,,LLDP,,,,,,,,
2,s2cl10,1767116887.520758000,138,,,,,LLDP,,,,,,,,
2,s2cl10,1767116887.520839000,138,,,,,LLDP,,,,,,,,
2,s2cl10,1767116890.620550000,138,,,,,LLDP,,,,,,,,
2,s2cl10,1767116890.620590000,138,,,,,LLDP,,,,,,,,
2,s2cl10,1767116893.719671000,138,,,,,LLDP,,,,,,,,
2,s2cl10,1767116893.719833000,138,,,,,LLDP,,,,,,,,
2,s2cl10,1767116896.820256000,138,,,,,LLDP,,,,,,,,
2,s2cl10,1767116896.820305000,138,,,,,LLDP,,,,,,,,
2,s2cl10,1767116899.920097000,138,,,,,LLDP,,,,,,,,
2,s2cl10,1767116899.920316000,138,,,,,LLDP,,,,,,,,
2,s2cl10,1767116903.020008000,138,,,,,LLDP,,,,,,,,
2,s2cl10,1767116903.020080000,138,,,,,LLDP,,,,,,,,
2,s2cl10,1767116906.120326000,138,,,,,LLDP,,,,,,,,
2,s2cl10,1767116906.120394000,138,,,,,LLDP,,,,,,,,
2,s2cl10,1767116909.220253000,138,,,,,LLDP,,,,,,,,
2,s2cl10,1767116909.220327000,138,,,,,LLDP,,,,,,,,
2,s2cl10,1767116912.320160000,138,,,,,LLDP,,,,,,,,
2,s2cl10,1767116912.320246000,138,,,,,LLDP,,,,,,,,
2,s2cl10,1767116915.420850000,138,,,,,LLDP,,,,,,,,
2,s2cl10,1767116915.420921000,138,,,,,LLDP,,,,,,,,
2,s2cl10,1767116918.520075000,138,,,,,LLDP,,,,,,,,
2,s2cl10,1767116918.520200000,138,,,,,LLDP,,,,,,,,
2,s2cl10,1767116921.619971000,138,,,,,LLDP,,,,,,,,
2,s2cl10,1767116921.620146000,138,,,,,LLDP,,,,,,,,
2,s2cl10,1767116924.720759000,138,,,,,LLDP,,,,,,,,
2,s2cl10,1767116924.720820000,138,,,,,LLDP,,,,,,,,
2,s2cl10,1767116927.820260000,138,,,,,LLDP,,,,,,,,
2,s2cl10,1767116927.820352000,138,,,,,LLDP,,,,,,,,
2,s2cl10,1767116930.920194000,138,,,,,LLDP,,,,,,,,
2,s2cl10,1767116930.920240000,138,,,,,LLDP,,,,,,,,
2,s2cl10,1767116934.020654000,138,,,,,LLDP,,,,,,,,
2,s2cl10,1767116934.020821000,138,,,,,LLDP,,,,,,,,
2,s2cl10,1767116937.120233000,138,,,,,LLDP,,,,,,,,
2,s2cl10,1767116937.120277000,138,,,,,LLDP,,,,,,,,
2,s2cl10,1767116940.074809000,70,,,fe80::10d1:3dff:fe99:b3c5,ff02::2,ICMPv6,,,,,,,133,0
2,s2cl10,1767116940.219948000,138,,,,,LLDP,,,,,,,,
2,s2cl10,1767116940.219987000,138,,,,,LLDP,,,,,,,,
2,s2cl10,1767116943.320250000,138,,,,,LLDP,,,,,,,,
2,s2cl10,1767116943.320330000,138,,,,,LLDP,,,,,,,,
2,s2cl8,1767116828.620304000,137,,,,,LLDP,,,,,,,,
2,s2cl8,1767116828.620347000,137,,,,,LLDP,,,,,,,,
2,s2cl8,1767116831.719598000,137,,,,,LLDP,,,,,,,,
2,s2cl8,1767116831.719644000,137,,,,,LLDP,,,,,,,,
2,s2cl8,1767116834.820772000,137,,,,,LLDP,,,,,,,,
2,s2cl8,1767116834.820819000,137,,,,,LLDP,,,,,,,,
2,s2cl8,1767116837.920120000,137,,,,,LLDP,,,,,,,,
2,s2cl8,1767116837.920196000,137,,,,,LLDP,,,,,,,,
2,s2cl8,1767116841.020227000,137,,,,,LLDP,,,,,,,,
2,s2cl8,1767116841.020279000,137,,,,,LLDP,,,,,,,,
2,s2cl8,1767116844.120095000,137,,,,,LLDP,,,,,,,,
2,s2cl8,1767116844.120139000,137,,,,,LLDP,,,,,,,,
2,s2cl8,1767116847.219554000,137,,,,,LLDP,,,,,,,,
2,s2cl8,1767116847.219622000,137,,,,,LLDP,,,,,,,,
2,s2cl8,1767116850.320213000,137,,,,,LLDP,,,,,,,,
2,s2cl8,1767116850.320259000,137,,,,,LLDP,,,,,,,,
2,s2cl8,1767116853.420831000,137,,,,,LLDP,,,,,,,,
2,s2cl8,1767116853.420905000,137,,,,,LLDP,,,,,,,,
2,s2cl8,1767116856.520024000,137,,,,,LLDP,,,,,,,,
2,s2cl8,1767116856.520069000,137,,,,,LLDP,,,,,,,,
2,s2cl8,1767116859.620371000,137,,,,,LLDP,,,,,,,,
2,s2cl8,1767116859.620441000,137,,,,,LLDP,,,,,,,,
2,s2cl8,1767116862.720094000,137,,,,,LLDP,,,,,,,,
2,s2cl8,1767116862.720169000,137,,,,,LLDP,,,,,,,,
2,s2cl8,1767116865.819713000,137,,,,,LLDP,,,,,,,,
2,s2cl8,1767116865.819758000,137,,,,,LLDP,,,,,,,,
2,s2cl8,1767116868.920079000,137,,,,,LLDP,,,,,,,,
2,s2cl8,1767116868.920123000,137,,,,,LLDP,,,,,,,,
2,s2cl8,1767116872.019928000,137,,,,,LLDP,,,,,,,,
2,s2cl8,1767116872.019987000,137,,,,,LLDP,,,,,,,,
2,s2cl8,1767116875.120040000,137,,,,,LLDP,,,,,,,,
2,s2cl8,1767116875.120115000,137,,,,,LLDP,,,,,,,,
2,s2cl8,1767116878.220460000,137,,,,,LLDP,,,,,,,,
2,s2cl8,1767116878.220502000,137,,,,,LLDP,,,,,,,,
2,s2cl8,1767116881.320247000,137,,,,,LLDP,,,,,,,,
2,s2cl8,1767116881.320292000,137,,,,,LLDP,,,,,,,,
2,s2cl8,1767116884.420312000,137,,,,,LLDP,,,,,,,,
2,s2cl8,1767116884.420414000,137,,,,,LLDP,,,,,,,,
2,s2cl8,1767116887.520585000,137,,,,,LLDP,,,,,,,,
2,s2cl8,1767116887.520630000,137,,,,,LLDP,,,,,,,,
2,s2cl8,1767116890.619899000,137,,,,,LLDP,,,,,,,,
2,s2cl8,1767116890.619974000,137,,,,,LLDP,,,,,,,,
2,s2cl8,1767116893.719317000,137,,,,,LLDP,,,,,,,,
2,s2cl8,1767116893.719509000,137,,,,,LLDP,,,,,,,,
2,s2cl8,1767116896.820075000,137,,,,,LLDP,,,,,,,,
2,s2cl8,1767116896.820120000,137,,,,,LLDP,,,,,,,,
2,s2cl8,1767116899.919919000,137,,,,,LLDP,,,,,,,,
2,s2cl8,1767116899.919976000,137,,,,,LLDP,,,,,,,,
2,s2cl8,1767116903.019845000,137,,,,,LLDP,,,,,,,,
2,s2cl8,1767116903.019890000,137,,,,,LLDP,,,,,,,,
2,s2cl8,1767116906.120146000,137,,,,,LLDP,,,,,,,,
2,s2cl8,1767116906.120197000,137,,,,,LLDP,,,,,,,,
2,s2cl8,1767116909.220085000,137,,,,,LLDP,,,,,,,,
2,s2cl8,1767116909.220131000,137,,,,,LLDP,,,,,,,,
2,s2cl8,1767116912.319970000,137,,,,,LLDP,,,,,,,,
2,s2cl8,1767116912.320026000,137,,,,,LLDP,,,,,,,,
2,s2cl8,1767116915.420681000,137,,,,,LLDP,,,,,,,,
2,s2cl8,1767116915.420726000,137,,,,,LLDP,,,,,,,,
2,s2cl8,1767116918.519750000,137,,,,,LLDP,,,,,,,,
2,s2cl8,1767116918.519840000,137,,,,,LLDP,,,,,,,,
2,s2cl8,1767116921.619715000,137,,,,,LLDP,,,,,,,,
2,s2cl8,1767116921.619770000,137,,,,,LLDP,,,,,,,,
2,s2cl8,1767116924.720480000,137,,,,,LLDP,,,,,,,,
2,s2cl8,1767116924.720555000,137,,,,,LLDP,,,,,,,,
2,s2cl8,1767116927.819750000,137,,,,,LLDP,,,,,,,,
2,s2cl8,1767116927.819823000,137,,,,,LLDP,,,,,,,,
2,s2cl8,1767116930.919833000,137,,,,,LLDP,,,,,,,,
2,s2cl8,1767116930.919878000,137,,,,,LLDP,,,,,,,,
2,s2cl8,1767116934.020490000,137,,,,,LLDP,,,,,,,,
2,s2cl8,1767116934.020532000,137,,,,,LLDP,,,,,,,,
2,s2cl8,1767116937.119705000,137,,,,,LLDP,,,,,,,,
2,s2cl8,1767116937.119773000,137,,,,,LLDP,,,,,,,,
2,s2cl8,1767116940.219786000,137,,,,,LLDP,,,,,,,,
2,s2cl8,1767116940.219830000,137,,,,,LLDP,,,,,,,,
2,s2cl8,1767116943.320066000,137,,,,,LLDP,,,,,,,,
2,s2cl8,1767116943.320112000,137,,,,,LLDP,,,,,,,,
2,s2cl9,1767116828.620445000,137,,,,,LLDP,,,,,,,,
2,s2cl9,1767116828.620892000,137,,,,,LLDP,,,,,,,,
2,s2cl9,1767116831.719684000,137,,,,,LLDP,,,,,,,,
2,s2cl9,1767116831.719725000,137,,,,,LLDP,,,,,,,,
2,s2cl9,1767116834.820858000,137,,,,,LLDP,,,,,,,,
2,s2cl9,1767116834.820898000,137,,,,,LLDP,,,,,,,,
2,s2cl9,1767116837.920242000,137,,,,,LLDP,,,,,,,,
2,s2cl9,1767116837.920282000,137,,,,,LLDP,,,,,,,,
2,s2cl9,1767116841.020319000,137,,,,,LLDP,,,,,,,,
2,s2cl9,1767116841.020357000,137,,,,,LLDP,,,,,,,,
2,s2cl9,1767116844.120178000,137,,,,,LLDP,,,,,,,,
2,s2cl9,1767116844.120218000,137,,,,,LLDP,,,,,,,,
2,s2cl9,1767116847.219665000,137,,,,,LLDP,,,,,,,,
2,s2cl9,1767116847.219886000,137,,,,,LLDP,,,,,,,,
2,s2cl9,1767116850.320710000,137,,,,,LLDP,,,,,,,,
2,s2cl9,1767116850.320787000,137,,,,,LLDP,,,,,,,,
2,s2cl9,1767116853.421003000,137,,,,,LLDP,,,,,,,,
2,s2cl9,1767116853.421220000,137,,,,,LLDP,,,,,,,,
2,s2cl9,1767116856.520239000,137,,,,,LLDP,,,,,,,,
2,s2cl9,1767116856.520283000,137,,,,,LLDP,,,,,,,,
2,s2cl9,1767116859.620483000,137,,,,,LLDP,,,,,,,,
2,s2cl9,1767116859.620524000,137,,,,,LLDP,,,,,,,,
2,s2cl9,1767116862.720249000,137,,,,,LLDP,,,,,,,,
2,s2cl9,1767116862.720330000,137,,,,,LLDP,,,,,,,,
2,s2cl9,1767116865.819816000,137,,,,,LLDP,,,,,,,,
2,s2cl9,1767116865.819859000,137,,,,,LLDP,,,,,,,,
2,s2cl9,1767116868.920163000,137,,,,,LLDP,,,,,,,,
2,s2cl9,1767116868.920231000,137,,,,,LLDP,,,,,,,,
2,s2cl9,1767116872.020038000,137,,,,,LLDP,,,,,,,,
2,s2cl9,1767116872.020082000,137,,,,,LLDP,,,,,,,,
2,s2cl9,1767116875.120185000,137,,,,,LLDP,,,,,,,,
2,s2cl9,1767116875.120229000,137,,,,,LLDP,,,,,,,,
2,s2cl9,1767116878.220543000,137,,,,,LLDP,,,,,,,,
2,s2cl9,1767116878.220584000,137,,,,,LLDP,,,,,,,,
2,s2cl9,1767116881.320416000,137,,,,,LLDP,,,,,,,,
2,s2cl9,1767116881.320463000,137,,,,,LLDP,,,,,,,,
2,s2cl9,1767116884.420470000,137,,,,,LLDP,,,,,,,,
2,s2cl9,1767116884.420511000,137,,,,,LLDP,,,,,,,,
2,s2cl9,1767116887.520678000,137,,,,,LLDP,,,,,,,,
2,s2cl9,1767116887.520719000,137,,,,,LLDP,,,,,,,,
2,s2cl9,1767116890.620464000,137,,,,,LLDP,,,,,,,,
2,s2cl9,1767116890.620511000,137,,,,,LLDP,,,,,,,,
2,s2cl9,1767116893.719565000,137,,,,,LLDP,,,,,,,,
2,s2cl9,1767116893.719622000,137,,,,,LLDP,,,,,,,,
2,s2cl9,1767116896.820161000,137,,,,,LLDP,,,,,,,,
2,s2cl9,1767116896.820215000,137,,,,,LLDP,,,,,,,,
2,s2cl9,1767116899.920017000,137,,,,,LLDP,,,,,,,,
2,s2cl9,1767116899.920057000,137,,,,,LLDP,,,,,,,,
2,s2cl9,1767116903.019930000,137,,,,,LLDP,,,,,,,,
2,s2cl9,1767116903.019970000,137,,,,,LLDP,,,,,,,,
2,s2cl9,1767116906.120238000,137,,,,,LLDP,,,,,,,,
2,s2cl9,1767116906.120279000,137,,,,,LLDP,,,,,,,,
2,s2cl9,1767116909.220171000,137,,,,,LLDP,,,,,,,,
2,s2cl9,1767116909.220213000,137,,,,,LLDP,,,,,,,,
2,s2cl9,1767116912.320078000,137,,,,,LLDP,,,,,,,,
2,s2cl9,1767116912.320120000,137,,,,,LLDP,,,,,,,,
2,s2cl9,1767116915.420772000,137,,,,,LLDP,,,,,,,,
2,s2cl9,1767116915.420812000,137,,,,,LLDP,,,,,,,,
2,s2cl9,1767116918.519920000,137,,,,,LLDP,,,,,,,,
2,s2cl9,1767116918.519999000,137,,,,,LLDP,,,,,,,,
2,s2cl9,1767116921.619854000,137,,,,,LLDP,,,,,,,,
2,s2cl9,1767116921.619910000,137,,,,,LLDP,,,,,,,,
2,s2cl9,1767116924.720622000,137,,,,,LLDP,,,,,,,,
2,s2cl9,1767116924.720692000,137,,,,,LLDP,,,,,,,,
2,s2cl9,1767116927.819932000,137,,,,,LLDP,,,,,,,,
2,s2cl9,1767116927.820195000,137,,,,,LLDP,,,,,,,,
2,s2cl9,1767116930.919963000,137,,,,,LLDP,,,,,,,,
2,s2cl9,1767116930.920006000,137,,,,,LLDP,,,,,,,,
2,s2cl9,1767116934.020572000,137,,,,,LLDP,,,,,,,,
2,s2cl9,1767116934.020612000,137,,,,,LLDP,,,,,,,,
2,s2cl9,1767116937.120090000,137,,,,,LLDP,,,,,,,,
2,s2cl9,1767116937.120140000,137,,,,,LLDP,,,,,,,,
2,s2cl9,1767116940.219869000,137,,,,,LLDP,,,,,,,,
2,s2cl9,1767116940.219909000,137,,,,,LLDP,,,,,,,,
2,s2cl9,1767116943.320154000,137,,,,,LLDP,,,,,,,,
2,s2cl9,1767116943.320211000,137,,,,,LLDP,,,,,,,,
3,s0cl0,1767116955.718910000,137,,,,,LLDP,,,,,,,,
3,s0cl0,1767116955.718958000,137,,,,,LLDP,,,,,,,,
3,s0cl0,1767116958.818269000,137,,,,,LLDP,,,,,,,,
3,s0cl0,1767116958.818337000,137,,,,,LLDP,,,,,,,,
3,s0cl0,1767116961.919168000,137,,,,,LLDP,,,,,,,,
3,s0cl0,1767116961.919388000,137,,,,,LLDP,,,,,,,,
3,s0cl0,1767116965.019283000,137,,,,,LLDP,,,,,,,,
3,s0cl0,1767116965.019360000,137,,,,,LLDP,,,,,,,,
3,s0cl0,1767116968.119047000,137,,,,,LLDP,,,,,,,,
3,s0cl0,1767116968.119096000,137,,,,,LLDP,,,,,,,,
3,s0cl0,1767116971.218856000,137,,,,,LLDP,,,,,,,,
3,s0cl0,1767116971.218909000,137,,,,,LLDP,,,,,,,,
3,s0cl0,1767116974.318594000,137,,,,,LLDP,,,,,,,,
3,s0cl0,1767116974.318645000,137,,,,,LLDP,,,,,,,,
3,s0cl0,1767116977.419002000,137,,,,,LLDP,,,,,,,,
3,s0cl0,1767116977.419090000,137,,,,,LLDP,,,,,,,,
3,s0cl0,1767116980.518758000,137,,,,,LLDP,,,,,,,,
3,s0cl0,1767116980.518804000,137,,,,,LLDP,,,,,,,,
3,s0cl0,1767116983.618328000,137,,,,,LLDP,,,,,,,,
3,s0cl0,1767116983.618405000,137,,,,,LLDP,,,,,,,,
3,s0cl0,1767116986.718933000,137,,,,,LLDP,,,,,,,,
3,s0cl0,1767116986.718999000,137,,,,,LLDP,,,,,,,,
3,s0cl0,1767116989.818689000,137,,,,,LLDP,,,,,,,,
3,s0cl0,1767116989.818863000,137,,,,,LLDP,,,,,,,,
3,s0cl0,1767116992.917984000,137,,,,,LLDP,,,,,,,,
3,s0cl0,1767116992.918042000,137,,,,,LLDP,,,,,,,,
3,s0cl0,1767116996.019227000,137,,,,,LLDP,,,,,,,,
3,s0cl0,1767116996.019287000,137,,,,,LLDP,,,,,,,,
3,s0cl0,1767116999.118063000,137,,,,,LLDP,,,,,,,,
3,s0cl0,1767116999.118108000,137,,,,,LLDP,,,,,,,,
3,s0cl0,1767117002.218079000,137,,,,,LLDP,,,,,,,,
3,s0cl0,1767117002.218388000,137,,,,,LLDP,,,,,,,,
3,s0cl0,1767117005.318779000,137,,,,,LLDP,,,,,,,,
3,s0cl0,1767117005.318861000,137,,,,,LLDP,,,,,,,,
3,s0cl0,1767117008.419003000,137,,,,,LLDP,,,,,,,,
3,s0cl0,1767117008.419081000,137,,,,,LLDP,,,,,,,,
3,s0cl0,1767117011.518462000,137,,,,,LLDP,,,,,,,,
3,s0cl0,1767117011.518545000,137,,,,,LLDP,,,,,,,,
3,s0cl0,1767117014.619756000,137,,,,,LLDP,,,,,,,,
3,s0cl0,1767117014.619827000,137,,,,,LLDP,,,,,,,,
3,s0cl0,1767117017.719058000,137,,,,,LLDP,,,,,,,,
3,s0cl0,1767117017.719127000,137,,,,,LLDP,,,,,,,,
3,s0cl0,1767117020.818608000,137,,,,,LLDP,,,,,,,,
3,s0cl0,1767117020.818654000,137,,,,,LLDP,,,,,,,,
3,s0cl0,1767117023.918446000,137,,,,,LLDP,,,,,,,,
3,s0cl0,1767117023.918527000,137,,,,,LLDP,,,,,,,,
3,s0cl0,1767117027.018665000,137,,,,,LLDP,,,,,,,,
3,s0cl0,1767117027.018801000,137,,,,,LLDP,,,,,,,,
3,s0cl0,1767117030.117987000,137,,,,,LLDP,,,,,,,,
3,s0cl0,1767117030.118035000,137,,,,,LLDP,,,,,,,,
3,s0cl0,1767117033.218516000,137,,,,,LLDP,,,,,,,,
3,s0cl0,1767117033.218592000,137,,,,,LLDP,,,,,,,,
3,s0cl0,1767117036.319209000,137,,,,,LLDP,,,,,,,,
3,s0cl0,1767117036.319299000,137,,,,,LLDP,,,,,,,,
3,s0cl0,1767117039.418166000,137,,,,,LLDP,,,,,,,,
3,s0cl0,1767117039.418213000,137,,,,,LLDP,,,,,,,,
3,s0cl0,1767117042.518183000,137,,,,,LLDP,,,,,,,,
3,s0cl0,1767117042.518283000,137,,,,,LLDP,,,,,,,,
3,s0cl0,1767117045.619177000,137,,,,,LLDP,,,,,,,,
3,s0cl0,1767117045.619256000,137,,,,,LLDP,,,,,,,,
3,s0cl0,1767117048.719025000,137,,,,,LLDP,,,,,,,,
3,s0cl0,1767117048.719073000,137,,,,,LLDP,,,,,,,,
3,s0cl0,1767117051.818632000,137,,,,,LLDP,,,,,,,,
3,s0cl0,1767117051.818698000,137,,,,,LLDP,,,,,,,,
3,s0cl0,1767117054.919508000,137,,,,,LLDP,,,,,,,,
3,s0cl0,1767117054.919560000,137,,,,,LLDP,,,,,,,,
3,s0cl0,1767117058.018613000,137,,,,,LLDP,,,,,,,,
3,s0cl0,1767117058.018689000,137,,,,,LLDP,,,,,,,,
3,s0cl0,1767117061.118871000,137,,,,,LLDP,,,,,,,,
3,s0cl0,1767117061.118926000,137,,,,,LLDP,,,,,,,,
3,s0cl0,1767117064.218849000,137,,,,,LLDP,,,,,,,,
3,s0cl0,1767117064.218899000,137,,,,,LLDP,,,,,,,,
3,s0cl0,1767117067.318748000,137,,,,,LLDP,,,,,,,,
3,s0cl0,1767117067.318811000,137,,,,,LLDP,,,,,,,,
3,s0cl0,1767117070.418894000,137,,,,,LLDP,,,,,,,,
3,s0cl0,1767117070.418941000,137,,,,,LLDP,,,,,,,,
3,s0cl1,1767116955.719002000,137,,,,,LLDP,,,,,,,,
3,s0cl1,1767116955.719047000,137,,,,,LLDP,,,,,,,,
3,s0cl1,1767116958.818381000,137,,,,,LLDP,,,,,,,,
3,s0cl1,1767116958.818458000,137,,,,,LLDP,,,,,,,,
3,s0cl1,1767116961.919479000,137,,,,,LLDP,,,,,,,,
3,s0cl1,1767116961.919574000,137,,,,,LLDP,,,,,,,,
3,s0cl1,1767116965.019424000,137,,,,,LLDP,,,,,,,,
3,s0cl1,1767116965.019502000,137,,,,,LLDP,,,,,,,,
3,s0cl1,1767116968.119140000,137,,,,,LLDP,,,,,,,,
3,s0cl1,1767116968.119184000,137,,,,,LLDP,,,,,,,,
3,s0cl1,1767116971.218951000,137,,,,,LLDP,,,,,,,,
3,s0cl1,1767116971.218994000,137,,,,,LLDP,,,,,,,,
3,s0cl1,1767116974.318687000,137,,,,,LLDP,,,,,,,,
3,s0cl1,1767116974.318786000,137,,,,,LLDP,,,,,,,,
3,s0cl1,1767116977.419169000,137,,,,,LLDP,,,,,,,,
3,s0cl1,1767116977.419254000,137,,,,,LLDP,,,,,,,,
3,s0cl1,1767116980.518845000,137,,,,,LLDP,,,,,,,,
3,s0cl1,1767116980.518916000,137,,,,,LLDP,,,,,,,,
3,s0cl1,1767116983.082781000,70,,,fe80::ac09:f1ff:feaf:82bd,ff02::2,ICMPv6,,,,,,,133,0
3,s0cl1,1767116983.618484000,137,,,,,LLDP,,,,,,,,
3,s0cl1,1767116983.618526000,137,,,,,LLDP,,,,,,,,
3,s0cl1,1767116986.719075000,137,,,,,LLDP,,,,,,,,
3,s0cl1,1767116986.719154000,137,,,,,LLDP,,,,,,,,
3,s0cl1,1767116989.818936000,137,,,,,LLDP,,,,,,,,
3,s0cl1,1767116989.819018000,137,,,,,LLDP,,,,,,,,
3,s0cl1,1767116992.918083000,137,,,,,LLDP,,,,,,,,
3,s0cl1,1767116992.918137000,137,,,,,LLDP,,,,,,,,
3,s0cl1,1767116996.019340000,137,,,,,LLDP,,,,,,,,
3,s0cl1,1767116996.019383000,137,,,,,LLDP,,,,,,,,
3,s0cl1,1767116999.118149000,137,,,,,LLDP,,,,,,,,
3,s0cl1,1767116999.118230000,137,,,,,LLDP,,,,,,,,
3,s0cl1,1767117002.218441000,137,,,,,LLDP,,,,,,,,
3,s0cl1,1767117002.218483000,137,,,,,LLDP,,,,,,,,
3,s0cl1,1767117005.318905000,137,,,,,LLDP,,,,,,,,
3,s0cl1,1767117005.318949000,137,,,,,LLDP,,,,,,,,
3,s0cl1,1767117008.419132000,137,,,,,LLDP,,,,,,,,
3,s0cl1,1767117008.419211000,137,,,,,LLDP,,,,,,,,
3,s0cl1,1767117011.518617000,137,,,,,LLDP,,,,,,,,
3,s0cl1,1767117011.518688000,137,,,,,LLDP,,,,,,,,
3,s0cl1,1767117014.619874000,137,,,,,LLDP,,,,,,,,
3,s0cl1,1767117014.619929000,137,,,,,LLDP,,,,,,,,
3,s0cl1,1767117017.719183000,137,,,,,LLDP,,,,,,,,
3,s0cl1,1767117017.719227000,137,,,,,LLDP,,,,,,,,
3,s0cl1,1767117020.818708000,137,,,,,LLDP,,,,,,,,
3,s0cl1,1767117020.818810000,137,,,,,LLDP,,,,,,,,
3,s0cl1,1767117023.918610000,137,,,,,LLDP,,,,,,,,
3,s0cl1,1767117023.918690000,137,,,,,LLDP,,,,,,,,
3,s0cl1,1767117027.018880000,137,,,,,LLDP,,,,,,,,
3,s0cl1,1767117027.018936000,137,,,,,LLDP,,,,,,,,
3,s0cl1,1767117030.118089000,137,,,,,LLDP,,,,,,,,
3,s0cl1,1767117030.118131000,137,,,,,LLDP,,,,,,,,
3,s0cl1,1767117033.218653000,137,,,,,LLDP,,,,,,,,
3,s0cl1,1767117033.218734000,137,,,,,LLDP,,,,,,,,
3,s0cl1,1767117036.319347000,137,,,,,LLDP,,,,,,,,
3,s0cl1,1767117036.319404000,137,,,,,LLDP,,,,,,,,
3,s0cl1,1767117039.418283000,137,,,,,LLDP,,,,,,,,
3,s0cl1,1767117039.418328000,137,,,,,LLDP,,,,,,,,
3,s0cl1,1767117042.518328000,137,,,,,LLDP,,,,,,,,
3,s0cl1,1767117042.518370000,137,,,,,LLDP,,,,,,,,
3,s0cl1,1767117045.619324000,137,,,,,LLDP,,,,,,,,
3,s0cl1,1767117045.619387000,137,,,,,LLDP,,,,,,,,
3,s0cl1,1767117048.719116000,137,,,,,LLDP,,,,,,,,
3,s0cl1,1767117048.719172000,137,,,,,LLDP,,,,,,,,
3,s0cl1,1767117051.818771000,137,,,,,LLDP,,,,,,,,
3,s0cl1,1767117051.818816000,137,,,,,LLDP,,,,,,,,
3,s0cl1,1767117054.919602000,137,,,,,LLDP,,,,,,,,
3,s0cl1,1767117054.919645000,137,,,,,LLDP,,,,,,,,
3,s0cl1,1767117058.018814000,137,,,,,LLDP,,,,,,,,
3,s0cl1,1767117058.018887000,137,,,,,LLDP,,,,,,,,
3,s0cl1,1767117061.118976000,137,,,,,LLDP,,,,,,,,
3,s0cl1,1767117061.119019000,137,,,,,LLDP,,,,,,,,
3,s0cl1,1767117064.218943000,137,,,,,LLDP,,,,,,,,
3,s0cl1,1767117064.218998000,137,,,,,LLDP,,,,,,,,
3,s0cl1,1767117067.318857000,137,,,,,LLDP,,,,,,,,
3,s0cl1,1767117067.318898000,137,,,,,LLDP,,,,,,,,
3,s0cl1,1767117070.418982000,137,,,,,LLDP,,,,,,,,
3,s0cl1,1767117070.419026000,137,,,,,LLDP,,,,,,,,
3,s0cl2,1767116955.719090000,137,,,,,LLDP,,,,,,,,
3,s0cl2,1767116955.719134000,137,,,,,LLDP,,,,,,,,
3,s0cl2,1767116958.818505000,137,,,,,LLDP,,,,,,,,
3,s0cl2,1767116958.818548000,137,,,,,LLDP,,,,,,,,
3,s0cl2,1767116961.919667000,137,,,,,LLDP,,,,,,,,
3,s0cl2,1767116961.919759000,137,,,,,LLDP,,,,,,,,
3,s0cl2,1767116965.019544000,137,,,,,LLDP,,,,,,,,
3,s0cl2,1767116965.019586000,137,,,,,LLDP,,,,,,,,
3,s0cl2,1767116968.119226000,137,,,,,LLDP,,,,,,,,
3,s0cl2,1767116968.119269000,137,,,,,LLDP,,,,,,,,
3,s0cl2,1767116971.219036000,137,,,,,LLDP,,,,,,,,
3,s0cl2,1767116971.219078000,137,,,,,LLDP,,,,,,,,
3,s0cl2,1767116974.318836000,137,,,,,LLDP,,,,,,,,
3,s0cl2,1767116974.318889000,137,,,,,LLDP,,,,,,,,
3,s0cl2,1767116977.419348000,137,,,,,LLDP,,,,,,,,
3,s0cl2,1767116977.419431000,137,,,,,LLDP,,,,,,,,
3,s0cl2,1767116980.518960000,137,,,,,LLDP,,,,,,,,
3,s0cl2,1767116980.519126000,137,,,,,LLDP,,,,,,,,
3,s0cl2,1767116983.618567000,137,,,,,LLDP,,,,,,,,
3,s0cl2,1767116983.618836000,137,,,,,LLDP,,,,,,,,
3,s0cl2,1767116986.719225000,137,,,,,LLDP,,,,,,,,
3,s0cl2,1767116986.719326000,137,,,,,LLDP,,,,,,,,
3,s0cl2,1767116989.819102000,137,,,,,LLDP,,,,,,,,
3,s0cl2,1767116989.819188000,137,,,,,LLDP,,,,,,,,
3,s0cl2,1767116992.918178000,137,,,,,LLDP,,,,,,,,
3,s0cl2,1767116992.918220000,137,,,,,LLDP,,,,,,,,
3,s0cl2,1767116996.019430000,137,,,,,LLDP,,,,,,,,
3,s0cl2,1767116996.019472000,137,,,,,LLDP,,,,,,,,
3,s0cl2,1767116999.118290000,137,,,,,LLDP,,,,,,,,
3,s0cl2,1767116999.118498000,137,,,,,LLDP,,,,,,,,
3,s0cl2,1767117002.218527000,137,,,,,LLDP,,,,,,,,
3,s0cl2,1767117002.218591000,137,,,,,LLDP,,,,,,,,
3,s0cl2,1767117005.318990000,137,,,,,LLDP,,,,,,,,
3,s0cl2,1767117005.319032000,137,,,,,LLDP,,,,,,,,
3,s0cl2,1767117008.419309000,137,,,,,LLDP,,,,,,,,
3,s0cl2,1767117008.419401000,137,,,,,LLDP,,,,,,,,
3,s0cl2,1767117011.518794000,137,,,,,LLDP,,,,,,,,
3,s0cl2,1767117011.518861000,137,,,,,LLDP,,,,,,,,
3,s0cl2,1767117014.620006000,137,,,,,LLDP,,,,,,,,
3,s0cl2,1767117014.620087000,137,,,,,LLDP,,,,,,,,
3,s0cl2,1767117017.719305000,137,,,,,LLDP,,,,,,,,
3,s0cl2,1767117017.719376000,137,,,,,LLDP,,,,,,,,
3,s0cl2,1767117020.818854000,137,,,,,LLDP,,,,,,,,
3,s0cl2,1767117020.818895000,137,,,,,LLDP,,,,,,,,
3,s0cl2,1767117023.918797000,137,,,,,LLDP,,,,,,,,
3,s0cl2,1767117023.918885000,137,,,,,LLDP,,,,,,,,
3,s0cl2,1767117027.018978000,137,,,,,LLDP,,,,,,,,
3,s0cl2,1767117027.019018000,137,,,,,LLDP,,,,,,,,
3,s0cl2,1767117030.118170000,137,,,,,LLDP,,,,,,,,
3,s0cl2,1767117030.118211000,137,,,,,LLDP,,,,,,,,
3,s0cl2,1767117033.218804000,137,,,,,LLDP,,,,,,,,
3,s0cl2,1767117033.218878000,137,,,,,LLDP,,,,,,,,
3,s0cl2,1767117036.319446000,137,,,,,LLDP,,,,,,,,
3,s0cl2,1767117036.319489000,137,,,,,LLDP,,,,,,,,
3,s0cl2,1767117039.418370000,137,,,,,LLDP,,,,,,,,
3,s0cl2,1767117039.418425000,137,,,,,LLDP,,,,,,,,
3,s0cl2,1767117042.518411000,137,,,,,LLDP,,,,,,,,
3,s0cl2,1767117042.518578000,137,,,,,LLDP,,,,,,,,
3,s0cl2,1767117045.619443000,137,,,,,LLDP,,,,,,,,
3,s0cl2,1767117045.619487000,137,,,,,LLDP,,,,,,,,
3,s0cl2,1767117048.719212000,137,,,,,LLDP,,,,,,,,
3,s0cl2,1767117048.719288000,137,,,,,LLDP,,,,,,,,
3,s0cl2,1767117051.818868000,137,,,,,LLDP,,,,,,,,
3,s0cl2,1767117051.818921000,137,,,,,LLDP,,,,,,,,
3,s0cl2,1767117054.919685000,137,,,,,LLDP,,,,,,,,
3,s0cl2,1767117054.919726000,137,,,,,LLDP,,,,,,,,
3,s0cl2,1767117058.018955000,137,,,,,LLDP,,,,,,,,
3,s0cl2,1767117058.019036000,137,,,,,LLDP,,,,,,,,
3,s0cl2,1767117061.119060000,137,,,,,LLDP,,,,,,,,
3,s0cl2,1767117061.119268000,137,,,,,LLDP,,,,,,,,
3,s0cl2,1767117064.219052000,137,,,,,LLDP,,,,,,,,
3,s0cl2,1767117064.219096000,137,,,,,LLDP,,,,,,,,
3,s0cl2,1767117067.318938000,137,,,,,LLDP,,,,,,,,
3,s0cl2,1767117067.318984000,137,,,,,LLDP,,,,,,,,
3,s0cl2,1767117070.419068000,137,,,,,LLDP,,,,,,,,
3,s0cl2,1767117070.419121000,137,,,,,LLDP,,,,,,,,
3,s0ds0,1767116955.719175000,137,,,,,LLDP,,,,,,,,
3,s0ds0,1767116955.719250000,137,,,,,LLDP,,,,,,,,
3,s0ds0,1767116958.818609000,137,,,,,LLDP,,,,,,,,
3,s0ds0,1767116958.818653000,137,,,,,LLDP,,,,,,,,
3,s0ds0,1767116961.919856000,137,,,,,LLDP,,,,,,,,
3,s0ds0,1767116961.919988000,137,,,,,LLDP,,,,,,,,
3,s0ds0,1767116965.019664000,137,,,,,LLDP,,,,,,,,
3,s0ds0,1767116965.019889000,137,,,,,LLDP,,,,,,,,
3,s0ds0,1767116966.698810000,70,,,fe80::643e:3ff:feee:6c76,ff02::2,ICMPv6,,,,,,,133,0
3,s0ds0,1767116968.119351000,137,,,,,LLDP,,,,,,,,
3,s0ds0,1767116968.119399000,137,,,,,LLDP,,,,,,,,
3,s0ds0,1767116971.219120000,137,,,,,LLDP,,,,,,,,
3,s0ds0,1767116971.219243000,137,,,,,LLDP,,,,,,,,
3,s0ds0,1767116974.318929000,137,,,,,LLDP,,,,,,,,
3,s0ds0,1767116974.318999000,137,,,,,LLDP,,,,,,,,
3,s0ds0,1767116977.419505000,137,,,,,LLDP,,,,,,,,
3,s0ds0,1767116977.419626000,137,,,,,LLDP,,,,,,,,
3,s0ds0,1767116980.519172000,137,,,,,LLDP,,,,,,,,
3,s0ds0,1767116980.519251000,137,,,,,LLDP,,,,,,,,
3,s0ds0,1767116983.618919000,137,,,,,LLDP,,,,,,,,
3,s0ds0,1767116983.619112000,137,,,,,LLDP,,,,,,,,
3,s0ds0,1767116986.719412000,137,,,,,LLDP,,,,,,,,
3,s0ds0,1767116986.719525000,137,,,,,LLDP,,,,,,,,
3,s0ds0,1767116989.819266000,137,,,,,LLDP,,,,,,,,
3,s0ds0,1767116989.819441000,137,,,,,LLDP,,,,,,,,
3,s0ds0,1767116992.918320000,137,,,,,LLDP,,,,,,,,
3,s0ds0,1767116992.918377000,137,,,,,LLDP,,,,,,,,
3,s0ds0,1767116996.019513000,137,,,,,LLDP,,,,,,,,
3,s0ds0,1767116996.019587000,137,,,,,LLDP,,,,,,,,
3,s0ds0,1767116999.118576000,137,,,,,LLDP,,,,,,,,
3,s0ds0,1767116999.118849000,137,,,,,LLDP,,,,,,,,
3,s0ds0,1767116999.466821000,70,,,fe80::38a5:2aff:feb2:7628,ff02::2,ICMPv6,,,,,,,133,0
3,s0ds0,1767117002.218633000,137,,,,,LLDP,,,,,,,,
3,s0ds0,1767117002.218748000,137,,,,,LLDP,,,,,,,,
3,s0ds0,1767117005.319072000,137,,,,,LLDP,,,,,,,,
3,s0ds0,1767117005.319141000,137,,,,,LLDP,,,,,,,,
3,s0ds0,1767117008.419474000,137,,,,,LLDP,,,,,,,,
3,s0ds0,1767117008.419612000,137,,,,,LLDP,,,,,,,,
3,s0ds0,1767117011.518934000,137,,,,,LLDP,,,,,,,,
3,s0ds0,1767117011.519003000,137,,,,,LLDP,,,,,,,,
3,s0ds0,1767117014.620167000,137,,,,,LLDP,,,,,,,,
3,s0ds0,1767117014.620299000,137,,,,,LLDP,,,,,,,,
3,s0ds0,1767117017.719452000,137,,,,,LLDP,,,,,,,,
3,s0ds0,1767117017.719568000,137,,,,,LLDP,,,,,,,,
3,s0ds0,1767117020.818935000,137,,,,,LLDP,,,,,,,,
3,s0ds0,1767117020.819014000,137,,,,,LLDP,,,,,,,,
3,s0ds0,1767117023.918968000,137,,,,,LLDP,,,,,,,,
3,s0ds0,1767117023.919087000,137,,,,,LLDP,,,,,,,,
3,s0ds0,1767117027.019061000,137,,,,,LLDP,,,,,,,,
3,s0ds0,1767117027.019130000,137,,,,,LLDP,,,,,,,,
3,s0ds0,1767117030.118285000,137,,,,,LLDP,,,,,,,,
3,s0ds0,1767117030.118368000,137,,,,,LLDP,,,,,,,,
3,s0ds0,1767117033.218943000,137,,,,,LLDP,,,,,,,,
3,s0ds0,1767117033.219023000,137,,,,,LLDP,,,,,,,,
3,s0ds0,1767117036.319531000,137,,,,,LLDP,,,,,,,,
3,s0ds0,1767117036.319614000,137,,,,,LLDP,,,,,,,,
3,s0ds0,1767117039.418465000,137,,,,,LLDP,,,,,,,,
3,s0ds0,1767117039.418531000,137,,,,,LLDP,,,,,,,,
3,s0ds0,1767117042.518623000,137,,,,,LLDP,,,,,,,,
3,s0ds0,1767117042.518666000,137,,,,,LLDP,,,,,,,,
3,s0ds0,1767117045.619541000,137,,,,,LLDP,,,,,,,,
3,s0ds0,1767117045.619630000,137,,,,,LLDP,,,,,,,,
3,s0ds0,1767117048.719344000,137,,,,,LLDP,,,,,,,,
3,s0ds0,1767117048.719412000,137,,,,,LLDP,,,,,,,,
3,s0ds0,1767117051.818961000,137,,,,,LLDP,,,,,,,,
3,s0ds0,1767117051.819030000,137,,,,,LLDP,,,,,,,,
3,s0ds0,1767117054.919767000,137,,,,,LLDP,,,,,,,,
3,s0ds0,1767117054.919837000,137,,,,,LLDP,,,,,,,,
3,s0ds0,1767117058.019111000,137,,,,,LLDP,,,,,,,,
3,s0ds0,1767117058.019180000,137,,,,,LLDP,,,,,,,,
3,s0ds0,1767117061.119320000,137,,,,,LLDP,,,,,,,,
3,s0ds0,1767117061.119365000,137,,,,,LLDP,,,,,,,,
3,s0ds0,1767117064.219175000,137,,,,,LLDP,,,,,,,,
3,s0ds0,1767117064.219881000,137,,,,,LLDP,,,,,,,,
3,s0ds0,1767117067.319025000,137,,,,,LLDP,,,,,,,,
3,s0ds0,1767117067.319092000,137,,,,,LLDP,,,,,,,,
3,s0ds0,1767117070.419174000,137,,,,,LLDP,,,,,,,,
3,s0ds0,1767117070.419288000,137,,,,,LLDP,,,,,,,,
3,s1cl3,1767116955.619753000,137,,,,,LLDP,,,,,,,,
3,s1cl3,1767116955.619805000,137,,,,,LLDP,,,,,,,,
3,s1cl3,1767116958.719120000,137,,,,,LLDP,,,,,,,,
3,s1cl3,1767116958.719189000,137,,,,,LLDP,,,,,,,,
3,s1cl3,1767116961.819024000,137,,,,,LLDP,,,,,,,,
3,s1cl3,1767116961.819103000,137,,,,,LLDP,,,,,,,,
3,s1cl3,1767116964.919357000,137,,,,,LLDP,,,,,,,,
3,s1cl3,1767116964.919429000,137,,,,,LLDP,,,,,,,,
3,s1cl3,1767116968.019088000,137,,,,,LLDP,,,,,,,,
3,s1cl3,1767116968.019136000,137,,,,,LLDP,,,,,,,,
3,s1cl3,1767116971.118936000,137,,,,,LLDP,,,,,,,,
3,s1cl3,1767116971.118982000,137,,,,,LLDP,,,,,,,,
3,s1cl3,1767116974.218650000,137,,,,,LLDP,,,,,,,,
3,s1cl3,1767116974.218745000,137,,,,,LLDP,,,,,,,,
3,s1cl3,1767116977.319049000,137,,,,,LLDP,,,,,,,,
3,s1cl3,1767116977.319107000,137,,,,,LLDP,,,,,,,,
3,s1cl3,1767116980.418944000,137,,,,,LLDP,,,,,,,,
3,s1cl3,1767116980.418990000,137,,,,,LLDP,,,,,,,,
3,s1cl3,1767116983.518934000,137,,,,,LLDP,,,,,,,,
3,s1cl3,1767116983.518982000,137,,,,,LLDP,,,,,,,,
3,s1cl3,1767116986.618610000,137,,,,,LLDP,,,,,,,,
3,s1cl3,1767116986.618674000,137,,,,,LLDP,,,,,,,,
3,s1cl3,1767116989.719045000,137,,,,,LLDP,,,,,,,,
3,s1cl3,1767116989.719091000,137,,,,,LLDP,,,,,,,,
3,s1cl3,1767116992.818874000,137,,,,,LLDP,,,,,,,,
3,s1cl3,1767116992.818935000,137,,,,,LLDP,,,,,,,,
3,s1cl3,1767116995.919540000,137,,,,,LLDP,,,,,,,,
3,s1cl3,1767116995.919590000,137,,,,,LLDP,,,,,,,,
3,s1cl3,1767116999.018509000,137,,,,,LLDP,,,,,,,,
3,s1cl3,1767116999.018558000,137,,,,,LLDP,,,,,,,,
3,s1cl3,1767117002.119947000,137,,,,,LLDP,,,,,,,,
3,s1cl3,1767117002.120010000,137,,,,,LLDP,,,,,,,,
3,s1cl3,1767117005.218734000,137,,,,,LLDP,,,,,,,,
3,s1cl3,1767117005.218792000,137,,,,,LLDP,,,,,,,,
3,s1cl3,1767117008.319430000,137,,,,,LLDP,,,,,,,,
3,s1cl3,1767117008.319507000,137,,,,,LLDP,,,,,,,,
3,s1cl3,1767117011.419045000,137,,,,,LLDP,,,,,,,,
3,s1cl3,1767117011.419093000,137,,,,,LLDP,,,,,,,,
3,s1cl3,1767117014.518600000,137,,,,,LLDP,,,,,,,,
3,s1cl3,1767117014.518673000,137,,,,,LLDP,,,,,,,,
3,s1cl3,1767117017.618895000,137,,,,,LLDP,,,,,,,,
3,s1cl3,1767117017.618950000,137,,,,,LLDP,,,,,,,,
3,s1cl3,1767117020.719485000,137,,,,,LLDP,,,,,,,,
3,s1cl3,1767117020.719554000,137,,,,,LLDP,,,,,,,,
3,s1cl3,1767117023.818789000,137,,,,,LLDP,,,,,,,,
3,s1cl3,1767117023.818864000,137,,,,,LLDP,,,,,,,,
3,s1cl3,1767117026.919443000,137,,,,,LLDP,,,,,,,,
3,s1cl3,1767117026.919519000,137,,,,,LLDP,,,,,,,,
3,s1cl3,1767117030.018688000,137,,,,,LLDP,,,,,,,,
3,s1cl3,1767117030.018773000,137,,,,,LLDP,,,,,,,,
3,s1cl3,1767117033.119082000,137,,,,,LLDP,,,,,,,,
3,s1cl3,1767117033.119131000,137,,,,,LLDP,,,,,,,,
3,s1cl3,1767117036.219997000,137,,,,,LLDP,,,,,,,,
3,s1cl3,1767117036.220121000,137,,,,,LLDP,,,,,,,,
3,s1cl3,1767117039.319044000,137,,,,,LLDP,,,,,,,,
3,s1cl3,1767117039.319117000,137,,,,,LLDP,,,,,,,,
3,s1cl3,1767117042.419305000,137,,,,,LLDP,,,,,,,,
3,s1cl3,1767117042.419366000,137,,,,,LLDP,,,,,,,,
3,s1cl3,1767117045.519429000,137,,,,,LLDP,,,,,,,,
3,s1cl3,1767117045.519540000,137,,,,,LLDP,,,,,,,,
3,s1cl3,1767117048.618605000,137,,,,,LLDP,,,,,,,,
3,s1cl3,1767117048.618650000,137,,,,,LLDP,,,,,,,,
3,s1cl3,1767117051.719357000,137,,,,,LLDP,,,,,,,,
3,s1cl3,1767117051.719419000,137,,,,,LLDP,,,,,,,,
3,s1cl3,1767117054.819458000,137,,,,,LLDP,,,,,,,,
3,s1cl3,1767117054.819520000,137,,,,,LLDP,,,,,,,,
3,s1cl3,1767117057.918512000,137,,,,,LLDP,,,,,,,,
3,s1cl3,1767117057.918557000,137,,,,,LLDP,,,,,,,,
3,s1cl3,1767117061.018614000,137,,,,,LLDP,,,,,,,,
3,s1cl3,1767117061.018663000,137,,,,,LLDP,,,,,,,,
3,s1cl3,1767117064.118387000,137,,,,,LLDP,,,,,,,,
3,s1cl3,1767117064.118434000,137,,,,,LLDP,,,,,,,,
3,s1cl3,1767117067.218485000,137,,,,,LLDP,,,,,,,,
3,s1cl3,1767117067.218533000,137,,,,,LLDP,,,,,,,,
3,s1cl3,1767117070.318872000,137,,,,,LLDP,,,,,,,,
3,s1cl3,1767117070.318930000,137,,,,,LLDP,,,,,,,,
3,s1cl4,1767116955.619854000,137,,,,,LLDP,,,,,,,,
3,s1cl4,1767116955.619900000,137,,,,,LLDP,,,,,,,,
3,s1cl4,1767116958.719245000,137,,,,,LLDP,,,,,,,,
3,s1cl4,1767116958.719314000,137,,,,,LLDP,,,,,,,,
3,s1cl4,1767116961.819182000,137,,,,,LLDP,,,,,,,,
3,s1cl4,1767116961.819268000,137,,,,,LLDP,,,,,,,,
3,s1cl4,1767116964.919472000,137,,,,,LLDP,,,,,,,,
3,s1cl4,1767116964.919518000,137,,,,,LLDP,,,,,,,,
3,s1cl4,1767116968.019190000,137,,,,,LLDP,,,,,,,,
3,s1cl4,1767116968.019232000,137,,,,,LLDP,,,,,,,,
3,s1cl4,1767116971.119037000,137,,,,,LLDP,,,,,,,,
3,s1cl4,1767116971.119087000,137,,,,,LLDP,,,,,,,,
3,s1cl4,1767116974.218796000,137,,,,,LLDP,,,,,,,,
3,s1cl4,1767116974.218873000,137,,,,,LLDP,,,,,,,,
3,s1cl4,1767116977.319150000,137,,,,,LLDP,,,,,,,,
3,s1cl4,1767116977.319193000,137,,,,,LLDP,,,,,,,,
3,s1cl4,1767116980.419032000,137,,,,,LLDP,,,,,,,,
3,s1cl4,1767116980.419240000,137,,,,,LLDP,,,,,,,,
3,s1cl4,1767116983.519024000,137,,,,,LLDP,,,,,,,,
3,s1cl4,1767116983.519068000,137,,,,,LLDP,,,,,,,,
3,s1cl4,1767116986.618772000,137,,,,,LLDP,,,,,,,,
3,s1cl4,1767116986.618847000,137,,,,,LLDP,,,,,,,,
3,s1cl4,1767116989.719132000,137,,,,,LLDP,,,,,,,,
3,s1cl4,1767116989.719174000,137,,,,,LLDP,,,,,,,,
3,s1cl4,1767116992.818976000,137,,,,,LLDP,,,,,,,,
3,s1cl4,1767116992.819020000,137,,,,,LLDP,,,,,,,,
3,s1cl4,1767116995.919633000,137,,,,,LLDP,,,,,,,,
3,s1cl4,1767116995.919679000,137,,,,,LLDP,,,,,,,,
3,s1cl4,1767116999.018601000,137,,,,,LLDP,,,,,,,,
3,s1cl4,1767116999.018645000,137,,,,,LLDP,,,,,,,,
3,s1cl4,1767117002.120060000,137,,,,,LLDP,,,,,,,,
3,s1cl4,1767117002.120101000,137,,,,,LLDP,,,,,,,,
3,s1cl4,1767117005.218836000,137,,,,,LLDP,,,,,,,,
3,s1cl4,1767117005.218880000,137,,,,,LLDP,,,,,,,,
3,s1cl4,1767117008.319583000,137,,,,,LLDP,,,,,,,,
3,s1cl4,1767117008.319660000,137,,,,,LLDP,,,,,,,,
3,s1cl4,1767117011.419136000,137,,,,,LLDP,,,,,,,,
3,s1cl4,1767117011.419179000,137,,,,,LLDP,,,,,,,,
3,s1cl4,1767117014.518747000,137,,,,,LLDP,,,,,,,,
3,s1cl4,1767117014.518792000,137,,,,,LLDP,,,,,,,,
3,s1cl4,1767117017.618993000,137,,,,,LLDP,,,,,,,,
3,s1cl4,1767117017.619037000,137,,,,,LLDP,,,,,,,,
3,s1cl4,1767117020.719604000,137,,,,,LLDP,,,,,,,,
3,s1cl4,1767117020.719645000,137,,,,,LLDP,,,,,,,,
3,s1cl4,1767117023.818917000,137,,,,,LLDP,,,,,,,,
3,s1cl4,1767117023.818960000,137,,,,,LLDP,,,,,,,,
3,s1cl4,1767117026.919580000,137,,,,,LLDP,,,,,,,,
3,s1cl4,1767117026.919637000,137,,,,,LLDP,,,,,,,,
3,s1cl4,1767117030.018830000,137,,,,,LLDP,,,,,,,,
3,s1cl4,1767117030.018915000,137,,,,,LLDP,,,,,,,,
3,s1cl4,1767117033.119187000,137,,,,,LLDP,,,,,,,,
3,s1cl4,1767117033.119254000,137,,,,,LLDP,,,,,,,,
3,s1cl4,1767117036.221126000,137,,,,,LLDP,,,,,,,,
3,s1cl4,1767117036.221181000,137,,,,,LLDP,,,,,,,,
3,s1cl4,1767117039.319160000,137,,,,,LLDP,,,,,,,,
3,s1cl4,1767117039.319203000,137,,,,,LLDP,,,,,,,,
3,s1cl4,1767117042.419408000,137,,,,,LLDP,,,,,,,,
3,s1cl4,1767117042.419450000,137,,,,,LLDP,,,,,,,,
3,s1cl4,1767117045.519632000,137,,,,,LLDP,,,,,,,,
3,s1cl4,1767117045.519720000,137,,,,,LLDP,,,,,,,,
3,s1cl4,1767117048.618690000,137,,,,,LLDP,,,,,,,,
3,s1cl4,1767117048.618778000,137,,,,,LLDP,,,,,,,,
3,s1cl4,1767117051.719478000,137,,,,,LLDP,,,,,,,,
3,s1cl4,1767117051.719523000,137,,,,,LLDP,,,,,,,,
3,s1cl4,1767117054.819562000,137,,,,,LLDP,,,,,,,,
3,s1cl4,1767117054.819605000,137,,,,,LLDP,,,,,,,,
3,s1cl4,1767117057.918598000,137,,,,,LLDP,,,,,,,,
3,s1cl4,1767117057.918653000,137,,,,,LLDP,,,,,,,,
3,s1cl4,1767117061.018741000,137,,,,,LLDP,,,,,,,,
3,s1cl4,1767117061.018803000,137,,,,,LLDP,,,,,,,,
3,s1cl4,1767117064.118475000,137,,,,,LLDP,,,,,,,,
3,s1cl4,1767117064.118529000,137,,,,,LLDP,,,,,,,,
3,s1cl4,1767117067.218575000,137,,,,,LLDP,,,,,,,,
3,s1cl4,1767117067.218618000,137,,,,,LLDP,,,,,,,,
3,s1cl4,1767117070.318973000,137,,,,,LLDP,,,,,,,,
3,s1cl4,1767117070.319059000,137,,,,,LLDP,,,,,,,,
3,s1cl5,1767116955.619943000,137,,,,,LLDP,,,,,,,,
3,s1cl5,1767116955.620000000,137,,,,,LLDP,,,,,,,,
3,s1cl5,1767116958.719492000,137,,,,,LLDP,,,,,,,,
3,s1cl5,1767116958.719551000,137,,,,,LLDP,,,,,,,,
3,s1cl5,1767116961.819361000,137,,,,,LLDP,,,,,,,,
3,s1cl5,1767116961.819429000,137,,,,,LLDP,,,,,,,,
3,s1cl5,1767116964.919559000,137,,,,,LLDP,,,,,,,,
3,s1cl5,1767116964.919602000,137,,,,,LLDP,,,,,,,,
3,s1cl5,1767116968.019272000,137,,,,,LLDP,,,,,,,,
3,s1cl5,1767116968.019332000,137,,,,,LLDP,,,,,,,,
3,s1cl5,1767116971.119127000,137,,,,,LLDP,,,,,,,,
3,s1cl5,1767116971.119177000,137,,,,,LLDP,,,,,,,,
3,s1cl5,1767116974.218917000,137,,,,,LLDP,,,,,,,,
3,s1cl5,1767116974.218962000,137,,,,,LLDP,,,,,,,,
3,s1cl5,1767116977.319233000,137,,,,,LLDP,,,,,,,,
3,s1cl5,1767116977.319275000,137,,,,,LLDP,,,,,,,,
3,s1cl5,1767116980.419316000,137,,,,,LLDP,,,,,,,,
3,s1cl5,1767116980.419401000,137,,,,,LLDP,,,,,,,,
3,s1cl5,1767116983.519116000,137,,,,,LLDP,,,,,,,,
3,s1cl5,1767116983.519159000,137,,,,,LLDP,,,,,,,,
3,s1cl5,1767116986.618927000,137,,,,,LLDP,,,,,,,,
3,s1cl5,1767116986.619000000,137,,,,,LLDP,,,,,,,,
3,s1cl5,1767116989.719214000,137,,,,,LLDP,,,,,,,,
3,s1cl5,1767116989.719257000,137,,,,,LLDP,,,,,,,,
3,s1cl5,1767116992.819059000,137,,,,,LLDP,,,,,,,,
3,s1cl5,1767116992.819112000,137,,,,,LLDP,,,,,,,,
3,s1cl5,1767116995.919722000,137,,,,,LLDP,,,,,,,,
3,s1cl5,1767116995.919766000,137,,,,,LLDP,,,,,,,,
3,s1cl5,1767116999.018689000,137,,,,,LLDP,,,,,,,,
3,s1cl5,1767116999.018774000,137,,,,,LLDP,,,,,,,,
3,s1cl5,1767117002.120140000,137,,,,,LLDP,,,,,,,,
3,s1cl5,1767117002.120193000,137,,,,,LLDP,,,,,,,,
3,s1cl5,1767117005.218924000,137,,,,,LLDP,,,,,,,,
3,s1cl5,1767117005.218979000,137,,,,,LLDP,,,,,,,,
3,s1cl5,1767117008.319755000,137,,,,,LLDP,,,,,,,,
3,s1cl5,1767117008.319832000,137,,,,,LLDP,,,,,,,,
3,s1cl5,1767117011.419220000,137,,,,,LLDP,,,,,,,,
3,s1cl5,1767117011.419277000,137,,,,,LLDP,,,,,,,,
3,s1cl5,1767117014.518831000,137,,,,,LLDP,,,,,,,,
3,s1cl5,1767117014.518872000,137,,,,,LLDP,,,,,,,,
3,s1cl5,1767117017.619077000,137,,,,,LLDP,,,,,,,,
3,s1cl5,1767117017.619119000,137,,,,,LLDP,,,,,,,,
3,s1cl5,1767117020.719684000,137,,,,,LLDP,,,,,,,,
3,s1cl5,1767117020.719750000,137,,,,,LLDP,,,,,,,,
3,s1cl5,1767117023.819000000,137,,,,,LLDP,,,,,,,,
3,s1cl5,1767117023.819042000,137,,,,,LLDP,,,,,,,,
3,s1cl5,1767117026.919679000,137,,,,,LLDP,,,,,,,,
3,s1cl5,1767117026.919733000,137,,,,,LLDP,,,,,,,,
3,s1cl5,1767117030.018961000,137,,,,,LLDP,,,,,,,,
3,s1cl5,1767117030.019006000,137,,,,,LLDP,,,,,,,,
3,s1cl5,1767117033.119312000,137,,,,,LLDP,,,,,,,,
3,s1cl5,1767117033.119368000,137,,,,,LLDP,,,,,,,,
3,s1cl5,1767117036.221224000,137,,,,,LLDP,,,,,,,,
3,s1cl5,1767117036.221288000,137,,,,,LLDP,,,,,,,,
3,s1cl5,1767117039.319272000,137,,,,,LLDP,,,,,,,,
3,s1cl5,1767117039.319317000,137,,,,,LLDP,,,,,,,,
3,s1cl5,1767117042.419491000,137,,,,,LLDP,,,,,,,,
3,s1cl5,1767117042.419534000,137,,,,,LLDP,,,,,,,,
3,s1cl5,1767117045.519807000,137,,,,,LLDP,,,,,,,,
3,s1cl5,1767117045.519886000,137,,,,,LLDP,,,,,,,,
3,s1cl5,1767117048.618829000,137,,,,,LLDP,,,,,,,,
3,s1cl5,1767117048.618872000,137,,,,,LLDP,,,,,,,,
3,s1cl5,1767117051.719575000,137,,,,,LLDP,,,,,,,,
3,s1cl5,1767117051.719617000,137,,,,,LLDP,,,,,,,,
3,s1cl5,1767117054.819650000,137,,,,,LLDP,,,,,,,,
3,s1cl5,1767117054.819691000,137,,,,,LLDP,,,,,,,,
3,s1cl5,1767117057.918693000,137,,,,,LLDP,,,,,,,,
3,s1cl5,1767117057.918791000,137,,,,,LLDP,,,,,,,,
3,s1cl5,1767117061.018851000,137,,,,,LLDP,,,,,,,,
3,s1cl5,1767117061.018909000,137,,,,,LLDP,,,,,,,,
3,s1cl5,1767117064.118580000,137,,,,,LLDP,,,,,,,,
3,s1cl5,1767117064.118622000,137,,,,,LLDP,,,,,,,,
3,s1cl5,1767117067.218658000,137,,,,,LLDP,,,,,,,,
3,s1cl5,1767117067.218745000,137,,,,,LLDP,,,,,,,,
3,s1cl5,1767117070.319145000,137,,,,,LLDP,,,,,,,,
3,s1cl5,1767117070.319240000,137,,,,,LLDP,,,,,,,,
3,s1cl6,1767116955.620041000,137,,,,,LLDP,,,,,,,,
3,s1cl6,1767116955.620084000,137,,,,,LLDP,,,,,,,,
3,s1cl6,1767116958.719591000,137,,,,,LLDP,,,,,,,,
3,s1cl6,1767116958.719632000,137,,,,,LLDP,,,,,,,,
3,s1cl6,1767116961.819491000,137,,,,,LLDP,,,,,,,,
3,s1cl6,1767116961.819560000,137,,,,,LLDP,,,,,,,,
3,s1cl6,1767116964.919650000,137,,,,,LLDP,,,,,,,,
3,s1cl6,1767116964.919692000,137,,,,,LLDP,,,,,,,,
3,s1cl6,1767116966.698828000,70,,,fe80::e014:4bff:feb2:188f,ff02::2,ICMPv6,,,,,,,133,0
3,s1cl6,1767116968.019398000,137,,,,,LLDP,,,,,,,,
3,s1cl6,1767116968.019592000,137,,,,,LLDP,,,,,,,,
3,s1cl6,1767116971.119216000,137,,,,,LLDP,,,,,,,,
3,s1cl6,1767116971.119256000,137,,,,,LLDP,,,,,,,,
3,s1cl6,1767116974.219003000,137,,,,,LLDP,,,,,,,,
3,s1cl6,1767116974.219062000,137,,,,,LLDP,,,,,,,,
3,s1cl6,1767116977.319336000,137,,,,,LLDP,,,,,,,,
3,s1cl6,1767116977.319378000,137,,,,,LLDP,,,,,,,,
3,s1cl6,1767116980.419561000,137,,,,,LLDP,,,,,,,,
3,s1cl6,1767116980.419631000,137,,,,,LLDP,,,,,,,,
3,s1cl6,1767116983.519200000,137,,,,,LLDP,,,,,,,,
3,s1cl6,1767116983.519242000,137,,,,,LLDP,,,,,,,,
3,s1cl6,1767116986.619078000,137,,,,,LLDP,,,,,,,,
3,s1cl6,1767116986.619148000,137,,,,,LLDP,,,,,,,,
3,s1cl6,1767116989.719325000,137,,,,,LLDP,,,,,,,,
3,s1cl6,1767116989.719383000,137,,,,,LLDP,,,,,,,,
3,s1cl6,1767116992.819152000,137,,,,,LLDP,,,,,,,,
3,s1cl6,1767116992.819191000,137,,,,,LLDP,,,,,,,,
3,s1cl6,1767116995.919809000,137,,,,,LLDP,,,,,,,,
3,s1cl6,1767116995.919853000,137,,,,,LLDP,,,,,,,,
3,s1cl6,1767116999.018817000,137,,,,,LLDP,,,,,,,,
3,s1cl6,1767116999.018886000,137,,,,,LLDP,,,,,,,,
3,s1cl6,1767117002.120233000,137,,,,,LLDP,,,,,,,,
3,s1cl6,1767117002.120297000,137,,,,,LLDP,,,,,,,,
3,s1cl6,1767117005.219020000,137,,,,,LLDP,,,,,,,,
3,s1cl6,1767117005.219075000,137,,,,,LLDP,,,,,,,,
3,s1cl6,1767117008.319920000,137,,,,,LLDP,,,,,,,,
3,s1cl6,1767117008.320000000,137,,,,,LLDP,,,,,,,,
3,s1cl6,1767117011.419322000,137,,,,,LLDP,,,,,,,,
3,s1cl6,1767117011.419364000,137,,,,,LLDP,,,,,,,,
3,s1cl6,1767117014.518911000,137,,,,,LLDP,,,,,,,,
3,s1cl6,1767117014.518975000,137,,,,,LLDP,,,,,,,,
3,s1cl6,1767117017.619172000,137,,,,,LLDP,,,,,,,,
3,s1cl6,1767117017.619216000,137,,,,,LLDP,,,,,,,,
3,s1cl6,1767117020.719790000,137,,,,,LLDP,,,,,,,,
3,s1cl6,1767117020.719846000,137,,,,,LLDP,,,,,,,,
3,s1cl6,1767117023.819103000,137,,,,,LLDP,,,,,,,,
3,s1cl6,1767117023.819146000,137,,,,,LLDP,,,,,,,,
3,s1cl6,1767117026.919774000,137,,,,,LLDP,,,,,,,,
3,s1cl6,1767117026.919815000,137,,,,,LLDP,,,,,,,,
3,s1cl6,1767117030.019049000,137,,,,,LLDP,,,,,,,,
3,s1cl6,1767117030.019106000,137,,,,,LLDP,,,,,,,,
3,s1cl6,1767117033.119408000,137,,,,,LLDP,,,,,,,,
3,s1cl6,1767117033.119462000,137,,,,,LLDP,,,,,,,,
3,s1cl6,1767117036.221332000,137,,,,,LLDP,,,,,,,,
3,s1cl6,1767117036.221375000,137,,,,,LLDP,,,,,,,,
3,s1cl6,1767117039.319357000,137,,,,,LLDP,,,,,,,,
3,s1cl6,1767117039.319398000,137,,,,,LLDP,,,,,,,,
3,s1cl6,1767117042.419575000,137,,,,,LLDP,,,,,,,,
3,s1cl6,1767117042.419628000,137,,,,,LLDP,,,,,,,,
3,s1cl6,1767117045.519966000,137,,,,,LLDP,,,,,,,,
3,s1cl6,1767117045.520276000,137,,,,,LLDP,,,,,,,,
3,s1cl6,1767117048.618913000,137,,,,,LLDP,,,,,,,,
3,s1cl6,1767117048.618971000,137,,,,,LLDP,,,,,,,,
3,s1cl6,1767117051.719656000,137,,,,,LLDP,,,,,,,,
3,s1cl6,1767117051.719708000,137,,,,,LLDP,,,,,,,,
3,s1cl6,1767117054.819743000,137,,,,,LLDP,,,,,,,,
3,s1cl6,1767117054.819783000,137,,,,,LLDP,,,,,,,,
3,s1cl6,1767117057.918847000,137,,,,,LLDP,,,,,,,,
3,s1cl6,1767117057.918888000,137,,,,,LLDP,,,,,,,,
3,s1cl6,1767117061.018948000,137,,,,,LLDP,,,,,,,,
3,s1cl6,1767117061.019000000,137,,,,,LLDP,,,,,,,,
3,s1cl6,1767117064.118668000,137,,,,,LLDP,,,,,,,,
3,s1cl6,1767117064.118709000,137,,,,,LLDP,,,,,,,,
3,s1cl6,1767117067.218794000,137,,,,,LLDP,,,,,,,,
3,s1cl6,1767117067.218856000,137,,,,,LLDP,,,,,,,,
3,s1cl6,1767117070.319325000,137,,,,,LLDP,,,,,,,,
3,s1cl6,1767117070.319407000,137,,,,,LLDP,,,,,,,,
3,s1cl7,1767116955.620124000,137,,,,,LLDP,,,,,,,,
3,s1cl7,1767116955.620194000,137,,,,,LLDP,,,,,,,,
3,s1cl7,1767116958.719671000,137,,,,,LLDP,,,,,,,,
3,s1cl7,1767116958.719713000,137,,,,,LLDP,,,,,,,,
3,s1cl7,1767116961.819623000,137,,,,,LLDP,,,,,,,,
3,s1cl7,1767116961.819699000,137,,,,,LLDP,,,,,,,,
3,s1cl7,1767116964.919734000,137,,,,,LLDP,,,,,,,,
3,s1cl7,1767116964.919806000,137,,,,,LLDP,,,,,,,,
3,s1cl7,1767116968.019660000,137,,,,,LLDP,,,,,,,,
3,s1cl7,1767116968.019704000,137,,,,,LLDP,,,,,,,,
3,s1cl7,1767116971.119310000,137,,,,,LLDP,,,,,,,,
3,s1cl7,1767116971.119354000,137,,,,,LLDP,,,,,,,,
3,s1cl7,1767116974.219104000,137,,,,,LLDP,,,,,,,,
3,s1cl7,1767116974.219147000,137,,,,,LLDP,,,,,,,,
3,s1cl7,1767116977.319419000,137,,,,,LLDP,,,,,,,,
3,s1cl7,1767116977.319485000,137,,,,,LLDP,,,,,,,,
3,s1cl7,1767116980.419675000,137,,,,,LLDP,,,,,,,,
3,s1cl7,1767116980.419748000,137,,,,,LLDP,,,,,,,,
3,s1cl7,1767116983.519313000,137,,,,,LLDP,,,,,,,,
3,s1cl7,1767116983.519411000,137,,,,,LLDP,,,,,,,,
3,s1cl7,1767116986.619195000,137,,,,,LLDP,,,,,,,,
3,s1cl7,1767116986.619263000,137,,,,,LLDP,,,,,,,,
3,s1cl7,1767116989.719437000,137,,,,,LLDP,,,,,,,,
3,s1cl7,1767116989.719492000,137,,,,,LLDP,,,,,,,,
3,s1cl7,1767116992.819230000,137,,,,,LLDP,,,,,,,,
3,s1cl7,1767116992.819343000,137,,,,,LLDP,,,,,,,,
3,s1cl7,1767116995.919897000,137,,,,,LLDP,,,,,,,,
3,s1cl7,1767116995.919972000,137,,,,,LLDP,,,,,,,,
3,s1cl7,1767116999.018930000,137,,,,,LLDP,,,,,,,,
3,s1cl7,1767116999.019138000,137,,,,,LLDP,,,,,,,,
3,s1cl7,1767117002.120340000,137,,,,,LLDP,,,,,,,,
3,s1cl7,1767117002.120414000,137,,,,,LLDP,,,,,,,,
3,s1cl7,1767117005.219116000,137,,,,,LLDP,,,,,,,,
3,s1cl7,1767117005.219161000,137,,,,,LLDP,,,,,,,,
3,s1cl7,1767117008.320054000,137,,,,,LLDP,,,,,,,,
3,s1cl7,1767117008.320134000,137,,,,,LLDP,,,,,,,,
3,s1cl7,1767117011.419404000,137,,,,,LLDP,,,,,,,,
3,s1cl7,1767117011.419472000,137,,,,,LLDP,,,,,,,,
3,s1cl7,1767117014.519052000,137,,,,,LLDP,,,,,,,,
3,s1cl7,1767117014.519167000,137,,,,,LLDP,,,,,,,,
3,s1cl7,1767117017.619315000,137,,,,,LLDP,,,,,,,,
3,s1cl7,1767117017.619444000,137,,,,,LLDP,,,,,,,,
3,s1cl7,1767117020.719885000,137,,,,,LLDP,,,,,,,,
3,s1cl7,1767117020.719954000,137,,,,,LLDP,,,,,,,,
3,s1cl7,1767117023.819188000,137,,,,,LLDP,,,,,,,,
3,s1cl7,1767117023.819298000,137,,,,,LLDP,,,,,,,,
3,s1cl7,1767117026.919867000,137,,,,,LLDP,,,,,,,,
3,s1cl7,1767117026.919937000,137,,,,,LLDP,,,,,,,,
3,s1cl7,1767117030.019148000,137,,,,,LLDP,,,,,,,,
3,s1cl7,1767117030.019199000,137,,,,,LLDP,,,,,,,,
3,s1cl7,1767117033.119502000,137,,,,,LLDP,,,,,,,,
3,s1cl7,1767117033.119585000,137,,,,,LLDP,,,,,,,,
3,s1cl7,1767117036.221417000,137,,,,,LLDP,,,,,,,,
3,s1cl7,1767117036.221460000,137,,,,,LLDP,,,,,,,,
3,s1cl7,1767117039.319437000,137,,,,,LLDP,,,,,,,,
3,s1cl7,1767117039.319505000,137,,,,,LLDP,,,,,,,,
3,s1cl7,1767117042.419667000,137,,,,,LLDP,,,,,,,,
3,s1cl7,1767117042.419735000,137,,,,,LLDP,,,,,,,,
3,s1cl7,1767117045.520346000,137,,,,,LLDP,,,,,,,,
3,s1cl7,1767117045.520392000,137,,,,,LLDP,,,,,,,,
3,s1cl7,1767117048.619010000,137,,,,,LLDP,,,,,,,,
3,s1cl7,1767117048.619052000,137,,,,,LLDP,,,,,,,,
3,s1cl7,1767117051.719746000,137,,,,,LLDP,,,,,,,,
3,s1cl7,1767117051.719824000,137,,,,,LLDP,,,,,,,,
3,s1cl7,1767117054.819836000,137,,,,,LLDP,,,,,,,,
3,s1cl7,1767117054.819904000,137,,,,,LLDP,,,,,,,,
3,s1cl7,1767117057.918940000,137,,,,,LLDP,,,,,,,,
3,s1cl7,1767117057.919012000,137,,,,,LLDP,,,,,,,,
3,s1cl7,1767117061.019040000,137,,,,,LLDP,,,,,,,,
3,s1cl7,1767117061.019110000,137,,,,,LLDP,,,,,,,,
3,s1cl7,1767117064.118799000,137,,,,,LLDP,,,,,,,,
3,s1cl7,1767117064.118871000,137,,,,,LLDP,,,,,,,,
3,s1cl7,1767117067.218903000,137,,,,,LLDP,,,,,,,,
3,s1cl7,1767117067.218971000,137,,,,,LLDP,,,,,,,,
3,s1cl7,1767117070.319485000,137,,,,,LLDP,,,,,,,,
3,s1cl7,1767117070.319617000,137,,,,,LLDP,,,,,,,,
3,s2cl10,1767116955.720440000,138,,,,,LLDP,,,,,,,,
3,s2cl10,1767116955.720540000,138,,,,,LLDP,,,,,,,,
3,s2cl10,1767116958.819844000,138,,,,,LLDP,,,,,,,,
3,s2cl10,1767116958.819921000,138,,,,,LLDP,,,,,,,,
3,s2cl10,1767116961.921344000,138,,,,,LLDP,,,,,,,,
3,s2cl10,1767116961.921408000,138,,,,,LLDP,,,,,,,,
3,s2cl10,1767116965.021397000,138,,,,,LLDP,,,,,,,,
3,s2cl10,1767116965.021517000,138,,,,,LLDP,,,,,,,,
3,s2cl10,1767116968.120404000,138,,,,,LLDP,,,,,,,,
3,s2cl10,1767116968.120660000,138,,,,,LLDP,,,,,,,,
3,s2cl10,1767116971.219799000,138,,,,,LLDP,,,,,,,,
3,s2cl10,1767116971.219863000,138,,,,,LLDP,,,,,,,,
3,s2cl10,1767116974.319931000,138,,,,,LLDP,,,,,,,,
3,s2cl10,1767116974.319969000,138,,,,,LLDP,,,,,,,,
3,s2cl10,1767116977.420908000,138,,,,,LLDP,,,,,,,,
3,s2cl10,1767116977.420951000,138,,,,,LLDP,,,,,,,,
3,s2cl10,1767116980.520937000,138,,,,,LLDP,,,,,,,,
3,s2cl10,1767116980.520990000,138,,,,,LLDP,,,,,,,,
3,s2cl10,1767116983.082782000,70,,,fe80::5492:30ff:fec7:4b67,ff02::2,ICMPv6,,,,,,,133,0
3,s2cl10,1767116983.620508000,138,,,,,LLDP,,,,,,,,
3,s2cl10,1767116983.620549000,138,,,,,LLDP,,,,,,,,
3,s2cl10,1767116986.720111000,138,,,,,LLDP,,,,,,,,
3,s2cl10,1767116986.720187000,138,,,,,LLDP,,,,,,,,
3,s2cl10,1767116989.820407000,138,,,,,LLDP,,,,,,,,
3,s2cl10,1767116989.820498000,138,,,,,LLDP,,,,,,,,
3,s2cl10,1767116992.919627000,138,,,,,LLDP,,,,,,,,
3,s2cl10,1767116992.919668000,138,,,,,LLDP,,,,,,,,
3,s2cl10,1767116996.020815000,138,,,,,LLDP,,,,,,,,
3,s2cl10,1767116996.020922000,138,,,,,LLDP,,,,,,,,
3,s2cl10,1767116999.120193000,138,,,,,LLDP,,,,,,,,
3,s2cl10,1767116999.120237000,138,,,,,LLDP,,,,,,,,
3,s2cl10,1767117002.219970000,138,,,,,LLDP,,,,,,,,
3,s2cl10,1767117002.220153000,138,,,,,LLDP,,,,,,,,
3,s2cl10,1767117005.320561000,138,,,,,LLDP,,,,,,,,
3,s2cl10,1767117005.320659000,138,,,,,LLDP,,,,,,,,
3,s2cl10,1767117008.420077000,138,,,,,LLDP,,,,,,,,
3,s2cl10,1767117008.420131000,138,,,,,LLDP,,,,,,,,
3,s2cl10,1767117011.519991000,138,,,,,LLDP,,,,,,,,
3,s2cl10,1767117011.520083000,138,,,,,LLDP,,,,,,,,
3,s2cl10,1767117014.620907000,138,,,,,LLDP,,,,,,,,
3,s2cl10,1767117014.620982000,138,,,,,LLDP,,,,,,,,
3,s2cl10,1767117017.720198000,138,,,,,LLDP,,,,,,,,
3,s2cl10,1767117017.720292000,138,,,,,LLDP,,,,,,,,
3,s2cl10,1767117020.820011000,138,,,,,LLDP,,,,,,,,
3,s2cl10,1767117020.820053000,138,,,,,LLDP,,,,,,,,
3,s2cl10,1767117023.919545000,138,,,,,LLDP,,,,,,,,
3,s2cl10,1767117023.919591000,138,,,,,LLDP,,,,,,,,
3,s2cl10,1767117027.019894000,138,,,,,LLDP,,,,,,,,
3,s2cl10,1767117027.019950000,138,,,,,LLDP,,,,,,,,
3,s2cl10,1767117030.119747000,138,,,,,LLDP,,,,,,,,
3,s2cl10,1767117030.119867000,138,,,,,LLDP,,,,,,,,
3,s2cl10,1767117033.219875000,138,,,,,LLDP,,,,,,,,
3,s2cl10,1767117033.219962000,138,,,,,LLDP,,,,,,,,
3,s2cl10,1767117036.320790000,138,,,,,LLDP,,,,,,,,
3,s2cl10,1767117036.320831000,138,,,,,LLDP,,,,,,,,
3,s2cl10,1767117039.419314000,138,,,,,LLDP,,,,,,,,
3,s2cl10,1767117039.419380000,138,,,,,LLDP,,,,,,,,
3,s2cl10,1767117042.519398000,138,,,,,LLDP,,,,,,,,
3,s2cl10,1767117042.519439000,138,,,,,LLDP,,,,,,,,
3,s2cl10,1767117045.620905000,138,,,,,LLDP,,,,,,,,
3,s2cl10,1767117045.620986000,138,,,,,LLDP,,,,,,,,
3,s2cl10,1767117048.720272000,138,,,,,LLDP,,,,,,,,
3,s2cl10,1767117048.720317000,138,,,,,LLDP,,,,,,,,
3,s2cl10,1767117051.820077000,138,,,,,LLDP,,,,,,,,
3,s2cl10,1767117051.820129000,138,,,,,LLDP,,,,,,,,
3,s2cl10,1767117054.920499000,138,,,,,LLDP,,,,,,,,
3,s2cl10,1767117054.920542000,138,,,,,LLDP,,,,,,,,
3,s2cl10,1767117058.019846000,138,,,,,LLDP,,,,,,,,
3,s2cl10,1767117058.019915000,138,,,,,LLDP,,,,,,,,
3,s2cl10,1767117061.120558000,138,,,,,LLDP,,,,,,,,
3,s2cl10,1767117061.120635000,138,,,,,LLDP,,,,,,,,
3,s2cl10,1767117064.220332000,138,,,,,LLDP,,,,,,,,
3,s2cl10,1767117064.220517000,138,,,,,LLDP,,,,,,,,
3,s2cl10,1767117067.319854000,138,,,,,LLDP,,,,,,,,
3,s2cl10,1767117067.319919000,138,,,,,LLDP,,,,,,,,
3,s2cl10,1767117070.420452000,138,,,,,LLDP,,,,,,,,
3,s2cl10,1767117070.420490000,138,,,,,LLDP,,,,,,,,
3,s2cl8,1767116955.720105000,137,,,,,LLDP,,,,,,,,
3,s2cl8,1767116955.720215000,137,,,,,LLDP,,,,,,,,
3,s2cl8,1767116958.819664000,137,,,,,LLDP,,,,,,,,
3,s2cl8,1767116958.819718000,137,,,,,LLDP,,,,,,,,
3,s2cl8,1767116961.921147000,137,,,,,LLDP,,,,,,,,
3,s2cl8,1767116961.921193000,137,,,,,LLDP,,,,,,,,
3,s2cl8,1767116965.021039000,137,,,,,LLDP,,,,,,,,
3,s2cl8,1767116965.021132000,137,,,,,LLDP,,,,,,,,
3,s2cl8,1767116966.698815000,70,,,fe80::d828:e0ff:fe85:8d70,ff02::2,ICMPv6,,,,,,,133,0
3,s2cl8,1767116968.120143000,137,,,,,LLDP,,,,,,,,
3,s2cl8,1767116968.120189000,137,,,,,LLDP,,,,,,,,
3,s2cl8,1767116971.219636000,137,,,,,LLDP,,,,,,,,
3,s2cl8,1767116971.219680000,137,,,,,LLDP,,,,,,,,
3,s2cl8,1767116974.319760000,137,,,,,LLDP,,,,,,,,
3,s2cl8,1767116974.319815000,137,,,,,LLDP,,,,,,,,
3,s2cl8,1767116977.420618000,137,,,,,LLDP,,,,,,,,
3,s2cl8,1767116977.420697000,137,,,,,LLDP,,,,,,,,
3,s2cl8,1767116980.520694000,137,,,,,LLDP,,,,,,,,
3,s2cl8,1767116980.520809000,137,,,,,LLDP,,,,,,,,
3,s2cl8,1767116983.620271000,137,,,,,LLDP,,,,,,,,
3,s2cl8,1767116983.620370000,137,,,,,LLDP,,,,,,,,
3,s2cl8,1767116986.719918000,137,,,,,LLDP,,,,,,,,
3,s2cl8,1767116986.719966000,137,,,,,LLDP,,,,,,,,
3,s2cl8,1767116989.820074000,137,,,,,LLDP,,,,,,,,
3,s2cl8,1767116989.820149000,137,,,,,LLDP,,,,,,,,
3,s2cl8,1767116992.919421000,137,,,,,LLDP,,,,,,,,
3,s2cl8,1767116992.919502000,137,,,,,LLDP,,,,,,,,
3,s2cl8,1767116996.020452000,137,,,,,LLDP,,,,,,,,
3,s2cl8,1767116996.020548000,137,,,,,LLDP,,,,,,,,
3,s2cl8,1767116999.119695000,137,,,,,LLDP,,,,,,,,
3,s2cl8,1767116999.119766000,137,,,,,LLDP,,,,,,,,
3,s2cl8,1767117002.219473000,137,,,,,LLDP,,,,,,,,
3,s2cl8,1767117002.219566000,137,,,,,LLDP,,,,,,,,
3,s2cl8,1767117005.320183000,137,,,,,LLDP,,,,,,,,
3,s2cl8,1767117005.320290000,137,,,,,LLDP,,,,,,,,
3,s2cl8,1767117008.419899000,137,,,,,LLDP,,,,,,,,
3,s2cl8,1767117008.419949000,137,,,,,LLDP,,,,,,,,
3,s2cl8,1767117011.519672000,137,,,,,LLDP,,,,,,,,
3,s2cl8,1767117011.519758000,137,,,,,LLDP,,,,,,,,
3,s2cl8,1767117014.620541000,137,,,,,LLDP,,,,,,,,
3,s2cl8,1767117014.620641000,137,,,,,LLDP,,,,,,,,
3,s2cl8,1767117017.719932000,137,,,,,LLDP,,,,,,,,
3,s2cl8,1767117017.720002000,137,,,,,LLDP,,,,,,,,
3,s2cl8,1767117020.819725000,137,,,,,LLDP,,,,,,,,
3,s2cl8,1767117020.819801000,137,,,,,LLDP,,,,,,,,
3,s2cl8,1767117023.919158000,137,,,,,LLDP,,,,,,,,
3,s2cl8,1767117023.919202000,137,,,,,LLDP,,,,,,,,
3,s2cl8,1767117027.019720000,137,,,,,LLDP,,,,,,,,
3,s2cl8,1767117027.019771000,137,,,,,LLDP,,,,,,,,
3,s2cl8,1767117030.119424000,137,,,,,LLDP,,,,,,,,
3,s2cl8,1767117030.119510000,137,,,,,LLDP,,,,,,,,
3,s2cl8,1767117033.219492000,137,,,,,LLDP,,,,,,,,
3,s2cl8,1767117033.219585000,137,,,,,LLDP,,,,,,,,
3,s2cl8,1767117036.320565000,137,,,,,LLDP,,,,,,,,
3,s2cl8,1767117036.320644000,137,,,,,LLDP,,,,,,,,
3,s2cl8,1767117039.419107000,137,,,,,LLDP,,,,,,,,
3,s2cl8,1767117039.419166000,137,,,,,LLDP,,,,,,,,
3,s2cl8,1767117042.519163000,137,,,,,LLDP,,,,,,,,
3,s2cl8,1767117042.519248000,137,,,,,LLDP,,,,,,,,
3,s2cl8,1767117045.620734000,137,,,,,LLDP,,,,,,,,
3,s2cl8,1767117045.620783000,137,,,,,LLDP,,,,,,,,
3,s2cl8,1767117048.720068000,137,,,,,LLDP,,,,,,,,
3,s2cl8,1767117048.720113000,137,,,,,LLDP,,,,,,,,
3,s2cl8,1767117051.819898000,137,,,,,LLDP,,,,,,,,
3,s2cl8,1767117051.819948000,137,,,,,LLDP,,,,,,,,
3,s2cl8,1767117054.920331000,137,,,,,LLDP,,,,,,,,
3,s2cl8,1767117054.920377000,137,,,,,LLDP,,,,,,,,
3,s2cl8,1767117058.019609000,137,,,,,LLDP,,,,,,,,
3,s2cl8,1767117058.019683000,137,,,,,LLDP,,,,,,,,
3,s2cl8,1767117061.119992000,137,,,,,LLDP,,,,,,,,
3,s2cl8,1767117061.120041000,137,,,,,LLDP,,,,,,,,
3,s2cl8,1767117064.219919000,137,,,,,LLDP,,,,,,,,
3,s2cl8,1767117064.219963000,137,,,,,LLDP,,,,,,,,
3,s2cl8,1767117067.319552000,137,,,,,LLDP,,,,,,,,
3,s2cl8,1767117067.319599000,137,,,,,LLDP,,,,,,,,
3,s2cl8,1767117070.420160000,137,,,,,LLDP,,,,,,,,
3,s2cl8,1767117070.420265000,137,,,,,LLDP,,,,,,,,
3,s2cl9,1767116955.720282000,137,,,,,LLDP,,,,,,,,
3,s2cl9,1767116955.720365000,137,,,,,LLDP,,,,,,,,
3,s2cl9,1767116958.819766000,137,,,,,LLDP,,,,,,,,
3,s2cl9,1767116958.819806000,137,,,,,LLDP,,,,,,,,
3,s2cl9,1767116961.921233000,137,,,,,LLDP,,,,,,,,
3,s2cl9,1767116961.921284000,137,,,,,LLDP,,,,,,,,
3,s2cl9,1767116965.021214000,137,,,,,LLDP,,,,,,,,
3,s2cl9,1767116965.021308000,137,,,,,LLDP,,,,,,,,
3,s2cl9,1767116966.698806000,70,,,fe80::58a4:6cff:fed3:62d6,ff02::2,ICMPv6,,,,,,,133,0
3,s2cl9,1767116968.120274000,137,,,,,LLDP,,,,,,,,
3,s2cl9,1767116968.120362000,137,,,,,LLDP,,,,,,,,
3,s2cl9,1767116971.219720000,137,,,,,LLDP,,,,,,,,
3,s2cl9,1767116971.219761000,137,,,,,LLDP,,,,,,,,
3,s2cl9,1767116974.319854000,137,,,,,LLDP,,,,,,,,
3,s2cl9,1767116974.319893000,137,,,,,LLDP,,,,,,,,
3,s2cl9,1767116977.420773000,137,,,,,LLDP,,,,,,,,
3,s2cl9,1767116977.420848000,137,,,,,LLDP,,,,,,,,
3,s2cl9,1767116980.520855000,137,,,,,LLDP,,,,,,,,
3,s2cl9,1767116980.520896000,137,,,,,LLDP,,,,,,,,
3,s2cl9,1767116983.082831000,70,,,fe80::806:99ff:fe83:c2f,ff02::2,ICMPv6,,,,,,,133,0
3,s2cl9,1767116983.620428000,137,,,,,LLDP,,,,,,,,
3,s2cl9,1767116983.620469000,137,,,,,LLDP,,,,,,,,
3,s2cl9,1767116986.720008000,137,,,,,LLDP,,,,,,,,
3,s2cl9,1767116986.720060000,137,,,,,LLDP,,,,,,,,
3,s2cl9,1767116989.820227000,137,,,,,LLDP,,,,,,,,
3,s2cl9,1767116989.820329000,137,,,,,LLDP,,,,,,,,
3,s2cl9,1767116992.919549000,137,,,,,LLDP,,,,,,,,
3,s2cl9,1767116992.919588000,137,,,,,LLDP,,,,,,,,
3,s2cl9,1767116996.020642000,137,,,,,LLDP,,,,,,,,
3,s2cl9,1767116996.020724000,137,,,,,LLDP,,,,,,,,
3,s2cl9,1767116999.119872000,137,,,,,LLDP,,,,,,,,
3,s2cl9,1767116999.119949000,137,,,,,LLDP,,,,,,,,
3,s2cl9,1767117002.219741000,137,,,,,LLDP,,,,,,,,
3,s2cl9,1767117002.219813000,137,,,,,LLDP,,,,,,,,
3,s2cl9,1767117005.320374000,137,,,,,LLDP,,,,,,,,
3,s2cl9,1767117005.320466000,137,,,,,LLDP,,,,,,,,
3,s2cl9,1767117008.419997000,137,,,,,LLDP,,,,,,,,
3,s2cl9,1767117008.420038000,137,,,,,LLDP,,,,,,,,
3,s2cl9,1767117011.519832000,137,,,,,LLDP,,,,,,,,
3,s2cl9,1767117011.519909000,137,,,,,LLDP,,,,,,,,
3,s2cl9,1767117014.620734000,137,,,,,LLDP,,,,,,,,
3,s2cl9,1767117014.620842000,137,,,,,LLDP,,,,,,,,
3,s2cl9,1767117017.720045000,137,,,,,LLDP,,,,,,,,
3,s2cl9,1767117017.720120000,137,,,,,LLDP,,,,,,,,
3,s2cl9,1767117020.819878000,137,,,,,LLDP,,,,,,,,
3,s2cl9,1767117020.819956000,137,,,,,LLDP,,,,,,,,
3,s2cl9,1767117023.919258000,137,,,,,LLDP,,,,,,,,
3,s2cl9,1767117023.919345000,137,,,,,LLDP,,,,,,,,
3,s2cl9,1767117027.019813000,137,,,,,LLDP,,,,,,,,
3,s2cl9,1767117027.019855000,137,,,,,LLDP,,,,,,,,
3,s2cl9,1767117030.119583000,137,,,,,LLDP,,,,,,,,
3,s2cl9,1767117030.119668000,137,,,,,LLDP,,,,,,,,
3,s2cl9,1767117033.219695000,137,,,,,LLDP,,,,,,,,
3,s2cl9,1767117033.219787000,137,,,,,LLDP,,,,,,,,
3,s2cl9,1767117036.320687000,137,,,,,LLDP,,,,,,,,
3,s2cl9,1767117036.320740000,137,,,,,LLDP,,,,,,,,
3,s2cl9,1767117039.419206000,137,,,,,LLDP,,,,,,,,
3,s2cl9,1767117039.419275000,137,,,,,LLDP,,,,,,,,
3,s2cl9,1767117042.519306000,137,,,,,LLDP,,,,,,,,
3,s2cl9,1767117042.519358000,137,,,,,LLDP,,,,,,,,
3,s2cl9,1767117045.620823000,137,,,,,LLDP,,,,,,,,
3,s2cl9,1767117045.620864000,137,,,,,LLDP,,,,,,,,
3,s2cl9,1767117048.720162000,137,,,,,LLDP,,,,,,,,
3,s2cl9,1767117048.720203000,137,,,,,LLDP,,,,,,,,
3,s2cl9,1767117051.819988000,137,,,,,LLDP,,,,,,,,
3,s2cl9,1767117051.820037000,137,,,,,LLDP,,,,,,,,
3,s2cl9,1767117054.920417000,137,,,,,LLDP,,,,,,,,
3,s2cl9,1767117054.920459000,137,,,,,LLDP,,,,,,,,
3,s2cl9,1767117058.019756000,137,,,,,LLDP,,,,,,,,
3,s2cl9,1767117058.019807000,137,,,,,LLDP,,,,,,,,
3,s2cl9,1767117061.120088000,137,,,,,LLDP,,,,,,,,
3,s2cl9,1767117061.120164000,137,,,,,LLDP,,,,,,,,
3,s2cl9,1767117064.220050000,137,,,,,LLDP,,,,,,,,
3,s2cl9,1767117064.220100000,137,,,,,LLDP,,,,,,,,
3,s2cl9,1767117067.319769000,137,,,,,LLDP,,,,,,,,
3,s2cl9,1767117067.319813000,137,,,,,LLDP,,,,,,,,
3,s2cl9,1767117070.420344000,137,,,,,LLDP,,,,,,,,
3,s2cl9,1767117070.420412000,137,,,,,LLDP,,,,,,,,
3,s2cl9,1767117073.519372000,137,,,,,LLDP,,,,,,,,
3,s2cl9,1767117073.519426000,137,,,,,LLDP,,,,,,,,
4,s0cl0,1767117082.817993000,137,,,,,LLDP,,,,,,,,
4,s0cl0,1767117082.818052000,137,,,,,LLDP,,,,,,,,
4,s0cl0,1767117085.919046000,137,,,,,LLDP,,,,,,,,
4,s0cl0,1767117085.919094000,137,,,,,LLDP,,,,,,,,
4,s0cl0,1767117089.018109000,137,,,,,LLDP,,,,,,,,
4,s0cl0,1767117089.018168000,137,,,,,LLDP,,,,,,,,
4,s0cl0,1767117092.118130000,137,,,,,LLDP,,,,,,,,
4,s0cl0,1767117092.118231000,137,,,,,LLDP,,,,,,,,
4,s0cl0,1767117095.218989000,137,,,,,LLDP,,,,,,,,
4,s0cl0,1767117095.219067000,137,,,,,LLDP,,,,,,,,
4,s0cl0,1767117098.318684000,137,,,,,LLDP,,,,,,,,
4,s0cl0,1767117098.318784000,137,,,,,LLDP,,,,,,,,
4,s0cl0,1767117101.418419000,137,,,,,LLDP,,,,,,,,
4,s0cl0,1767117101.418490000,137,,,,,LLDP,,,,,,,,
4,s0cl0,1767117104.518555000,137,,,,,LLDP,,,,,,,,
4,s0cl0,1767117104.518600000,137,,,,,LLDP,,,,,,,,
4,s0cl0,1767117107.618761000,137,,,,,LLDP,,,,,,,,
4,s0cl0,1767117107.618823000,137,,,,,LLDP,,,,,,,,
4,s0cl0,1767117110.718519000,137,,,,,LLDP,,,,,,,,
4,s0cl0,1767117110.718562000,137,,,,,LLDP,,,,,,,,
4,s0cl0,1767117113.818468000,137,,,,,LLDP,,,,,,,,
4,s0cl0,1767117113.818527000,137,,,,,LLDP,,,,,,,,
4,s0cl0,1767117116.918034000,137,,,,,LLDP,,,,,,,,
4,s0cl0,1767117116.918088000,137,,,,,LLDP,,,,,,,,
4,s0cl0,1767117120.019059000,137,,,,,LLDP,,,,,,,,
4,s0cl0,1767117120.019218000,137,,,,,LLDP,,,,,,,,
4,s0cl0,1767117123.119023000,137,,,,,LLDP,,,,,,,,
4,s0cl0,1767117123.119069000,137,,,,,LLDP,,,,,,,,
4,s0cl0,1767117126.218313000,137,,,,,LLDP,,,,,,,,
4,s0cl0,1767117126.218379000,137,,,,,LLDP,,,,,,,,
4,s0cl0,1767117129.318987000,137,,,,,LLDP,,,,,,,,
4,s0cl0,1767117129.319034000,137,,,,,LLDP,,,,,,,,
4,s0cl0,1767117132.417913000,137,,,,,LLDP,,,,,,,,
4,s0cl0,1767117132.417972000,137,,,,,LLDP,,,,,,,,
4,s0cl0,1767117135.518590000,137,,,,,LLDP,,,,,,,,
4,s0cl0,1767117135.518647000,137,,,,,LLDP,,,,,,,,
4,s0cl0,1767117138.619174000,137,,,,,LLDP,,,,,,,,
4,s0cl0,1767117138.619227000,137,,,,,LLDP,,,,,,,,
4,s0cl0,1767117141.718406000,137,,,,,LLDP,,,,,,,,
4,s0cl0,1767117141.718452000,137,,,,,LLDP,,,,,,,,
4,s0cl0,1767117144.818665000,137,,,,,LLDP,,,,,,,,
4,s0cl0,1767117144.818867000,137,,,,,LLDP,,,,,,,,
4,s0cl0,1767117147.918788000,137,,,,,LLDP,,,,,,,,
4,s0cl0,1767117147.918856000,137,,,,,LLDP,,,,,,,,
4,s0cl0,1767117151.018857000,137,,,,,LLDP,,,,,,,,
4,s0cl0,1767117151.018906000,137,,,,,LLDP,,,,,,,,
4,s0cl0,1767117154.119126000,137,,,,,LLDP,,,,,,,,
4,s0cl0,1767117154.119200000,137,,,,,LLDP,,,,,,,,
4,s0cl0,1767117157.218686000,137,,,,,LLDP,,,,,,,,
4,s0cl0,1767117157.218796000,137,,,,,LLDP,,,,,,,,
4,s0cl0,1767117160.319120000,137,,,,,LLDP,,,,,,,,
4,s0cl0,1767117160.319187000,137,,,,,LLDP,,,,,,,,
4,s0cl0,1767117163.306813000,70,,,fe80::747a:74ff:feb1:f1,ff02::2,ICMPv6,,,,,,,133,0
4,s0cl0,1767117163.419052000,137,,,,,LLDP,,,,,,,,
4,s0cl0,1767117163.419098000,137,,,,,LLDP,,,,,,,,
4,s0cl0,1767117166.518913000,137,,,,,LLDP,,,,,,,,
4,s0cl0,1767117166.518961000,137,,,,,LLDP,,,,,,,,
4,s0cl0,1767117169.618509000,137,,,,,LLDP,,,,,,,,
4,s0cl0,1767117169.618556000,137,,,,,LLDP,,,,,,,,
4,s0cl0,1767117172.718083000,137,,,,,LLDP,,,,,,,,
4,s0cl0,1767117172.718148000,137,,,,,LLDP,,,,,,,,
4,s0cl0,1767117175.818828000,137,,,,,LLDP,,,,,,,,
4,s0cl0,1767117175.818874000,137,,,,,LLDP,,,,,,,,
4,s0cl0,1767117178.918958000,137,,,,,LLDP,,,,,,,,
4,s0cl0,1767117178.919016000,137,,,,,LLDP,,,,,,,,
4,s0cl0,1767117179.690829000,70,,,fe80::c464:9fff:fe95:aabd,ff02::2,ICMPv6,,,,,,,133,0
4,s0cl0,1767117182.018686000,137,,,,,LLDP,,,,,,,,
4,s0cl0,1767117182.018779000,137,,,,,LLDP,,,,,,,,
4,s0cl0,1767117185.119138000,137,,,,,LLDP,,,,,,,,
4,s0cl0,1767117185.119200000,137,,,,,LLDP,,,,,,,,
4,s0cl0,1767117188.218683000,137,,,,,LLDP,,,,,,,,
4,s0cl0,1767117188.218804000,137,,,,,LLDP,,,,,,,,
4,s0cl0,1767117191.318272000,137,,,,,LLDP,,,,,,,,
4,s0cl0,1767117191.318319000,137,,,,,LLDP,,,,,,,,
4,s0cl0,1767117194.417951000,137,,,,,LLDP,,,,,,,,
4,s0cl0,1767117194.417998000,137,,,,,LLDP,,,,,,,,
4,s0cl0,1767117197.518306000,137,,,,,LLDP,,,,,,,,
4,s0cl0,1767117197.518365000,137,,,,,LLDP,,,,,,,,
4,s0cl1,1767117082.818096000,137,,,,,LLDP,,,,,,,,
4,s0cl1,1767117082.818140000,137,,,,,LLDP,,,,,,,,
4,s0cl1,1767117085.919138000,137,,,,,LLDP,,,,,,,,
4,s0cl1,1767117085.919210000,137,,,,,LLDP,,,,,,,,
4,s0cl1,1767117089.018238000,137,,,,,LLDP,,,,,,,,
4,s0cl1,1767117089.018283000,137,,,,,LLDP,,,,,,,,
4,s0cl1,1767117092.118278000,137,,,,,LLDP,,,,,,,,
4,s0cl1,1767117092.118334000,137,,,,,LLDP,,,,,,,,
4,s0cl1,1767117095.219111000,137,,,,,LLDP,,,,,,,,
4,s0cl1,1767117095.219166000,137,,,,,LLDP,,,,,,,,
4,s0cl1,1767117098.318840000,137,,,,,LLDP,,,,,,,,
4,s0cl1,1767117098.318893000,137,,,,,LLDP,,,,,,,,
4,s0cl1,1767117101.418579000,137,,,,,LLDP,,,,,,,,
4,s0cl1,1767117101.418650000,137,,,,,LLDP,,,,,,,,
4,s0cl1,1767117104.518641000,137,,,,,LLDP,,,,,,,,
4,s0cl1,1767117104.518683000,137,,,,,LLDP,,,,,,,,
4,s0cl1,1767117107.618870000,137,,,,,LLDP,,,,,,,,
4,s0cl1,1767117107.618912000,137,,,,,LLDP,,,,,,,,
4,s0cl1,1767117110.718602000,137,,,,,LLDP,,,,,,,,
4,s0cl1,1767117110.718683000,137,,,,,LLDP,,,,,,,,
4,s0cl1,1767117113.818569000,137,,,,,LLDP,,,,,,,,
4,s0cl1,1767117113.818622000,137,,,,,LLDP,,,,,,,,
4,s0cl1,1767117116.918185000,137,,,,,LLDP,,,,,,,,
4,s0cl1,1767117116.918564000,137,,,,,LLDP,,,,,,,,
4,s0cl1,1767117120.019309000,137,,,,,LLDP,,,,,,,,
4,s0cl1,1767117120.019384000,137,,,,,LLDP,,,,,,,,
4,s0cl1,1767117123.119112000,137,,,,,LLDP,,,,,,,,
4,s0cl1,1767117123.119156000,137,,,,,LLDP,,,,,,,,
4,s0cl1,1767117126.218450000,137,,,,,LLDP,,,,,,,,
4,s0cl1,1767117126.218495000,137,,,,,LLDP,,,,,,,,
4,s0cl1,1767117129.319077000,137,,,,,LLDP,,,,,,,,
4,s0cl1,1767117129.319127000,137,,,,,LLDP,,,,,,,,
4,s0cl1,1767117132.418046000,137,,,,,LLDP,,,,,,,,
4,s0cl1,1767117132.418368000,137,,,,,LLDP,,,,,,,,
4,s0cl1,1767117135.518694000,137,,,,,LLDP,,,,,,,,
4,s0cl1,1767117135.518810000,137,,,,,LLDP,,,,,,,,
4,s0cl1,1767117138.619268000,137,,,,,LLDP,,,,,,,,
4,s0cl1,1767117138.619308000,137,,,,,LLDP,,,,,,,,
4,s0cl1,1767117141.718493000,137,,,,,LLDP,,,,,,,,
4,s0cl1,1767117141.718533000,137,,,,,LLDP,,,,,,,,
4,s0cl1,1767117144.818949000,137,,,,,LLDP,,,,,,,,
4,s0cl1,1767117144.819027000,137,,,,,LLDP,,,,,,,,
4,s0cl1,1767117146.922816000,70,,,fe80::90b7:58ff:fe95:77c7,ff02::2,ICMPv6,,,,,,,133,0
4,s0cl1,1767117147.918897000,137,,,,,LLDP,,,,,,,,
4,s0cl1,1767117147.918939000,137,,,,,LLDP,,,,,,,,
4,s0cl1,1767117151.018951000,137,,,,,LLDP,,,,,,,,
4,s0cl1,1767117151.018997000,137,,,,,LLDP,,,,,,,,
4,s0cl1,1767117154.119277000,137,,,,,LLDP,,,,,,,,
4,s0cl1,1767117154.119356000,137,,,,,LLDP,,,,,,,,
4,s0cl1,1767117157.218838000,137,,,,,LLDP,,,,,,,,
4,s0cl1,1767117157.218880000,137,,,,,LLDP,,,,,,,,
4,s0cl1,1767117160.319247000,137,,,,,LLDP,,,,,,,,
4,s0cl1,1767117160.319291000,137,,,,,LLDP,,,,,,,,
4,s0cl1,1767117163.419171000,137,,,,,LLDP,,,,,,,,
4,s0cl1,1767117163.419213000,137,,,,,LLDP,,,,,,,,
4,s0cl1,1767117166.519001000,137,,,,,LLDP,,,,,,,,
4,s0cl1,1767117166.519056000,137,,,,,LLDP,,,,,,,,
4,s0cl1,1767117169.618598000,137,,,,,LLDP,,,,,,,,
4,s0cl1,1767117169.618642000,137,,,,,LLDP,,,,,,,,
4,s0cl1,1767117172.718197000,137,,,,,LLDP,,,,,,,,
4,s0cl1,1767117172.718261000,137,,,,,LLDP,,,,,,,,
4,s0cl1,1767117175.818927000,137,,,,,LLDP,,,,,,,,
4,s0cl1,1767117175.818968000,137,,,,,LLDP,,,,,,,,
4,s0cl1,1767117178.919057000,137,,,,,LLDP,,,,,,,,
4,s0cl1,1767117178.919100000,137,,,,,LLDP,,,,,,,,
4,s0cl1,1767117182.018825000,137,,,,,LLDP,,,,,,,,
4,s0cl1,1767117182.018882000,137,,,,,LLDP,,,,,,,,
4,s0cl1,1767117185.119242000,137,,,,,LLDP,,,,,,,,
4,s0cl1,1767117185.119284000,137,,,,,LLDP,,,,,,,,
4,s0cl1,1767117188.218848000,137,,,,,LLDP,,,,,,,,
4,s0cl1,1767117188.218890000,137,,,,,LLDP,,,,,,,,
4,s0cl1,1767117191.318360000,137,,,,,LLDP,,,,,,,,
4,s0cl1,1767117191.318403000,137,,,,,LLDP,,,,,,,,
4,s0cl1,1767117194.418045000,137,,,,,LLDP,,,,,,,,
4,s0cl1,1767117194.418089000,137,,,,,LLDP,,,,,,,,
4,s0cl1,1767117197.518408000,137,,,,,LLDP,,,,,,,,
4,s0cl1,1767117197.518449000,137,,,,,LLDP,,,,,,,,
4,s0cl2,1767117082.818181000,137,,,,,LLDP,,,,,,,,
4,s0cl2,1767117082.818252000,137,,,,,LLDP,,,,,,,,
4,s0cl2,1767117085.919259000,137,,,,,LLDP,,,,,,,,
4,s0cl2,1767117085.919302000,137,,,,,LLDP,,,,,,,,
4,s0cl2,1767117089.018330000,137,,,,,LLDP,,,,,,,,
4,s0cl2,1767117089.018370000,137,,,,,LLDP,,,,,,,,
4,s0cl2,1767117092.118377000,137,,,,,LLDP,,,,,,,,
4,s0cl2,1767117092.118432000,137,,,,,LLDP,,,,,,,,
4,s0cl2,1767117095.219221000,137,,,,,LLDP,,,,,,,,
4,s0cl2,1767117095.219263000,137,,,,,LLDP,,,,,,,,
4,s0cl2,1767117098.318933000,137,,,,,LLDP,,,,,,,,
4,s0cl2,1767117098.318986000,137,,,,,LLDP,,,,,,,,
4,s0cl2,1767117101.418720000,137,,,,,LLDP,,,,,,,,
4,s0cl2,1767117101.418823000,137,,,,,LLDP,,,,,,,,
4,s0cl2,1767117104.518766000,137,,,,,LLDP,,,,,,,,
4,s0cl2,1767117104.518810000,137,,,,,LLDP,,,,,,,,
4,s0cl2,1767117107.618952000,137,,,,,LLDP,,,,,,,,
4,s0cl2,1767117107.619009000,137,,,,,LLDP,,,,,,,,
4,s0cl2,1767117110.718762000,137,,,,,LLDP,,,,,,,,
4,s0cl2,1767117110.718806000,137,,,,,LLDP,,,,,,,,
4,s0cl2,1767117113.818661000,137,,,,,LLDP,,,,,,,,
4,s0cl2,1767117113.818701000,137,,,,,LLDP,,,,,,,,
4,s0cl2,1767117116.918609000,137,,,,,LLDP,,,,,,,,
4,s0cl2,1767117116.918651000,137,,,,,LLDP,,,,,,,,
4,s0cl2,1767117120.019466000,137,,,,,LLDP,,,,,,,,
4,s0cl2,1767117120.019542000,137,,,,,LLDP,,,,,,,,
4,s0cl2,1767117123.119227000,137,,,,,LLDP,,,,,,,,
4,s0cl2,1767117123.119270000,137,,,,,LLDP,,,,,,,,
4,s0cl2,1767117126.218557000,137,,,,,LLDP,,,,,,,,
4,s0cl2,1767117126.218613000,137,,,,,LLDP,,,,,,,,
4,s0cl2,1767117129.319188000,137,,,,,LLDP,,,,,,,,
4,s0cl2,1767117129.319247000,137,,,,,LLDP,,,,,,,,
4,s0cl2,1767117132.418454000,137,,,,,LLDP,,,,,,,,
4,s0cl2,1767117132.418616000,137,,,,,LLDP,,,,,,,,
4,s0cl2,1767117135.518856000,137,,,,,LLDP,,,,,,,,
4,s0cl2,1767117135.519021000,137,,,,,LLDP,,,,,,,,
4,s0cl2,1767117138.619358000,137,,,,,LLDP,,,,,,,,
4,s0cl2,1767117138.619435000,137,,,,,LLDP,,,,,,,,
4,s0cl2,1767117141.718572000,137,,,,,LLDP,,,,,,,,
4,s0cl2,1767117141.718660000,137,,,,,LLDP,,,,,,,,
4,s0cl2,1767117144.819103000,137,,,,,LLDP,,,,,,,,
4,s0cl2,1767117144.819205000,137,,,,,LLDP,,,,,,,,
4,s0cl2,1767117147.918979000,137,,,,,LLDP,,,,,,,,
4,s0cl2,1767117147.919020000,137,,,,,LLDP,,,,,,,,
4,s0cl2,1767117151.019040000,137,,,,,LLDP,,,,,,,,
4,s0cl2,1767117151.019094000,137,,,,,LLDP,,,,,,,,
4,s0cl2,1767117154.119426000,137,,,,,LLDP,,,,,,,,
4,s0cl2,1767117154.119506000,137,,,,,LLDP,,,,,,,,
4,s0cl2,1767117157.218921000,137,,,,,LLDP,,,,,,,,
4,s0cl2,1767117157.218964000,137,,,,,LLDP,,,,,,,,
4,s0cl2,1767117160.319345000,137,,,,,LLDP,,,,,,,,
4,s0cl2,1767117160.319389000,137,,,,,LLDP,,,,,,,,
4,s0cl2,1767117163.306813000,70,,,fe80::bc16:54ff:fef8:2086,ff02::2,ICMPv6,,,,,,,133,0
4,s0cl2,1767117163.419253000,137,,,,,LLDP,,,,,,,,
4,s0cl2,1767117163.419293000,137,,,,,LLDP,,,,,,,,
4,s0cl2,1767117166.519098000,137,,,,,LLDP,,,,,,,,
4,s0cl2,1767117166.519159000,137,,,,,LLDP,,,,,,,,
4,s0cl2,1767117169.618689000,137,,,,,LLDP,,,,,,,,
4,s0cl2,1767117169.618794000,137,,,,,LLDP,,,,,,,,
4,s0cl2,1767117172.718306000,137,,,,,LLDP,,,,,,,,
4,s0cl2,1767117172.718347000,137,,,,,LLDP,,,,,,,,
4,s0cl2,1767117175.819007000,137,,,,,LLDP,,,,,,,,
4,s0cl2,1767117175.819068000,137,,,,,LLDP,,,,,,,,
4,s0cl2,1767117178.919160000,137,,,,,LLDP,,,,,,,,
4,s0cl2,1767117178.919204000,137,,,,,LLDP,,,,,,,,
4,s0cl2,1767117182.018942000,137,,,,,LLDP,,,,,,,,
4,s0cl2,1767117182.018984000,137,,,,,LLDP,,,,,,,,
4,s0cl2,1767117185.119324000,137,,,,,LLDP,,,,,,,,
4,s0cl2,1767117185.119364000,137,,,,,LLDP,,,,,,,,
4,s0cl2,1767117188.218929000,137,,,,,LLDP,,,,,,,,
4,s0cl2,1767117188.218970000,137,,,,,LLDP,,,,,,,,
4,s0cl2,1767117191.318444000,137,,,,,LLDP,,,,,,,,
4,s0cl2,1767117191.318486000,137,,,,,LLDP,,,,,,,,
4,s0cl2,1767117194.418177000,137,,,,,LLDP,,,,,,,,
4,s0cl2,1767117194.418223000,137,,,,,LLDP,,,,,,,,
4,s0cl2,1767117197.518489000,137,,,,,LLDP,,,,,,,,
4,s0cl2,1767117197.518530000,137,,,,,LLDP,,,,,,,,
4,s0cl2,1767117200.618368000,137,,,,,LLDP,,,,,,,,
4,s0cl2,1767117200.618441000,137,,,,,LLDP,,,,,,,,
4,s0ds0,1767117082.818306000,137,,,,,LLDP,,,,,,,,
4,s0ds0,1767117082.818373000,137,,,,,LLDP,,,,,,,,
4,s0ds0,1767117085.919350000,137,,,,,LLDP,,,,,,,,
4,s0ds0,1767117085.919443000,137,,,,,LLDP,,,,,,,,
4,s0ds0,1767117089.018410000,137,,,,,LLDP,,,,,,,,
4,s0ds0,1767117089.018479000,137,,,,,LLDP,,,,,,,,
4,s0ds0,1767117092.118473000,137,,,,,LLDP,,,,,,,,
4,s0ds0,1767117092.118540000,137,,,,,LLDP,,,,,,,,
4,s0ds0,1767117095.219302000,137,,,,,LLDP,,,,,,,,
4,s0ds0,1767117095.219343000,137,,,,,LLDP,,,,,,,,
4,s0ds0,1767117098.319028000,137,,,,,LLDP,,,,,,,,
4,s0ds0,1767117098.319092000,137,,,,,LLDP,,,,,,,,
4,s0ds0,1767117101.418904000,137,,,,,LLDP,,,,,,,,
4,s0ds0,1767117101.419013000,137,,,,,LLDP,,,,,,,,
4,s0ds0,1767117104.518851000,137,,,,,LLDP,,,,,,,,
4,s0ds0,1767117104.518927000,137,,,,,LLDP,,,,,,,,
4,s0ds0,1767117107.619049000,137,,,,,LLDP,,,,,,,,
4,s0ds0,1767117107.619132000,137,,,,,LLDP,,,,,,,,
4,s0ds0,1767117110.718873000,137,,,,,LLDP,,,,,,,,
4,s0ds0,1767117110.719044000,137,,,,,LLDP,,,,,,,,
4,s0ds0,1767117113.818783000,137,,,,,LLDP,,,,,,,,
4,s0ds0,1767117113.818881000,137,,,,,LLDP,,,,,,,,
4,s0ds0,1767117116.918691000,137,,,,,LLDP,,,,,,,,
4,s0ds0,1767117116.918766000,137,,,,,LLDP,,,,,,,,
4,s0ds0,1767117120.019632000,137,,,,,LLDP,,,,,,,,
4,s0ds0,1767117120.019729000,137,,,,,LLDP,,,,,,,,
4,s0ds0,1767117123.119310000,137,,,,,LLDP,,,,,,,,
4,s0ds0,1767117123.119378000,137,,,,,LLDP,,,,,,,,
4,s0ds0,1767117126.218874000,137,,,,,LLDP,,,,,,,,
4,s0ds0,1767117126.218947000,137,,,,,LLDP,,,,,,,,
4,s0ds0,1767117129.319287000,137,,,,,LLDP,,,,,,,,
4,s0ds0,1767117129.319352000,137,,,,,LLDP,,,,,,,,
4,s0ds0,1767117132.418686000,137,,,,,LLDP,,,,,,,,
4,s0ds0,1767117132.418878000,137,,,,,LLDP,,,,,,,,
4,s0ds0,1767117135.519094000,137,,,,,LLDP,,,,,,,,
4,s0ds0,1767117135.519139000,137,,,,,LLDP,,,,,,,,
4,s0ds0,1767117138.619512000,137,,,,,LLDP,,,,,,,,
4,s0ds0,1767117138.619598000,137,,,,,LLDP,,,,,,,,
4,s0ds0,1767117141.718760000,137,,,,,LLDP,,,,,,,,
4,s0ds0,1767117141.718868000,137,,,,,LLDP,,,,,,,,
4,s0ds0,1767117144.819289000,137,,,,,LLDP,,,,,,,,
4,s0ds0,1767117144.819417000,137,,,,,LLDP,,,,,,,,
4,s0ds0,1767117147.919059000,137,,,,,LLDP,,,,,,,,
4,s0ds0,1767117147.919126000,137,,,,,LLDP,,,,,,,,
4,s0ds0,1767117151.019166000,137,,,,,LLDP,,,,,,,,
4,s0ds0,1767117151.019255000,137,,,,,LLDP,,,,,,,,
4,s0ds0,1767117154.119579000,137,,,,,LLDP,,,,,,,,
4,s0ds0,1767117154.119649000,137,,,,,LLDP,,,,,,,,
4,s0ds0,1767117157.219005000,137,,,,,LLDP,,,,,,,,
4,s0ds0,1767117157.219074000,137,,,,,LLDP,,,,,,,,
4,s0ds0,1767117160.319431000,137,,,,,LLDP,,,,,,,,
4,s0ds0,1767117160.319492000,137,,,,,LLDP,,,,,,,,
4,s0ds0,1767117163.419331000,137,,,,,LLDP,,,,,,,,
4,s0ds0,1767117163.419419000,137,,,,,LLDP,,,,,,,,
4,s0ds0,1767117166.519204000,137,,,,,LLDP,,,,,,,,
4,s0ds0,1767117166.519296000,137,,,,,LLDP,,,,,,,,
4,s0ds0,1767117169.618838000,137,,,,,LLDP,,,,,,,,
4,s0ds0,1767117169.618891000,137,,,,,LLDP,,,,,,,,
4,s0ds0,1767117172.718392000,137,,,,,LLDP,,,,,,,,
4,s0ds0,1767117172.718431000,137,,,,,LLDP,,,,,,,,
4,s0ds0,1767117175.819148000,137,,,,,LLDP,,,,,,,,
4,s0ds0,1767117175.819232000,137,,,,,LLDP,,,,,,,,
4,s0ds0,1767117178.919245000,137,,,,,LLDP,,,,,,,,
4,s0ds0,1767117178.919339000,137,,,,,LLDP,,,,,,,,
4,s0ds0,1767117182.019046000,137,,,,,LLDP,,,,,,,,
4,s0ds0,1767117182.019157000,137,,,,,LLDP,,,,,,,,
4,s0ds0,1767117185.119404000,137,,,,,LLDP,,,,,,,,
4,s0ds0,1767117185.119470000,137,,,,,LLDP,,,,,,,,
4,s0ds0,1767117188.219020000,137,,,,,LLDP,,,,,,,,
4,s0ds0,1767117188.219072000,137,,,,,LLDP,,,,,,,,
4,s0ds0,1767117191.318530000,137,,,,,LLDP,,,,,,,,
4,s0ds0,1767117191.318588000,137,,,,,LLDP,,,,,,,,
4,s0ds0,1767117194.418275000,137,,,,,LLDP,,,,,,,,
4,s0ds0,1767117194.418361000,137,,,,,LLDP,,,,,,,,
4,s0ds0,1767117197.518570000,137,,,,,LLDP,,,,,,,,
4,s0ds0,1767117197.518611000,137,,,,,LLDP,,,,,,,,
4,s0ds0,1767117200.619217000,137,,,,,LLDP,,,,,,,,
4,s0ds0,1767117200.619290000,137,,,,,LLDP,,,,,,,,
4,s1cl3,1767117082.718919000,137,,,,,LLDP,,,,,,,,
4,s1cl3,1767117082.718965000,137,,,,,LLDP,,,,,,,,
4,s1cl3,1767117085.819597000,137,,,,,LLDP,,,,,,,,
4,s1cl3,1767117085.819645000,137,,,,,LLDP,,,,,,,,
4,s1cl3,1767117088.918912000,137,,,,,LLDP,,,,,,,,
4,s1cl3,1767117088.918985000,137,,,,,LLDP,,,,,,,,
4,s1cl3,1767117092.018687000,137,,,,,LLDP,,,,,,,,
4,s1cl3,1767117092.018765000,137,,,,,LLDP,,,,,,,,
4,s1cl3,1767117095.118662000,137,,,,,LLDP,,,,,,,,
4,s1cl3,1767117095.118755000,137,,,,,LLDP,,,,,,,,
4,s1cl3,1767117098.219307000,137,,,,,LLDP,,,,,,,,
4,s1cl3,1767117098.219357000,137,,,,,LLDP,,,,,,,,
4,s1cl3,1767117101.319123000,137,,,,,LLDP,,,,,,,,
4,s1cl3,1767117101.319241000,137,,,,,LLDP,,,,,,,,
4,s1cl3,1767117104.419119000,137,,,,,LLDP,,,,,,,,
4,s1cl3,1767117104.419174000,137,,,,,LLDP,,,,,,,,
4,s1cl3,1767117107.519166000,137,,,,,LLDP,,,,,,,,
4,s1cl3,1767117107.519255000,137,,,,,LLDP,,,,,,,,
4,s1cl3,1767117110.619324000,137,,,,,LLDP,,,,,,,,
4,s1cl3,1767117110.619375000,137,,,,,LLDP,,,,,,,,
4,s1cl3,1767117113.718992000,137,,,,,LLDP,,,,,,,,
4,s1cl3,1767117113.719039000,137,,,,,LLDP,,,,,,,,
4,s1cl3,1767117116.818923000,137,,,,,LLDP,,,,,,,,
4,s1cl3,1767117116.819001000,137,,,,,LLDP,,,,,,,,
4,s1cl3,1767117119.918116000,137,,,,,LLDP,,,,,,,,
4,s1cl3,1767117119.918178000,137,,,,,LLDP,,,,,,,,
4,s1cl3,1767117123.019106000,137,,,,,LLDP,,,,,,,,
4,s1cl3,1767117123.019152000,137,,,,,LLDP,,,,,,,,
4,s1cl3,1767117126.119423000,137,,,,,LLDP,,,,,,,,
4,s1cl3,1767117126.119504000,137,,,,,LLDP,,,,,,,,
4,s1cl3,1767117129.218553000,137,,,,,LLDP,,,,,,,,
4,s1cl3,1767117129.218599000,137,,,,,LLDP,,,,,,,,
4,s1cl3,1767117132.319574000,137,,,,,LLDP,,,,,,,,
4,s1cl3,1767117132.319668000,137,,,,,LLDP,,,,,,,,
4,s1cl3,1767117135.418916000,137,,,,,LLDP,,,,,,,,
4,s1cl3,1767117135.419030000,137,,,,,LLDP,,,,,,,,
4,s1cl3,1767117138.518798000,137,,,,,LLDP,,,,,,,,
4,s1cl3,1767117138.518896000,137,,,,,LLDP,,,,,,,,
4,s1cl3,1767117141.619180000,137,,,,,LLDP,,,,,,,,
4,s1cl3,1767117141.619300000,137,,,,,LLDP,,,,,,,,
4,s1cl3,1767117144.719054000,137,,,,,LLDP,,,,,,,,
4,s1cl3,1767117144.719164000,137,,,,,LLDP,,,,,,,,
4,s1cl3,1767117147.818923000,137,,,,,LLDP,,,,,,,,
4,s1cl3,1767117147.818988000,137,,,,,LLDP,,,,,,,,
4,s1cl3,1767117150.918531000,137,,,,,LLDP,,,,,,,,
4,s1cl3,1767117150.918577000,137,,,,,LLDP,,,,,,,,
4,s1cl3,1767117154.018774000,137,,,,,LLDP,,,,,,,,
4,s1cl3,1767117154.018841000,137,,,,,LLDP,,,,,,,,
4,s1cl3,1767117157.118677000,137,,,,,LLDP,,,,,,,,
4,s1cl3,1767117157.118768000,137,,,,,LLDP,,,,,,,,
4,s1cl3,1767117160.218888000,137,,,,,LLDP,,,,,,,,
4,s1cl3,1767117160.218937000,137,,,,,LLDP,,,,,,,,
4,s1cl3,1767117163.319035000,137,,,,,LLDP,,,,,,,,
4,s1cl3,1767117163.319093000,137,,,,,LLDP,,,,,,,,
4,s1cl3,1767117166.419326000,137,,,,,LLDP,,,,,,,,
4,s1cl3,1767117166.419416000,137,,,,,LLDP,,,,,,,,
4,s1cl3,1767117169.518247000,137,,,,,LLDP,,,,,,,,
4,s1cl3,1767117169.518295000,137,,,,,LLDP,,,,,,,,
4,s1cl3,1767117172.619213000,137,,,,,LLDP,,,,,,,,
4,s1cl3,1767117172.619273000,137,,,,,LLDP,,,,,,,,
4,s1cl3,1767117175.718521000,137,,,,,LLDP,,,,,,,,
4,s1cl3,1767117175.718601000,137,,,,,LLDP,,,,,,,,
4,s1cl3,1767117178.819094000,137,,,,,LLDP,,,,,,,,
4,s1cl3,1767117178.819175000,137,,,,,LLDP,,,,,,,,
4,s1cl3,1767117181.918838000,137,,,,,LLDP,,,,,,,,
4,s1cl3,1767117181.918903000,137,,,,,LLDP,,,,,,,,
4,s1cl3,1767117185.018626000,137,,,,,LLDP,,,,,,,,
4,s1cl3,1767117185.018674000,137,,,,,LLDP,,,,,,,,
4,s1cl3,1767117188.119020000,137,,,,,LLDP,,,,,,,,
4,s1cl3,1767117188.119080000,137,,,,,LLDP,,,,,,,,
4,s1cl3,1767117191.218473000,137,,,,,LLDP,,,,,,,,
4,s1cl3,1767117191.218519000,137,,,,,LLDP,,,,,,,,
4,s1cl3,1767117194.318958000,137,,,,,LLDP,,,,,,,,
4,s1cl3,1767117194.319006000,137,,,,,LLDP,,,,,,,,
4,s1cl3,1767117197.419505000,137,,,,,LLDP,,,,,,,,
4,s1cl3,1767117197.419585000,137,,,,,LLDP,,,,,,,,
4,s1cl3,1767117200.519029000,137,,,,,LLDP,,,,,,,,
4,s1cl3,1767117200.519090000,137,,,,,LLDP,,,,,,,,
4,s1cl4,1767117082.719013000,137,,,,,LLDP,,,,,,,,
4,s1cl4,1767117082.719068000,137,,,,,LLDP,,,,,,,,
4,s1cl4,1767117085.819705000,137,,,,,LLDP,,,,,,,,
4,s1cl4,1767117085.819749000,137,,,,,LLDP,,,,,,,,
4,s1cl4,1767117088.919027000,137,,,,,LLDP,,,,,,,,
4,s1cl4,1767117088.919070000,137,,,,,LLDP,,,,,,,,
4,s1cl4,1767117092.018818000,137,,,,,LLDP,,,,,,,,
4,s1cl4,1767117092.018861000,137,,,,,LLDP,,,,,,,,
4,s1cl4,1767117095.118817000,137,,,,,LLDP,,,,,,,,
4,s1cl4,1767117095.118862000,137,,,,,LLDP,,,,,,,,
4,s1cl4,1767117098.219429000,137,,,,,LLDP,,,,,,,,
4,s1cl4,1767117098.219483000,137,,,,,LLDP,,,,,,,,
4,s1cl4,1767117101.319329000,137,,,,,LLDP,,,,,,,,
4,s1cl4,1767117101.319382000,137,,,,,LLDP,,,,,,,,
4,s1cl4,1767117104.419238000,137,,,,,LLDP,,,,,,,,
4,s1cl4,1767117104.419281000,137,,,,,LLDP,,,,,,,,
4,s1cl4,1767117107.519344000,137,,,,,LLDP,,,,,,,,
4,s1cl4,1767117107.519734000,137,,,,,LLDP,,,,,,,,
4,s1cl4,1767117110.619444000,137,,,,,LLDP,,,,,,,,
4,s1cl4,1767117110.619529000,137,,,,,LLDP,,,,,,,,
4,s1cl4,1767117113.719081000,137,,,,,LLDP,,,,,,,,
4,s1cl4,1767117113.719125000,137,,,,,LLDP,,,,,,,,
4,s1cl4,1767117116.819064000,137,,,,,LLDP,,,,,,,,
4,s1cl4,1767117116.819109000,137,,,,,LLDP,,,,,,,,
4,s1cl4,1767117119.918275000,137,,,,,LLDP,,,,,,,,
4,s1cl4,1767117119.918321000,137,,,,,LLDP,,,,,,,,
4,s1cl4,1767117123.019211000,137,,,,,LLDP,,,,,,,,
4,s1cl4,1767117123.019267000,137,,,,,LLDP,,,,,,,,
4,s1cl4,1767117126.119579000,137,,,,,LLDP,,,,,,,,
4,s1cl4,1767117126.119679000,137,,,,,LLDP,,,,,,,,
4,s1cl4,1767117129.218640000,137,,,,,LLDP,,,,,,,,
4,s1cl4,1767117129.218682000,137,,,,,LLDP,,,,,,,,
4,s1cl4,1767117132.319746000,137,,,,,LLDP,,,,,,,,
4,s1cl4,1767117132.319800000,137,,,,,LLDP,,,,,,,,
4,s1cl4,1767117135.419102000,137,,,,,LLDP,,,,,,,,
4,s1cl4,1767117135.419221000,137,,,,,LLDP,,,,,,,,
4,s1cl4,1767117138.518974000,137,,,,,LLDP,,,,,,,,
4,s1cl4,1767117138.519049000,137,,,,,LLDP,,,,,,,,
4,s1cl4,1767117141.619382000,137,,,,,LLDP,,,,,,,,
4,s1cl4,1767117141.619439000,137,,,,,LLDP,,,,,,,,
4,s1cl4,1767117144.719246000,137,,,,,LLDP,,,,,,,,
4,s1cl4,1767117144.719328000,137,,,,,LLDP,,,,,,,,
4,s1cl4,1767117147.819035000,137,,,,,LLDP,,,,,,,,
4,s1cl4,1767117147.819077000,137,,,,,LLDP,,,,,,,,
4,s1cl4,1767117150.918618000,137,,,,,LLDP,,,,,,,,
4,s1cl4,1767117150.918660000,137,,,,,LLDP,,,,,,,,
4,s1cl4,1767117154.018887000,137,,,,,LLDP,,,,,,,,
4,s1cl4,1767117154.018929000,137,,,,,LLDP,,,,,,,,
4,s1cl4,1767117157.118810000,137,,,,,LLDP,,,,,,,,
4,s1cl4,1767117157.118851000,137,,,,,LLDP,,,,,,,,
4,s1cl4,1767117160.218980000,137,,,,,LLDP,,,,,,,,
4,s1cl4,1767117160.219025000,137,,,,,LLDP,,,,,,,,
4,s1cl4,1767117163.319161000,137,,,,,LLDP,,,,,,,,
4,s1cl4,1767117163.319218000,137,,,,,LLDP,,,,,,,,
4,s1cl4,1767117166.419509000,137,,,,,LLDP,,,,,,,,
4,s1cl4,1767117166.419591000,137,,,,,LLDP,,,,,,,,
4,s1cl4,1767117169.518344000,137,,,,,LLDP,,,,,,,,
4,s1cl4,1767117169.518402000,137,,,,,LLDP,,,,,,,,
4,s1cl4,1767117172.619313000,137,,,,,LLDP,,,,,,,,
4,s1cl4,1767117172.619355000,137,,,,,LLDP,,,,,,,,
4,s1cl4,1767117175.718658000,137,,,,,LLDP,,,,,,,,
4,s1cl4,1767117175.718702000,137,,,,,LLDP,,,,,,,,
4,s1cl4,1767117178.819233000,137,,,,,LLDP,,,,,,,,
4,s1cl4,1767117178.819304000,137,,,,,LLDP,,,,,,,,
4,s1cl4,1767117181.918946000,137,,,,,LLDP,,,,,,,,
4,s1cl4,1767117181.918989000,137,,,,,LLDP,,,,,,,,
4,s1cl4,1767117185.018756000,137,,,,,LLDP,,,,,,,,
4,s1cl4,1767117185.018816000,137,,,,,LLDP,,,,,,,,
4,s1cl4,1767117188.119149000,137,,,,,LLDP,,,,,,,,
4,s1cl4,1767117188.119207000,137,,,,,LLDP,,,,,,,,
4,s1cl4,1767117191.218560000,137,,,,,LLDP,,,,,,,,
4,s1cl4,1767117191.218607000,137,,,,,LLDP,,,,,,,,
4,s1cl4,1767117194.319062000,137,,,,,LLDP,,,,,,,,
4,s1cl4,1767117194.319134000,137,,,,,LLDP,,,,,,,,
4,s1cl4,1767117197.419630000,137,,,,,LLDP,,,,,,,,
4,s1cl4,1767117197.419674000,137,,,,,LLDP,,,,,,,,
4,s1cl4,1767117200.519164000,137,,,,,LLDP,,,,,,,,
4,s1cl4,1767117200.519220000,137,,,,,LLDP,,,,,,,,
4,s1cl5,1767117082.719114000,137,,,,,LLDP,,,,,,,,
4,s1cl5,1767117082.719162000,137,,,,,LLDP,,,,,,,,
4,s1cl5,1767117085.819789000,137,,,,,LLDP,,,,,,,,
4,s1cl5,1767117085.819841000,137,,,,,LLDP,,,,,,,,
4,s1cl5,1767117088.919111000,137,,,,,LLDP,,,,,,,,
4,s1cl5,1767117088.919153000,137,,,,,LLDP,,,,,,,,
4,s1cl5,1767117092.018908000,137,,,,,LLDP,,,,,,,,
4,s1cl5,1767117092.018961000,137,,,,,LLDP,,,,,,,,
4,s1cl5,1767117095.118903000,137,,,,,LLDP,,,,,,,,
4,s1cl5,1767117095.118947000,137,,,,,LLDP,,,,,,,,
4,s1cl5,1767117098.219534000,137,,,,,LLDP,,,,,,,,
4,s1cl5,1767117098.219575000,137,,,,,LLDP,,,,,,,,
4,s1cl5,1767117101.319435000,137,,,,,LLDP,,,,,,,,
4,s1cl5,1767117101.319478000,137,,,,,LLDP,,,,,,,,
4,s1cl5,1767117104.419329000,137,,,,,LLDP,,,,,,,,
4,s1cl5,1767117104.419371000,137,,,,,LLDP,,,,,,,,
4,s1cl5,1767117107.519785000,137,,,,,LLDP,,,,,,,,
4,s1cl5,1767117107.519827000,137,,,,,LLDP,,,,,,,,
4,s1cl5,1767117110.619603000,137,,,,,LLDP,,,,,,,,
4,s1cl5,1767117110.619694000,137,,,,,LLDP,,,,,,,,
4,s1cl5,1767117113.719165000,137,,,,,LLDP,,,,,,,,
4,s1cl5,1767117113.719231000,137,,,,,LLDP,,,,,,,,
4,s1cl5,1767117116.819161000,137,,,,,LLDP,,,,,,,,
4,s1cl5,1767117116.819229000,137,,,,,LLDP,,,,,,,,
4,s1cl5,1767117119.918362000,137,,,,,LLDP,,,,,,,,
4,s1cl5,1767117119.918427000,137,,,,,LLDP,,,,,,,,
4,s1cl5,1767117123.019314000,137,,,,,LLDP,,,,,,,,
4,s1cl5,1767117123.019359000,137,,,,,LLDP,,,,,,,,
4,s1cl5,1767117126.119761000,137,,,,,LLDP,,,,,,,,
4,s1cl5,1767117126.119850000,137,,,,,LLDP,,,,,,,,
4,s1cl5,1767117129.218773000,137,,,,,LLDP,,,,,,,,
4,s1cl5,1767117129.218817000,137,,,,,LLDP,,,,,,,,
4,s1cl5,1767117132.319843000,137,,,,,LLDP,,,,,,,,
4,s1cl5,1767117132.319886000,137,,,,,LLDP,,,,,,,,
4,s1cl5,1767117135.419330000,137,,,,,LLDP,,,,,,,,
4,s1cl5,1767117135.419422000,137,,,,,LLDP,,,,,,,,
4,s1cl5,1767117138.519117000,137,,,,,LLDP,,,,,,,,
4,s1cl5,1767117138.519191000,137,,,,,LLDP,,,,,,,,
4,s1cl5,1767117141.619481000,137,,,,,LLDP,,,,,,,,
4,s1cl5,1767117141.619523000,137,,,,,LLDP,,,,,,,,
4,s1cl5,1767117144.719399000,137,,,,,LLDP,,,,,,,,
4,s1cl5,1767117144.719471000,137,,,,,LLDP,,,,,,,,
4,s1cl5,1767117147.819132000,137,,,,,LLDP,,,,,,,,
4,s1cl5,1767117147.819206000,137,,,,,LLDP,,,,,,,,
4,s1cl5,1767117150.918732000,137,,,,,LLDP,,,,,,,,
4,s1cl5,1767117150.918791000,137,,,,,LLDP,,,,,,,,
4,s1cl5,1767117154.018969000,137,,,,,LLDP,,,,,,,,
4,s1cl5,1767117154.019010000,137,,,,,LLDP,,,,,,,,
4,s1cl5,1767117157.118893000,137,,,,,LLDP,,,,,,,,
4,s1cl5,1767117157.118935000,137,,,,,LLDP,,,,,,,,
4,s1cl5,1767117160.219068000,137,,,,,LLDP,,,,,,,,
4,s1cl5,1767117160.219123000,137,,,,,LLDP,,,,,,,,
4,s1cl5,1767117163.319260000,137,,,,,LLDP,,,,,,,,
4,s1cl5,1767117163.319303000,137,,,,,LLDP,,,,,,,,
4,s1cl5,1767117166.419679000,137,,,,,LLDP,,,,,,,,
4,s1cl5,1767117166.419754000,137,,,,,LLDP,,,,,,,,
4,s1cl5,1767117169.518453000,137,,,,,LLDP,,,,,,,,
4,s1cl5,1767117169.518496000,137,,,,,LLDP,,,,,,,,
4,s1cl5,1767117172.619400000,137,,,,,LLDP,,,,,,,,
4,s1cl5,1767117172.619441000,137,,,,,LLDP,,,,,,,,
4,s1cl5,1767117175.718800000,137,,,,,LLDP,,,,,,,,
4,s1cl5,1767117175.718867000,137,,,,,LLDP,,,,,,,,
4,s1cl5,1767117178.819365000,137,,,,,LLDP,,,,,,,,
4,s1cl5,1767117178.819423000,137,,,,,LLDP,,,,,,,,
4,s1cl5,1767117179.690843000,70,,,fe80::90ff:baff:fea1:b62e,ff02::2,ICMPv6,,,,,,,133,0
4,s1cl5,1767117181.919029000,137,,,,,LLDP,,,,,,,,
4,s1cl5,1767117181.919070000,137,,,,,LLDP,,,,,,,,
4,s1cl5,1767117185.018860000,137,,,,,LLDP,,,,,,,,
4,s1cl5,1767117185.018915000,137,,,,,LLDP,,,,,,,,
4,s1cl5,1767117188.119247000,137,,,,,LLDP,,,,,,,,
4,s1cl5,1767117188.119287000,137,,,,,LLDP,,,,,,,,
4,s1cl5,1767117191.218649000,137,,,,,LLDP,,,,,,,,
4,s1cl5,1767117191.218690000,137,,,,,LLDP,,,,,,,,
4,s1cl5,1767117194.319194000,137,,,,,LLDP,,,,,,,,
4,s1cl5,1767117194.319250000,137,,,,,LLDP,,,,,,,,
4,s1cl5,1767117197.419715000,137,,,,,LLDP,,,,,,,,
4,s1cl5,1767117197.419757000,137,,,,,LLDP,,,,,,,,
4,s1cl5,1767117200.519264000,137,,,,,LLDP,,,,,,,,
4,s1cl5,1767117200.519306000,137,,,,,LLDP,,,,,,,,
4,s1cl6,1767117082.719229000,137,,,,,LLDP,,,,,,,,
4,s1cl6,1767117082.719291000,137,,,,,LLDP,,,,,,,,
4,s1cl6,1767117085.819893000,137,,,,,LLDP,,,,,,,,
4,s1cl6,1767117085.819946000,137,,,,,LLDP,,,,,,,,
4,s1cl6,1767117088.919214000,137,,,,,LLDP,,,,,,,,
4,s1cl6,1767117088.919260000,137,,,,,LLDP,,,,,,,,
4,s1cl6,1767117092.019000000,137,,,,,LLDP,,,,,,,,
4,s1cl6,1767117092.019039000,137,,,,,LLDP,,,,,,,,
4,s1cl6,1767117095.118988000,137,,,,,LLDP,,,,,,,,
4,s1cl6,1767117095.119031000,137,,,,,LLDP,,,,,,,,
4,s1cl6,1767117098.219616000,137,,,,,LLDP,,,,,,,,
4,s1cl6,1767117098.219657000,137,,,,,LLDP,,,,,,,,
4,s1cl6,1767117101.319518000,137,,,,,LLDP,,,,,,,,
4,s1cl6,1767117101.319569000,137,,,,,LLDP,,,,,,,,
4,s1cl6,1767117104.419411000,137,,,,,LLDP,,,,,,,,
4,s1cl6,1767117104.419453000,137,,,,,LLDP,,,,,,,,
4,s1cl6,1767117107.519867000,137,,,,,LLDP,,,,,,,,
4,s1cl6,1767117107.519907000,137,,,,,LLDP,,,,,,,,
4,s1cl6,1767117110.619768000,137,,,,,LLDP,,,,,,,,
4,s1cl6,1767117110.619849000,137,,,,,LLDP,,,,,,,,
4,s1cl6,1767117113.719272000,137,,,,,LLDP,,,,,,,,
4,s1cl6,1767117113.719313000,137,,,,,LLDP,,,,,,,,
4,s1cl6,1767117116.819272000,137,,,,,LLDP,,,,,,,,
4,s1cl6,1767117116.819311000,137,,,,,LLDP,,,,,,,,
4,s1cl6,1767117119.918483000,137,,,,,LLDP,,,,,,,,
4,s1cl6,1767117119.918553000,137,,,,,LLDP,,,,,,,,
4,s1cl6,1767117123.019409000,137,,,,,LLDP,,,,,,,,
4,s1cl6,1767117123.019478000,137,,,,,LLDP,,,,,,,,
4,s1cl6,1767117126.119930000,137,,,,,LLDP,,,,,,,,
4,s1cl6,1767117126.119989000,137,,,,,LLDP,,,,,,,,
4,s1cl6,1767117129.218869000,137,,,,,LLDP,,,,,,,,
4,s1cl6,1767117129.218911000,137,,,,,LLDP,,,,,,,,
4,s1cl6,1767117132.319937000,137,,,,,LLDP,,,,,,,,
4,s1cl6,1767117132.320012000,137,,,,,LLDP,,,,,,,,
4,s1cl6,1767117135.419515000,137,,,,,LLDP,,,,,,,,
4,s1cl6,1767117135.419600000,137,,,,,LLDP,,,,,,,,
4,s1cl6,1767117138.519245000,137,,,,,LLDP,,,,,,,,
4,s1cl6,1767117138.519286000,137,,,,,LLDP,,,,,,,,
4,s1cl6,1767117141.619564000,137,,,,,LLDP,,,,,,,,
4,s1cl6,1767117141.619618000,137,,,,,LLDP,,,,,,,,
4,s1cl6,1767117144.719529000,137,,,,,LLDP,,,,,,,,
4,s1cl6,1767117144.719588000,137,,,,,LLDP,,,,,,,,
4,s1cl6,1767117147.819247000,137,,,,,LLDP,,,,,,,,
4,s1cl6,1767117147.819304000,137,,,,,LLDP,,,,,,,,
4,s1cl6,1767117150.918833000,137,,,,,LLDP,,,,,,,,
4,s1cl6,1767117150.918874000,137,,,,,LLDP,,,,,,,,
4,s1cl6,1767117154.019050000,137,,,,,LLDP,,,,,,,,
4,s1cl6,1767117154.019090000,137,,,,,LLDP,,,,,,,,
4,s1cl6,1767117157.118973000,137,,,,,LLDP,,,,,,,,
4,s1cl6,1767117157.119012000,137,,,,,LLDP,,,,,,,,
4,s1cl6,1767117160.219219000,137,,,,,LLDP,,,,,,,,
4,s1cl6,1767117160.219268000,137,,,,,LLDP,,,,,,,,
4,s1cl6,1767117163.319351000,137,,,,,LLDP,,,,,,,,
4,s1cl6,1767117163.319395000,137,,,,,LLDP,,,,,,,,
4,s1cl6,1767117166.419827000,137,,,,,LLDP,,,,,,,,
4,s1cl6,1767117166.419907000,137,,,,,LLDP,,,,,,,,
4,s1cl6,1767117169.518537000,137,,,,,LLDP,,,,,,,,
4,s1cl6,1767117169.518579000,137,,,,,LLDP,,,,,,,,
4,s1cl6,1767117172.619480000,137,,,,,LLDP,,,,,,,,
4,s1cl6,1767117172.619521000,137,,,,,LLDP,,,,,,,,
4,s1cl6,1767117175.718925000,137,,,,,LLDP,,,,,,,,
4,s1cl6,1767117175.718966000,137,,,,,LLDP,,,,,,,,
4,s1cl6,1767117178.819476000,137,,,,,LLDP,,,,,,,,
4,s1cl6,1767117178.819537000,137,,,,,LLDP,,,,,,,,
4,s1cl6,1767117179.690829000,70,,,fe80::1c81:8aff:fe6b:594c,ff02::2,ICMPv6,,,,,,,133,0
4,s1cl6,1767117181.919133000,137,,,,,LLDP,,,,,,,,
4,s1cl6,1767117181.919180000,137,,,,,LLDP,,,,,,,,
4,s1cl6,1767117185.018956000,137,,,,,LLDP,,,,,,,,
4,s1cl6,1767117185.018998000,137,,,,,LLDP,,,,,,,,
4,s1cl6,1767117188.119326000,137,,,,,LLDP,,,,,,,,
4,s1cl6,1767117188.119367000,137,,,,,LLDP,,,,,,,,
4,s1cl6,1767117191.218774000,137,,,,,LLDP,,,,,,,,
4,s1cl6,1767117191.218817000,137,,,,,LLDP,,,,,,,,
4,s1cl6,1767117194.319301000,137,,,,,LLDP,,,,,,,,
4,s1cl6,1767117194.319344000,137,,,,,LLDP,,,,,,,,
4,s1cl6,1767117197.419797000,137,,,,,LLDP,,,,,,,,
4,s1cl6,1767117197.419844000,137,,,,,LLDP,,,,,,,,
4,s1cl6,1767117200.519347000,137,,,,,LLDP,,,,,,,,
4,s1cl6,1767117200.519388000,137,,,,,LLDP,,,,,,,,
4,s1cl7,1767117082.719330000,137,,,,,LLDP,,,,,,,,
4,s1cl7,1767117082.719402000,137,,,,,LLDP,,,,,,,,
4,s1cl7,1767117085.819987000,137,,,,,LLDP,,,,,,,,
4,s1cl7,1767117085.820066000,137,,,,,LLDP,,,,,,,,
4,s1cl7,1767117088.919300000,137,,,,,LLDP,,,,,,,,
4,s1cl7,1767117088.919371000,137,,,,,LLDP,,,,,,,,
4,s1cl7,1767117092.019077000,137,,,,,LLDP,,,,,,,,
4,s1cl7,1767117092.019141000,137,,,,,LLDP,,,,,,,,
4,s1cl7,1767117095.119072000,137,,,,,LLDP,,,,,,,,
4,s1cl7,1767117095.119144000,137,,,,,LLDP,,,,,,,,
4,s1cl7,1767117098.219708000,137,,,,,LLDP,,,,,,,,
4,s1cl7,1767117098.219776000,137,,,,,LLDP,,,,,,,,
4,s1cl7,1767117101.319620000,137,,,,,LLDP,,,,,,,,
4,s1cl7,1767117101.319690000,137,,,,,LLDP,,,,,,,,
4,s1cl7,1767117104.419493000,137,,,,,LLDP,,,,,,,,
4,s1cl7,1767117104.419569000,137,,,,,LLDP,,,,,,,,
4,s1cl7,1767117107.519947000,137,,,,,LLDP,,,,,,,,
4,s1cl7,1767117107.520018000,137,,,,,LLDP,,,,,,,,
4,s1cl7,1767117110.619930000,137,,,,,LLDP,,,,,,,,
4,s1cl7,1767117110.620058000,137,,,,,LLDP,,,,,,,,
4,s1cl7,1767117113.719352000,137,,,,,LLDP,,,,,,,,
4,s1cl7,1767117113.719425000,137,,,,,LLDP,,,,,,,,
4,s1cl7,1767117116.819349000,137,,,,,LLDP,,,,,,,,
4,s1cl7,1767117116.819432000,137,,,,,LLDP,,,,,,,,
4,s1cl7,1767117119.918844000,137,,,,,LLDP,,,,,,,,
4,s1cl7,1767117119.918935000,137,,,,,LLDP,,,,,,,,
4,s1cl7,1767117123.019652000,137,,,,,LLDP,,,,,,,,
4,s1cl7,1767117123.019699000,137,,,,,LLDP,,,,,,,,
4,s1cl7,1767117126.120031000,137,,,,,LLDP,,,,,,,,
4,s1cl7,1767117126.120103000,137,,,,,LLDP,,,,,,,,
4,s1cl7,1767117129.218950000,137,,,,,LLDP,,,,,,,,
4,s1cl7,1767117129.219018000,137,,,,,LLDP,,,,,,,,
4,s1cl7,1767117130.538818000,70,,,fe80::840f:6aff:fefe:99fc,ff02::2,ICMPv6,,,,,,,133,0
4,s1cl7,1767117132.320075000,137,,,,,LLDP,,,,,,,,
4,s1cl7,1767117132.320192000,137,,,,,LLDP,,,,,,,,
4,s1cl7,1767117135.419653000,137,,,,,LLDP,,,,,,,,
4,s1cl7,1767117135.419726000,137,,,,,LLDP,,,,,,,,
4,s1cl7,1767117138.519327000,137,,,,,LLDP,,,,,,,,
4,s1cl7,1767117138.519400000,137,,,,,LLDP,,,,,,,,
4,s1cl7,1767117141.619657000,137,,,,,LLDP,,,,,,,,
4,s1cl7,1767117141.619725000,137,,,,,LLDP,,,,,,,,
4,s1cl7,1767117144.719629000,137,,,,,LLDP,,,,,,,,
4,s1cl7,1767117144.719712000,137,,,,,LLDP,,,,,,,,
4,s1cl7,1767117147.819346000,137,,,,,LLDP,,,,,,,,
4,s1cl7,1767117147.819430000,137,,,,,LLDP,,,,,,,,
4,s1cl7,1767117150.918914000,137,,,,,LLDP,,,,,,,,
4,s1cl7,1767117150.918996000,137,,,,,LLDP,,,,,,,,
4,s1cl7,1767117154.019155000,137,,,,,LLDP,,,,,,,,
4,s1cl7,1767117154.019239000,137,,,,,LLDP,,,,,,,,
4,s1cl7,1767117157.119050000,137,,,,,LLDP,,,,,,,,
4,s1cl7,1767117157.119128000,137,,,,,LLDP,,,,,,,,
4,s1cl7,1767117160.219322000,137,,,,,LLDP,,,,,,,,
4,s1cl7,1767117160.219394000,137,,,,,LLDP,,,,,,,,
4,s1cl7,1767117163.319436000,137,,,,,LLDP,,,,,,,,
4,s1cl7,1767117163.319507000,137,,,,,LLDP,,,,,,,,
4,s1cl7,1767117166.419971000,137,,,,,LLDP,,,,,,,,
4,s1cl7,1767117166.420083000,137,,,,,LLDP,,,,,,,,
4,s1cl7,1767117169.518619000,137,,,,,LLDP,,,,,,,,
4,s1cl7,1767117169.518662000,137,,,,,LLDP,,,,,,,,
4,s1cl7,1767117172.619573000,137,,,,,LLDP,,,,,,,,
4,s1cl7,1767117172.619639000,137,,,,,LLDP,,,,,,,,
4,s1cl7,1767117175.719004000,137,,,,,LLDP,,,,,,,,
4,s1cl7,1767117175.719085000,137,,,,,LLDP,,,,,,,,
4,s1cl7,1767117178.819591000,137,,,,,LLDP,,,,,,,,
4,s1cl7,1767117178.819647000,137,,,,,LLDP,,,,,,,,
4,s1cl7,1767117181.919237000,137,,,,,LLDP,,,,,,,,
4,s1cl7,1767117181.919278000,137,,,,,LLDP,,,,,,,,
4,s1cl7,1767117185.019038000,137,,,,,LLDP,,,,,,,,
4,s1cl7,1767117185.019125000,137,,,,,LLDP,,,,,,,,
4,s1cl7,1767117188.119405000,137,,,,,LLDP,,,,,,,,
4,s1cl7,1767117188.119444000,137,,,,,LLDP,,,,,,,,
4,s1cl7,1767117191.218888000,137,,,,,LLDP,,,,,,,,
4,s1cl7,1767117191.218968000,137,,,,,LLDP,,,,,,,,
4,s1cl7,1767117194.319384000,137,,,,,LLDP,,,,,,,,
4,s1cl7,1767117194.319461000,137,,,,,LLDP,,,,,,,,
4,s1cl7,1767117196.074839000,70,,,fe80::e856:68ff:feb8:bd52,ff02::2,ICMPv6,,,,,,,133,0
4,s1cl7,1767117197.419884000,137,,,,,LLDP,,,,,,,,
4,s1cl7,1767117197.419958000,137,,,,,LLDP,,,,,,,,
4,s1cl7,1767117200.519427000,137,,,,,LLDP,,,,,,,,
4,s1cl7,1767117200.519526000,137,,,,,LLDP,,,,,,,,
4,s2cl10,1767117082.819359000,138,,,,,LLDP,,,,,,,,
4,s2cl10,1767117082.819399000,138,,,,,LLDP,,,,,,,,
4,s2cl10,1767117085.919931000,138,,,,,LLDP,,,,,,,,
4,s2cl10,1767117085.919973000,138,,,,,LLDP,,,,,,,,
4,s2cl10,1767117089.019612000,138,,,,,LLDP,,,,,,,,
4,s2cl10,1767117089.019651000,138,,,,,LLDP,,,,,,,,
4,s2cl10,1767117092.119520000,138,,,,,LLDP,,,,,,,,
4,s2cl10,1767117092.119833000,138,,,,,LLDP,,,,,,,,
4,s2cl10,1767117095.220532000,138,,,,,LLDP,,,,,,,,
4,s2cl10,1767117095.220575000,138,,,,,LLDP,,,,,,,,
4,s2cl10,1767117098.348521000,138,,,,,LLDP,,,,,,,,
4,s2cl10,1767117098.348609000,138,,,,,LLDP,,,,,,,,
4,s2cl10,1767117101.419809000,138,,,,,LLDP,,,,,,,,
4,s2cl10,1767117101.419881000,138,,,,,LLDP,,,,,,,,
4,s2cl10,1767117104.519475000,138,,,,,LLDP,,,,,,,,
4,s2cl10,1767117104.519517000,138,,,,,LLDP,,,,,,,,
4,s2cl10,1767117107.620247000,138,,,,,LLDP,,,,,,,,
4,s2cl10,1767117107.620298000,138,,,,,LLDP,,,,,,,,
4,s2cl10,1767117110.720301000,138,,,,,LLDP,,,,,,,,
4,s2cl10,1767117110.720370000,138,,,,,LLDP,,,,,,,,
4,s2cl10,1767117113.819847000,138,,,,,LLDP,,,,,,,,
4,s2cl10,1767117113.819911000,138,,,,,LLDP,,,,,,,,
4,s2cl10,1767117116.919398000,138,,,,,LLDP,,,,,,,,
4,s2cl10,1767117116.919439000,138,,,,,LLDP,,,,,,,,
4,s2cl10,1767117120.020391000,138,,,,,LLDP,,,,,,,,
4,s2cl10,1767117120.020457000,138,,,,,LLDP,,,,,,,,
4,s2cl10,1767117123.120032000,138,,,,,LLDP,,,,,,,,
4,s2cl10,1767117123.120076000,138,,,,,LLDP,,,,,,,,
4,s2cl10,1767117126.219715000,138,,,,,LLDP,,,,,,,,
4,s2cl10,1767117126.219793000,138,,,,,LLDP,,,,,,,,
4,s2cl10,1767117129.320675000,138,,,,,LLDP,,,,,,,,
4,s2cl10,1767117129.320759000,138,,,,,LLDP,,,,,,,,
4,s2cl10,1767117132.420661000,138,,,,,LLDP,,,,,,,,
4,s2cl10,1767117132.420704000,138,,,,,LLDP,,,,,,,,
4,s2cl10,1767117135.545593000,138,,,,,LLDP,,,,,,,,
4,s2cl10,1767117135.545662000,138,,,,,LLDP,,,,,,,,
4,s2cl10,1767117138.620188000,138,,,,,LLDP,,,,,,,,
4,s2cl10,1767117138.620235000,138,,,,,LLDP,,,,,,,,
4,s2cl10,1767117141.719143000,138,,,,,LLDP,,,,,,,,
4,s2cl10,1767117141.719219000,138,,,,,LLDP,,,,,,,,
4,s2cl10,1767117144.819985000,138,,,,,LLDP,,,,,,,,
4,s2cl10,1767117144.820029000,138,,,,,LLDP,,,,,,,,
4,s2cl10,1767117147.920415000,138,,,,,LLDP,,,,,,,,
4,s2cl10,1767117147.920489000,138,,,,,LLDP,,,,,,,,
4,s2cl10,1767117151.019970000,138,,,,,LLDP,,,,,,,,
4,s2cl10,1767117151.020014000,138,,,,,LLDP,,,,,,,,
4,s2cl10,1767117154.120740000,138,,,,,LLDP,,,,,,,,
4,s2cl10,1767117154.120808000,138,,,,,LLDP,,,,,,,,
4,s2cl10,1767117157.219880000,138,,,,,LLDP,,,,,,,,
4,s2cl10,1767117157.219927000,138,,,,,LLDP,,,,,,,,
4,s2cl10,1767117160.319623000,138,,,,,LLDP,,,,,,,,
4,s2cl10,1767117160.319670000,138,,,,,LLDP,,,,,,,,
4,s2cl10,1767117163.420013000,138,,,,,LLDP,,,,,,,,
4,s2cl10,1767117163.420069000,138,,,,,LLDP,,,,,,,,
4,s2cl10,1767117166.519828000,138,,,,,LLDP,,,,,,,,
4,s2cl10,1767117166.519869000,138,,,,,LLDP,,,,,,,,
4,s2cl10,1767117169.619561000,138,,,,,LLDP,,,,,,,,
4,s2cl10,1767117169.619633000,138,,,,,LLDP,,,,,,,,
4,s2cl10,1767117172.719396000,138,,,,,LLDP,,,,,,,,
4,s2cl10,1767117172.719444000,138,,,,,LLDP,,,,,,,,
4,s2cl10,1767117175.820340000,138,,,,,LLDP,,,,,,,,
4,s2cl10,1767117175.820428000,138,,,,,LLDP,,,,,,,,
4,s2cl10,1767117178.919873000,138,,,,,LLDP,,,,,,,,
4,s2cl10,1767117178.919952000,138,,,,,LLDP,,,,,,,,
4,s2cl10,1767117182.019606000,138,,,,,LLDP,,,,,,,,
4,s2cl10,1767117182.019649000,138,,,,,LLDP,,,,,,,,
4,s2cl10,1767117185.121069000,138,,,,,LLDP,,,,,,,,
4,s2cl10,1767117185.121131000,138,,,,,LLDP,,,,,,,,
4,s2cl10,1767117188.219870000,138,,,,,LLDP,,,,,,,,
4,s2cl10,1767117188.219922000,138,,,,,LLDP,,,,,,,,
4,s2cl10,1767117191.319217000,138,,,,,LLDP,,,,,,,,
4,s2cl10,1767117191.319298000,138,,,,,LLDP,,,,,,,,
4,s2cl10,1767117194.418897000,138,,,,,LLDP,,,,,,,,
4,s2cl10,1767117194.418974000,138,,,,,LLDP,,,,,,,,
4,s2cl10,1767117197.520134000,138,,,,,LLDP,,,,,,,,
4,s2cl10,1767117197.520181000,138,,,,,LLDP,,,,,,,,
4,s2cl10,1767117200.620155000,138,,,,,LLDP,,,,,,,,
4,s2cl10,1767117200.620198000,138,,,,,LLDP,,,,,,,,
4,s2cl8,1767117082.819166000,137,,,,,LLDP,,,,,,,,
4,s2cl8,1767117082.819227000,137,,,,,LLDP,,,,,,,,
4,s2cl8,1767117085.919716000,137,,,,,LLDP,,,,,,,,
4,s2cl8,1767117085.919797000,137,,,,,LLDP,,,,,,,,
4,s2cl8,1767117089.019434000,137,,,,,LLDP,,,,,,,,
4,s2cl8,1767117089.019479000,137,,,,,LLDP,,,,,,,,
4,s2cl8,1767117092.119305000,137,,,,,LLDP,,,,,,,,
4,s2cl8,1767117092.119382000,137,,,,,LLDP,,,,,,,,
4,s2cl8,1767117095.220332000,137,,,,,LLDP,,,,,,,,
4,s2cl8,1767117095.220390000,137,,,,,LLDP,,,,,,,,
4,s2cl8,1767117098.319968000,137,,,,,LLDP,,,,,,,,
4,s2cl8,1767117098.320015000,137,,,,,LLDP,,,,,,,,
4,s2cl8,1767117101.419566000,137,,,,,LLDP,,,,,,,,
4,s2cl8,1767117101.419640000,137,,,,,LLDP,,,,,,,,
4,s2cl8,1767117104.519261000,137,,,,,LLDP,,,,,,,,
4,s2cl8,1767117104.519351000,137,,,,,LLDP,,,,,,,,
4,s2cl8,1767117107.620016000,137,,,,,LLDP,,,,,,,,
4,s2cl8,1767117107.620072000,137,,,,,LLDP,,,,,,,,
4,s2cl8,1767117110.720059000,137,,,,,LLDP,,,,,,,,
4,s2cl8,1767117110.720119000,137,,,,,LLDP,,,,,,,,
4,s2cl8,1767117113.819666000,137,,,,,LLDP,,,,,,,,
4,s2cl8,1767117113.819720000,137,,,,,LLDP,,,,,,,,
4,s2cl8,1767117116.919219000,137,,,,,LLDP,,,,,,,,
4,s2cl8,1767117116.919278000,137,,,,,LLDP,,,,,,,,
4,s2cl8,1767117120.020206000,137,,,,,LLDP,,,,,,,,
4,s2cl8,1767117120.020270000,137,,,,,LLDP,,,,,,,,
4,s2cl8,1767117123.119802000,137,,,,,LLDP,,,,,,,,
4,s2cl8,1767117123.119846000,137,,,,,LLDP,,,,,,,,
4,s2cl8,1767117126.219491000,137,,,,,LLDP,,,,,,,,
4,s2cl8,1767117126.219539000,137,,,,,LLDP,,,,,,,,
4,s2cl8,1767117129.319822000,137,,,,,LLDP,,,,,,,,
4,s2cl8,1767117129.319868000,137,,,,,LLDP,,,,,,,,
4,s2cl8,1767117132.420283000,137,,,,,LLDP,,,,,,,,
4,s2cl8,1767117132.420340000,137,,,,,LLDP,,,,,,,,
4,s2cl8,1767117135.545420000,137,,,,,LLDP,,,,,,,,
4,s2cl8,1767117135.545469000,137,,,,,LLDP,,,,,,,,
4,s2cl8,1767117138.619975000,137,,,,,LLDP,,,,,,,,
4,s2cl8,1767117138.620020000,137,,,,,LLDP,,,,,,,,
4,s2cl8,1767117141.718928000,137,,,,,LLDP,,,,,,,,
4,s2cl8,1767117141.718972000,137,,,,,LLDP,,,,,,,,
4,s2cl8,1767117144.819790000,137,,,,,LLDP,,,,,,,,
4,s2cl8,1767117144.819837000,137,,,,,LLDP,,,,,,,,
4,s2cl8,1767117147.920114000,137,,,,,LLDP,,,,,,,,
4,s2cl8,1767117147.920224000,137,,,,,LLDP,,,,,,,,
4,s2cl8,1767117151.019799000,137,,,,,LLDP,,,,,,,,
4,s2cl8,1767117151.019847000,137,,,,,LLDP,,,,,,,,
4,s2cl8,1767117154.120355000,137,,,,,LLDP,,,,,,,,
4,s2cl8,1767117154.120440000,137,,,,,LLDP,,,,,,,,
4,s2cl8,1767117157.219684000,137,,,,,LLDP,,,,,,,,
4,s2cl8,1767117157.219737000,137,,,,,LLDP,,,,,,,,
4,s2cl8,1767117160.319437000,137,,,,,LLDP,,,,,,,,
4,s2cl8,1767117160.319496000,137,,,,,LLDP,,,,,,,,
4,s2cl8,1767117163.419807000,137,,,,,LLDP,,,,,,,,
4,s2cl8,1767117163.419853000,137,,,,,LLDP,,,,,,,,
4,s2cl8,1767117166.519621000,137,,,,,LLDP,,,,,,,,
4,s2cl8,1767117166.519697000,137,,,,,LLDP,,,,,,,,
4,s2cl8,1767117169.619384000,137,,,,,LLDP,,,,,,,,
4,s2cl8,1767117169.619430000,137,,,,,LLDP,,,,,,,,
4,s2cl8,1767117172.719222000,137,,,,,LLDP,,,,,,,,
4,s2cl8,1767117172.719266000,137,,,,,LLDP,,,,,,,,
4,s2cl8,1767117175.820006000,137,,,,,LLDP,,,,,,,,
4,s2cl8,1767117175.820065000,137,,,,,LLDP,,,,,,,,
4,s2cl8,1767117178.919686000,137,,,,,LLDP,,,,,,,,
4,s2cl8,1767117178.919730000,137,,,,,LLDP,,,,,,,,
4,s2cl8,1767117182.019378000,137,,,,,LLDP,,,,,,,,
4,s2cl8,1767117182.019476000,137,,,,,LLDP,,,,,,,,
4,s2cl8,1767117185.120881000,137,,,,,LLDP,,,,,,,,
4,s2cl8,1767117185.120926000,137,,,,,LLDP,,,,,,,,
4,s2cl8,1767117188.219713000,137,,,,,LLDP,,,,,,,,
4,s2cl8,1767117188.219757000,137,,,,,LLDP,,,,,,,,
4,s2cl8,1767117191.319028000,137,,,,,LLDP,,,,,,,,
4,s2cl8,1767117191.319071000,137,,,,,LLDP,,,,,,,,
4,s2cl8,1767117194.418727000,137,,,,,LLDP,,,,,,,,
4,s2cl8,1767117194.418778000,137,,,,,LLDP,,,,,,,,
4,s2cl8,1767117197.519802000,137,,,,,LLDP,,,,,,,,
4,s2cl8,1767117197.519892000,137,,,,,LLDP,,,,,,,,
4,s2cl8,1767117200.619911000,137,,,,,LLDP,,,,,,,,
4,s2cl8,1767117200.619979000,137,,,,,LLDP,,,,,,,,
4,s2cl9,1767117082.819271000,137,,,,,LLDP,,,,,,,,
4,s2cl9,1767117082.819311000,137,,,,,LLDP,,,,,,,,
4,s2cl9,1767117085.919837000,137,,,,,LLDP,,,,,,,,
4,s2cl9,1767117085.919891000,137,,,,,LLDP,,,,,,,,
4,s2cl9,1767117089.019533000,137,,,,,LLDP,,,,,,,,
4,s2cl9,1767117089.019573000,137,,,,,LLDP,,,,,,,,
4,s2cl9,1767117092.119438000,137,,,,,LLDP,,,,,,,,
4,s2cl9,1767117092.119479000,137,,,,,LLDP,,,,,,,,
4,s2cl9,1767117095.220444000,137,,,,,LLDP,,,,,,,,
4,s2cl9,1767117095.220488000,137,,,,,LLDP,,,,,,,,
4,s2cl9,1767117098.320108000,137,,,,,LLDP,,,,,,,,
4,s2cl9,1767117098.348468000,137,,,,,LLDP,,,,,,,,
4,s2cl9,1767117101.419701000,137,,,,,LLDP,,,,,,,,
4,s2cl9,1767117101.419768000,137,,,,,LLDP,,,,,,,,
4,s2cl9,1767117104.519394000,137,,,,,LLDP,,,,,,,,
4,s2cl9,1767117104.519435000,137,,,,,LLDP,,,,,,,,
4,s2cl9,1767117107.620125000,137,,,,,LLDP,,,,,,,,
4,s2cl9,1767117107.620166000,137,,,,,LLDP,,,,,,,,
4,s2cl9,1767117110.720167000,137,,,,,LLDP,,,,,,,,
4,s2cl9,1767117110.720247000,137,,,,,LLDP,,,,,,,,
4,s2cl9,1767117113.819759000,137,,,,,LLDP,,,,,,,,
4,s2cl9,1767117113.819809000,137,,,,,LLDP,,,,,,,,
4,s2cl9,1767117116.919318000,137,,,,,LLDP,,,,,,,,
4,s2cl9,1767117116.919359000,137,,,,,LLDP,,,,,,,,
4,s2cl9,1767117120.020313000,137,,,,,LLDP,,,,,,,,
4,s2cl9,1767117120.020352000,137,,,,,LLDP,,,,,,,,
4,s2cl9,1767117123.119928000,137,,,,,LLDP,,,,,,,,
4,s2cl9,1767117123.119980000,137,,,,,LLDP,,,,,,,,
4,s2cl9,1767117126.219618000,137,,,,,LLDP,,,,,,,,
4,s2cl9,1767117126.219663000,137,,,,,LLDP,,,,,,,,
4,s2cl9,1767117129.319932000,137,,,,,LLDP,,,,,,,,
4,s2cl9,1767117129.319974000,137,,,,,LLDP,,,,,,,,
4,s2cl9,1767117132.420407000,137,,,,,LLDP,,,,,,,,
4,s2cl9,1767117132.420598000,137,,,,,LLDP,,,,,,,,
4,s2cl9,1767117135.545511000,137,,,,,LLDP,,,,,,,,
4,s2cl9,1767117135.545553000,137,,,,,LLDP,,,,,,,,
4,s2cl9,1767117138.620068000,137,,,,,LLDP,,,,,,,,
4,s2cl9,1767117138.620121000,137,,,,,LLDP,,,,,,,,
4,s2cl9,1767117141.719012000,137,,,,,LLDP,,,,,,,,
4,s2cl9,1767117141.719053000,137,,,,,LLDP,,,,,,,,
4,s2cl9,1767117144.819890000,137,,,,,LLDP,,,,,,,,
4,s2cl9,1767117144.819943000,137,,,,,LLDP,,,,,,,,
4,s2cl9,1767117147.920300000,137,,,,,LLDP,,,,,,,,
4,s2cl9,1767117147.920369000,137,,,,,LLDP,,,,,,,,
4,s2cl9,1767117151.019888000,137,,,,,LLDP,,,,,,,,
4,s2cl9,1767117151.019931000,137,,,,,LLDP,,,,,,,,
4,s2cl9,1767117154.120527000,137,,,,,LLDP,,,,,,,,
4,s2cl9,1767117154.120639000,137,,,,,LLDP,,,,,,,,
4,s2cl9,1767117157.219778000,137,,,,,LLDP,,,,,,,,
4,s2cl9,1767117157.219820000,137,,,,,LLDP,,,,,,,,
4,s2cl9,1767117160.319535000,137,,,,,LLDP,,,,,,,,
4,s2cl9,1767117160.319584000,137,,,,,LLDP,,,,,,,,
4,s2cl9,1767117163.419926000,137,,,,,LLDP,,,,,,,,
4,s2cl9,1767117163.419972000,137,,,,,LLDP,,,,,,,,
4,s2cl9,1767117166.519744000,137,,,,,LLDP,,,,,,,,
4,s2cl9,1767117166.519787000,137,,,,,LLDP,,,,,,,,
4,s2cl9,1767117169.619478000,137,,,,,LLDP,,,,,,,,
4,s2cl9,1767117169.619520000,137,,,,,LLDP,,,,,,,,
4,s2cl9,1767117172.719313000,137,,,,,LLDP,,,,,,,,
4,s2cl9,1767117172.719358000,137,,,,,LLDP,,,,,,,,
4,s2cl9,1767117175.820152000,137,,,,,LLDP,,,,,,,,
4,s2cl9,1767117175.820252000,137,,,,,LLDP,,,,,,,,
4,s2cl9,1767117178.919770000,137,,,,,LLDP,,,,,,,,
4,s2cl9,1767117178.919822000,137,,,,,LLDP,,,,,,,,
4,s2cl9,1767117182.019522000,137,,,,,LLDP,,,,,,,,
4,s2cl9,1767117182.019565000,137,,,,,LLDP,,,,,,,,
4,s2cl9,1767117185.120978000,137,,,,,LLDP,,,,,,,,
4,s2cl9,1767117185.121017000,137,,,,,LLDP,,,,,,,,
4,s2cl9,1767117188.219794000,137,,,,,LLDP,,,,,,,,
4,s2cl9,1767117188.219833000,137,,,,,LLDP,,,,,,,,
4,s2cl9,1767117191.319128000,137,,,,,LLDP,,,,,,,,
4,s2cl9,1767117191.319175000,137,,,,,LLDP,,,,,,,,
4,s2cl9,1767117194.418818000,137,,,,,LLDP,,,,,,,,
4,s2cl9,1767117194.418858000,137,,,,,LLDP,,,,,,,,
4,s2cl9,1767117197.519971000,137,,,,,LLDP,,,,,,,,
4,s2cl9,1767117197.520057000,137,,,,,LLDP,,,,,,,,
4,s2cl9,1767117200.620041000,137,,,,,LLDP,,,,,,,,
4,s2cl9,1767117200.620094000,137,,,,,LLDP,,,,,,,,
5,s0cl0,1767117209.918367000,137,,,,,LLDP,,,,,,,,
5,s0cl0,1767117209.918411000,137,,,,,LLDP,,,,,,,,
5,s0cl0,1767117213.018919000,137,,,,,LLDP,,,,,,,,
5,s0cl0,1767117213.018977000,137,,,,,LLDP,,,,,,,,
5,s0cl0,1767117216.118002000,137,,,,,LLDP,,,,,,,,
5,s0cl0,1767117216.118049000,137,,,,,LLDP,,,,,,,,
5,s0cl0,1767117219.218375000,137,,,,,LLDP,,,,,,,,
5,s0cl0,1767117219.218431000,137,,,,,LLDP,,,,,,,,
5,s0cl0,1767117222.318647000,137,,,,,LLDP,,,,,,,,
5,s0cl0,1767117222.318773000,137,,,,,LLDP,,,,,,,,
5,s0cl0,1767117225.418677000,137,,,,,LLDP,,,,,,,,
5,s0cl0,1767117225.418767000,137,,,,,LLDP,,,,,,,,
5,s0cl0,1767117228.518805000,137,,,,,LLDP,,,,,,,,
5,s0cl0,1767117228.518896000,137,,,,,LLDP,,,,,,,,
5,s0cl0,1767117231.618897000,137,,,,,LLDP,,,,,,,,
5,s0cl0,1767117231.619010000,137,,,,,LLDP,,,,,,,,
5,s0cl0,1767117234.718812000,137,,,,,LLDP,,,,,,,,
5,s0cl0,1767117234.718860000,137,,,,,LLDP,,,,,,,,
5,s0cl0,1767117237.818839000,137,,,,,LLDP,,,,,,,,
5,s0cl0,1767117237.818887000,137,,,,,LLDP,,,,,,,,
5,s0cl0,1767117240.918677000,137,,,,,LLDP,,,,,,,,
5,s0cl0,1767117240.918783000,137,,,,,LLDP,,,,,,,,
5,s0cl0,1767117244.018862000,137,,,,,LLDP,,,,,,,,
5,s0cl0,1767117244.018908000,137,,,,,LLDP,,,,,,,,
5,s0cl0,1767117247.118760000,137,,,,,LLDP,,,,,,,,
5,s0cl0,1767117247.118819000,137,,,,,LLDP,,,,,,,,
5,s0cl0,1767117250.218693000,137,,,,,LLDP,,,,,,,,
5,s0cl0,1767117250.218786000,137,,,,,LLDP,,,,,,,,
5,s0cl0,1767117253.319349000,137,,,,,LLDP,,,,,,,,
5,s0cl0,1767117253.319450000,137,,,,,LLDP,,,,,,,,
5,s0cl0,1767117256.418858000,137,,,,,LLDP,,,,,,,,
5,s0cl0,1767117256.418934000,137,,,,,LLDP,,,,,,,,
5,s0cl0,1767117259.518220000,137,,,,,LLDP,,,,,,,,
5,s0cl0,1767117259.518263000,137,,,,,LLDP,,,,,,,,
5,s0cl0,1767117262.618192000,137,,,,,LLDP,,,,,,,,
5,s0cl0,1767117262.618251000,137,,,,,LLDP,,,,,,,,
5,s0cl0,1767117265.718827000,137,,,,,LLDP,,,,,,,,
5,s0cl0,1767117265.718875000,137,,,,,LLDP,,,,,,,,
5,s0cl0,1767117268.818487000,137,,,,,LLDP,,,,,,,,
5,s0cl0,1767117268.818539000,137,,,,,LLDP,,,,,,,,
5,s0cl0,1767117271.918191000,137,,,,,LLDP,,,,,,,,
5,s0cl0,1767117271.918236000,137,,,,,LLDP,,,,,,,,
5,s0cl0,1767117275.019647000,137,,,,,LLDP,,,,,,,,
5,s0cl0,1767117275.019710000,137,,,,,LLDP,,,,,,,,
5,s0cl0,1767117278.118200000,137,,,,,LLDP,,,,,,,,
5,s0cl0,1767117278.118253000,137,,,,,LLDP,,,,,,,,
5,s0cl0,1767117281.218233000,137,,,,,LLDP,,,,,,,,
5,s0cl0,1767117281.218279000,137,,,,,LLDP,,,,,,,,
5,s0cl0,1767117284.318121000,137,,,,,LLDP,,,,,,,,
5,s0cl0,1767117284.318180000,137,,,,,LLDP,,,,,,,,
5,s0cl0,1767117287.418460000,137,,,,,LLDP,,,,,,,,
5,s0cl0,1767117287.418508000,137,,,,,LLDP,,,,,,,,
5,s0cl0,1767117290.518899000,137,,,,,LLDP,,,,,,,,
5,s0cl0,1767117290.518945000,137,,,,,LLDP,,,,,,,,
5,s0cl0,1767117293.618251000,137,,,,,LLDP,,,,,,,,
5,s0cl0,1767117293.618296000,137,,,,,LLDP,,,,,,,,
5,s0cl0,1767117296.718414000,137,,,,,LLDP,,,,,,,,
5,s0cl0,1767117296.718474000,137,,,,,LLDP,,,,,,,,
5,s0cl0,1767117299.818508000,137,,,,,LLDP,,,,,,,,
5,s0cl0,1767117299.818556000,137,,,,,LLDP,,,,,,,,
5,s0cl0,1767117302.918238000,137,,,,,LLDP,,,,,,,,
5,s0cl0,1767117302.918302000,137,,,,,LLDP,,,,,,,,
5,s0cl0,1767117306.018924000,137,,,,,LLDP,,,,,,,,
5,s0cl0,1767117306.018990000,137,,,,,LLDP,,,,,,,,
5,s0cl0,1767117309.118527000,137,,,,,LLDP,,,,,,,,
5,s0cl0,1767117309.118572000,137,,,,,LLDP,,,,,,,,
5,s0cl0,1767117312.218844000,137,,,,,LLDP,,,,,,,,
5,s0cl0,1767117312.218892000,137,,,,,LLDP,,,,,,,,
5,s0cl0,1767117315.318147000,137,,,,,LLDP,,,,,,,,
5,s0cl0,1767117315.318192000,137,,,,,LLDP,,,,,,,,
5,s0cl0,1767117318.419192000,137,,,,,LLDP,,,,,,,,
5,s0cl0,1767117318.419238000,137,,,,,LLDP,,,,,,,,
5,s0cl0,1767117321.518684000,137,,,,,LLDP,,,,,,,,
5,s0cl0,1767117321.518760000,137,,,,,LLDP,,,,,,,,
5,s0cl0,1767117324.618379000,137,,,,,LLDP,,,,,,,,
5,s0cl0,1767117324.618426000,137,,,,,LLDP,,,,,,,,
5,s0cl0,1767117327.718552000,137,,,,,LLDP,,,,,,,,
5,s0cl0,1767117327.718612000,137,,,,,LLDP,,,,,,,,
5,s0cl1,1767117209.918461000,137,,,,,LLDP,,,,,,,,
5,s0cl1,1767117209.918504000,137,,,,,LLDP,,,,,,,,
5,s0cl1,1767117213.019018000,137,,,,,LLDP,,,,,,,,
5,s0cl1,1767117213.019060000,137,,,,,LLDP,,,,,,,,
5,s0cl1,1767117216.118114000,137,,,,,LLDP,,,,,,,,
5,s0cl1,1767117216.118163000,137,,,,,LLDP,,,,,,,,
5,s0cl1,1767117219.218483000,137,,,,,LLDP,,,,,,,,
5,s0cl1,1767117219.218527000,137,,,,,LLDP,,,,,,,,
5,s0cl1,1767117222.318834000,137,,,,,LLDP,,,,,,,,
5,s0cl1,1767117222.318888000,137,,,,,LLDP,,,,,,,,
5,s0cl1,1767117225.418819000,137,,,,,LLDP,,,,,,,,
5,s0cl1,1767117225.418862000,137,,,,,LLDP,,,,,,,,
5,s0cl1,1767117228.518999000,137,,,,,LLDP,,,,,,,,
5,s0cl1,1767117228.519111000,137,,,,,LLDP,,,,,,,,
5,s0cl1,1767117231.619129000,137,,,,,LLDP,,,,,,,,
5,s0cl1,1767117231.619211000,137,,,,,LLDP,,,,,,,,
5,s0cl1,1767117234.718901000,137,,,,,LLDP,,,,,,,,
5,s0cl1,1767117234.718952000,137,,,,,LLDP,,,,,,,,
5,s0cl1,1767117237.818942000,137,,,,,LLDP,,,,,,,,
5,s0cl1,1767117237.818997000,137,,,,,LLDP,,,,,,,,
5,s0cl1,1767117240.918829000,137,,,,,LLDP,,,,,,,,
5,s0cl1,1767117240.918874000,137,,,,,LLDP,,,,,,,,
5,s0cl1,1767117244.018975000,137,,,,,LLDP,,,,,,,,
5,s0cl1,1767117244.019020000,137,,,,,LLDP,,,,,,,,
5,s0cl1,1767117247.118894000,137,,,,,LLDP,,,,,,,,
5,s0cl1,1767117247.118940000,137,,,,,LLDP,,,,,,,,
5,s0cl1,1767117250.218840000,137,,,,,LLDP,,,,,,,,
5,s0cl1,1767117250.218895000,137,,,,,LLDP,,,,,,,,
5,s0cl1,1767117253.319531000,137,,,,,LLDP,,,,,,,,
5,s0cl1,1767117253.319618000,137,,,,,LLDP,,,,,,,,
5,s0cl1,1767117256.418983000,137,,,,,LLDP,,,,,,,,
5,s0cl1,1767117256.419027000,137,,,,,LLDP,,,,,,,,
5,s0cl1,1767117259.518313000,137,,,,,LLDP,,,,,,,,
5,s0cl1,1767117259.518353000,137,,,,,LLDP,,,,,,,,
5,s0cl1,1767117262.618292000,137,,,,,LLDP,,,,,,,,
5,s0cl1,1767117262.618340000,137,,,,,LLDP,,,,,,,,
5,s0cl1,1767117265.718933000,137,,,,,LLDP,,,,,,,,
5,s0cl1,1767117265.718976000,137,,,,,LLDP,,,,,,,,
5,s0cl1,1767117268.818579000,137,,,,,LLDP,,,,,,,,
5,s0cl1,1767117268.818620000,137,,,,,LLDP,,,,,,,,
5,s0cl1,1767117271.918282000,137,,,,,LLDP,,,,,,,,
5,s0cl1,1767117271.918324000,137,,,,,LLDP,,,,,,,,
5,s0cl1,1767117275.019775000,137,,,,,LLDP,,,,,,,,
5,s0cl1,1767117275.019823000,137,,,,,LLDP,,,,,,,,
5,s0cl1,1767117278.118294000,137,,,,,LLDP,,,,,,,,
5,s0cl1,1767117278.118335000,137,,,,,LLDP,,,,,,,,
5,s0cl1,1767117281.218322000,137,,,,,LLDP,,,,,,,,
5,s0cl1,1767117281.218377000,137,,,,,LLDP,,,,,,,,
5,s0cl1,1767117284.318226000,137,,,,,LLDP,,,,,,,,
5,s0cl1,1767117284.318266000,137,,,,,LLDP,,,,,,,,
5,s0cl1,1767117287.418550000,137,,,,,LLDP,,,,,,,,
5,s0cl1,1767117287.418592000,137,,,,,LLDP,,,,,,,,
5,s0cl1,1767117290.518990000,137,,,,,LLDP,,,,,,,,
5,s0cl1,1767117290.519048000,137,,,,,LLDP,,,,,,,,
5,s0cl1,1767117293.618385000,137,,,,,LLDP,,,,,,,,
5,s0cl1,1767117293.618428000,137,,,,,LLDP,,,,,,,,
5,s0cl1,1767117294.378809000,70,,,fe80::ac09:f1ff:feaf:82bd,ff02::2,ICMPv6,,,,,,,133,0
5,s0cl1,1767117296.718528000,137,,,,,LLDP,,,,,,,,
5,s0cl1,1767117296.718570000,137,,,,,LLDP,,,,,,,,
5,s0cl1,1767117299.818600000,137,,,,,LLDP,,,,,,,,
5,s0cl1,1767117299.818645000,137,,,,,LLDP,,,,,,,,
5,s0cl1,1767117302.918345000,137,,,,,LLDP,,,,,,,,
5,s0cl1,1767117302.918387000,137,,,,,LLDP,,,,,,,,
5,s0cl1,1767117306.019058000,137,,,,,LLDP,,,,,,,,
5,s0cl1,1767117306.019106000,137,,,,,LLDP,,,,,,,,
5,s0cl1,1767117309.118621000,137,,,,,LLDP,,,,,,,,
5,s0cl1,1767117309.118665000,137,,,,,LLDP,,,,,,,,
5,s0cl1,1767117312.218947000,137,,,,,LLDP,,,,,,,,
5,s0cl1,1767117312.218992000,137,,,,,LLDP,,,,,,,,
5,s0cl1,1767117315.318235000,137,,,,,LLDP,,,,,,,,
5,s0cl1,1767117315.318279000,137,,,,,LLDP,,,,,,,,
5,s0cl1,1767117318.419279000,137,,,,,LLDP,,,,,,,,
5,s0cl1,1767117318.419344000,137,,,,,LLDP,,,,,,,,
5,s0cl1,1767117321.518803000,137,,,,,LLDP,,,,,,,,
5,s0cl1,1767117321.518846000,137,,,,,LLDP,,,,,,,,
5,s0cl1,1767117324.618481000,137,,,,,LLDP,,,,,,,,
5,s0cl1,1767117324.618524000,137,,,,,LLDP,,,,,,,,
5,s0cl1,1767117327.718659000,137,,,,,LLDP,,,,,,,,
5,s0cl1,1767117327.718701000,137,,,,,LLDP,,,,,,,,
5,s0cl2,1767117209.918550000,137,,,,,LLDP,,,,,,,,
5,s0cl2,1767117209.918592000,137,,,,,LLDP,,,,,,,,
5,s0cl2,1767117213.019120000,137,,,,,LLDP,,,,,,,,
5,s0cl2,1767117213.019168000,137,,,,,LLDP,,,,,,,,
5,s0cl2,1767117216.118211000,137,,,,,LLDP,,,,,,,,
5,s0cl2,1767117216.118253000,137,,,,,LLDP,,,,,,,,
5,s0cl2,1767117219.218569000,137,,,,,LLDP,,,,,,,,
5,s0cl2,1767117219.218611000,137,,,,,LLDP,,,,,,,,
5,s0cl2,1767117222.318930000,137,,,,,LLDP,,,,,,,,
5,s0cl2,1767117222.318978000,137,,,,,LLDP,,,,,,,,
5,s0cl2,1767117225.418913000,137,,,,,LLDP,,,,,,,,
5,s0cl2,1767117225.418954000,137,,,,,LLDP,,,,,,,,
5,s0cl2,1767117228.519204000,137,,,,,LLDP,,,,,,,,
5,s0cl2,1767117228.519286000,137,,,,,LLDP,,,,,,,,
5,s0cl2,1767117228.842830000,70,,,fe80::60a2:26ff:fe10:200f,ff02::2,ICMPv6,,,,,,,133,0
5,s0cl2,1767117231.619297000,137,,,,,LLDP,,,,,,,,
5,s0cl2,1767117231.619388000,137,,,,,LLDP,,,,,,,,
5,s0cl2,1767117234.718996000,137,,,,,LLDP,,,,,,,,
5,s0cl2,1767117234.719071000,137,,,,,LLDP,,,,,,,,
5,s0cl2,1767117237.819051000,137,,,,,LLDP,,,,,,,,
5,s0cl2,1767117237.819133000,137,,,,,LLDP,,,,,,,,
5,s0cl2,1767117240.918918000,137,,,,,LLDP,,,,,,,,
5,s0cl2,1767117240.918961000,137,,,,,LLDP,,,,,,,,
5,s0cl2,1767117244.019061000,137,,,,,LLDP,,,,,,,,
5,s0cl2,1767117244.019291000,137,,,,,LLDP,,,,,,,,
5,s0cl2,1767117247.118996000,137,,,,,LLDP,,,,,,,,
5,s0cl2,1767117247.119038000,137,,,,,LLDP,,,,,,,,
5,s0cl2,1767117250.218935000,137,,,,,LLDP,,,,,,,,
5,s0cl2,1767117250.218991000,137,,,,,LLDP,,,,,,,,
5,s0cl2,1767117253.319682000,137,,,,,LLDP,,,,,,,,
5,s0cl2,1767117253.319726000,137,,,,,LLDP,,,,,,,,
5,s0cl2,1767117256.419106000,137,,,,,LLDP,,,,,,,,
5,s0cl2,1767117256.419155000,137,,,,,LLDP,,,,,,,,
5,s0cl2,1767117259.518397000,137,,,,,LLDP,,,,,,,,
5,s0cl2,1767117259.518438000,137,,,,,LLDP,,,,,,,,
5,s0cl2,1767117262.618381000,137,,,,,LLDP,,,,,,,,
5,s0cl2,1767117262.618423000,137,,,,,LLDP,,,,,,,,
5,s0cl2,1767117265.719016000,137,,,,,LLDP,,,,,,,,
5,s0cl2,1767117265.719072000,137,,,,,LLDP,,,,,,,,
5,s0cl2,1767117268.818661000,137,,,,,LLDP,,,,,,,,
5,s0cl2,1767117268.818729000,137,,,,,LLDP,,,,,,,,
5,s0cl2,1767117271.918364000,137,,,,,LLDP,,,,,,,,
5,s0cl2,1767117271.918415000,137,,,,,LLDP,,,,,,,,
5,s0cl2,1767117275.019869000,137,,,,,LLDP,,,,,,,,
5,s0cl2,1767117275.019915000,137,,,,,LLDP,,,,,,,,
5,s0cl2,1767117278.118376000,137,,,,,LLDP,,,,,,,,
5,s0cl2,1767117278.118417000,137,,,,,LLDP,,,,,,,,
5,s0cl2,1767117281.218419000,137,,,,,LLDP,,,,,,,,
5,s0cl2,1767117281.218460000,137,,,,,LLDP,,,,,,,,
5,s0cl2,1767117284.318315000,137,,,,,LLDP,,,,,,,,
5,s0cl2,1767117284.318357000,137,,,,,LLDP,,,,,,,,
5,s0cl2,1767117287.418634000,137,,,,,LLDP,,,,,,,,
5,s0cl2,1767117287.418676000,137,,,,,LLDP,,,,,,,,
5,s0cl2,1767117290.519106000,137,,,,,LLDP,,,,,,,,
5,s0cl2,1767117290.519152000,137,,,,,LLDP,,,,,,,,
5,s0cl2,1767117293.618494000,137,,,,,LLDP,,,,,,,,
5,s0cl2,1767117293.618538000,137,,,,,LLDP,,,,,,,,
5,s0cl2,1767117296.718610000,137,,,,,LLDP,,,,,,,,
5,s0cl2,1767117296.718651000,137,,,,,LLDP,,,,,,,,
5,s0cl2,1767117299.818687000,137,,,,,LLDP,,,,,,,,
5,s0cl2,1767117299.818768000,137,,,,,LLDP,,,,,,,,
5,s0cl2,1767117302.918442000,137,,,,,LLDP,,,,,,,,
5,s0cl2,1767117302.918486000,137,,,,,LLDP,,,,,,,,
5,s0cl2,1767117306.019149000,137,,,,,LLDP,,,,,,,,
5,s0cl2,1767117306.019200000,137,,,,,LLDP,,,,,,,,
5,s0cl2,1767117309.118736000,137,,,,,LLDP,,,,,,,,
5,s0cl2,1767117309.118786000,137,,,,,LLDP,,,,,,,,
5,s0cl2,1767117312.219057000,137,,,,,LLDP,,,,,,,,
5,s0cl2,1767117312.219109000,137,,,,,LLDP,,,,,,,,
5,s0cl2,1767117315.318337000,137,,,,,LLDP,,,,,,,,
5,s0cl2,1767117315.318379000,137,,,,,LLDP,,,,,,,,
5,s0cl2,1767117318.419385000,137,,,,,LLDP,,,,,,,,
5,s0cl2,1767117318.419442000,137,,,,,LLDP,,,,,,,,
5,s0cl2,1767117321.518898000,137,,,,,LLDP,,,,,,,,
5,s0cl2,1767117321.518940000,137,,,,,LLDP,,,,,,,,
5,s0cl2,1767117324.618565000,137,,,,,LLDP,,,,,,,,
5,s0cl2,1767117324.618607000,137,,,,,LLDP,,,,,,,,
5,s0cl2,1767117327.718771000,137,,,,,LLDP,,,,,,,,
5,s0cl2,1767117327.718837000,137,,,,,LLDP,,,,,,,,
5,s0ds0,1767117209.918633000,137,,,,,LLDP,,,,,,,,
5,s0ds0,1767117209.918761000,137,,,,,LLDP,,,,,,,,
5,s0ds0,1767117213.019221000,137,,,,,LLDP,,,,,,,,
5,s0ds0,1767117213.019302000,137,,,,,LLDP,,,,,,,,
5,s0ds0,1767117216.118329000,137,,,,,LLDP,,,,,,,,
5,s0ds0,1767117216.118629000,137,,,,,LLDP,,,,,,,,
5,s0ds0,1767117219.218663000,137,,,,,LLDP,,,,,,,,
5,s0ds0,1767117219.218742000,137,,,,,LLDP,,,,,,,,
5,s0ds0,1767117222.319034000,137,,,,,LLDP,,,,,,,,
5,s0ds0,1767117222.319147000,137,,,,,LLDP,,,,,,,,
5,s0ds0,1767117225.418992000,137,,,,,LLDP,,,,,,,,
5,s0ds0,1767117225.419032000,137,,,,,LLDP,,,,,,,,
5,s0ds0,1767117228.519379000,137,,,,,LLDP,,,,,,,,
5,s0ds0,1767117228.519501000,137,,,,,LLDP,,,,,,,,
5,s0ds0,1767117231.619496000,137,,,,,LLDP,,,,,,,,
5,s0ds0,1767117231.619575000,137,,,,,LLDP,,,,,,,,
5,s0ds0,1767117234.719163000,137,,,,,LLDP,,,,,,,,
5,s0ds0,1767117234.719252000,137,,,,,LLDP,,,,,,,,
5,s0ds0,1767117237.819198000,137,,,,,LLDP,,,,,,,,
5,s0ds0,1767117237.819283000,137,,,,,LLDP,,,,,,,,
5,s0ds0,1767117240.919031000,137,,,,,LLDP,,,,,,,,
5,s0ds0,1767117240.919104000,137,,,,,LLDP,,,,,,,,
5,s0ds0,1767117244.019646000,137,,,,,LLDP,,,,,,,,
5,s0ds0,1767117244.019699000,137,,,,,LLDP,,,,,,,,
5,s0ds0,1767117247.119110000,137,,,,,LLDP,,,,,,,,
5,s0ds0,1767117247.119195000,137,,,,,LLDP,,,,,,,,
5,s0ds0,1767117250.219033000,137,,,,,LLDP,,,,,,,,
5,s0ds0,1767117250.219146000,137,,,,,LLDP,,,,,,,,
5,s0ds0,1767117253.319767000,137,,,,,LLDP,,,,,,,,
5,s0ds0,1767117253.319811000,137,,,,,LLDP,,,,,,,,
5,s0ds0,1767117256.419209000,137,,,,,LLDP,,,,,,,,
5,s0ds0,1767117256.419280000,137,,,,,LLDP,,,,,,,,
5,s0ds0,1767117259.518478000,137,,,,,LLDP,,,,,,,,
5,s0ds0,1767117259.518519000,137,,,,,LLDP,,,,,,,,
5,s0ds0,1767117261.610866000,70,,,fe80::643e:3ff:feee:6c76,ff02::2,ICMPv6,,,,,,,133,0
5,s0ds0,1767117262.618492000,137,,,,,LLDP,,,,,,,,
5,s0ds0,1767117262.618565000,137,,,,,LLDP,,,,,,,,
5,s0ds0,1767117265.719138000,137,,,,,LLDP,,,,,,,,
5,s0ds0,1767117265.719185000,137,,,,,LLDP,,,,,,,,
5,s0ds0,1767117268.818776000,137,,,,,LLDP,,,,,,,,
5,s0ds0,1767117268.818845000,137,,,,,LLDP,,,,,,,,
5,s0ds0,1767117271.918461000,137,,,,,LLDP,,,,,,,,
5,s0ds0,1767117271.918615000,137,,,,,LLDP,,,,,,,,
5,s0ds0,1767117275.019961000,137,,,,,LLDP,,,,,,,,
5,s0ds0,1767117275.020067000,137,,,,,LLDP,,,,,,,,
5,s0ds0,1767117278.118456000,137,,,,,LLDP,,,,,,,,
5,s0ds0,1767117278.118508000,137,,,,,LLDP,,,,,,,,
5,s0ds0,1767117281.218502000,137,,,,,LLDP,,,,,,,,
5,s0ds0,1767117281.218585000,137,,,,,LLDP,,,,,,,,
5,s0ds0,1767117284.318398000,137,,,,,LLDP,,,,,,,,
5,s0ds0,1767117284.318473000,137,,,,,LLDP,,,,,,,,
5,s0ds0,1767117287.418749000,137,,,,,LLDP,,,,,,,,
5,s0ds0,1767117287.418793000,137,,,,,LLDP,,,,,,,,
5,s0ds0,1767117290.519193000,137,,,,,LLDP,,,,,,,,
5,s0ds0,1767117290.519276000,137,,,,,LLDP,,,,,,,,
5,s0ds0,1767117293.618729000,137,,,,,LLDP,,,,,,,,
5,s0ds0,1767117293.618804000,137,,,,,LLDP,,,,,,,,
5,s0ds0,1767117296.718692000,137,,,,,LLDP,,,,,,,,
5,s0ds0,1767117296.718788000,137,,,,,LLDP,,,,,,,,
5,s0ds0,1767117299.818855000,137,,,,,LLDP,,,,,,,,
5,s0ds0,1767117299.818932000,137,,,,,LLDP,,,,,,,,
5,s0ds0,1767117302.918533000,137,,,,,LLDP,,,,,,,,
5,s0ds0,1767117302.918600000,137,,,,,LLDP,,,,,,,,
5,s0ds0,1767117306.019249000,137,,,,,LLDP,,,,,,,,
5,s0ds0,1767117306.019320000,137,,,,,LLDP,,,,,,,,
5,s0ds0,1767117309.118838000,137,,,,,LLDP,,,,,,,,
5,s0ds0,1767117309.118915000,137,,,,,LLDP,,,,,,,,
5,s0ds0,1767117312.219150000,137,,,,,LLDP,,,,,,,,
5,s0ds0,1767117312.219228000,137,,,,,LLDP,,,,,,,,
5,s0ds0,1767117315.318420000,137,,,,,LLDP,,,,,,,,
5,s0ds0,1767117315.318487000,137,,,,,LLDP,,,,,,,,
5,s0ds0,1767117318.419482000,137,,,,,LLDP,,,,,,,,
5,s0ds0,1767117318.419535000,137,,,,,LLDP,,,,,,,,
5,s0ds0,1767117321.518979000,137,,,,,LLDP,,,,,,,,
5,s0ds0,1767117321.519089000,137,,,,,LLDP,,,,,,,,
5,s0ds0,1767117324.618648000,137,,,,,LLDP,,,,,,,,
5,s0ds0,1767117324.618747000,137,,,,,LLDP,,,,,,,,
5,s0ds0,1767117327.146819000,70,,,fe80::38a5:2aff:feb2:7628,ff02::2,ICMPv6,,,,,,,133,0
5,s0ds0,1767117327.718890000,137,,,,,LLDP,,,,,,,,
5,s0ds0,1767117327.718971000,137,,,,,LLDP,,,,,,,,
5,s1cl3,1767117209.818402000,137,,,,,LLDP,,,,,,,,
5,s1cl3,1767117209.818449000,137,,,,,LLDP,,,,,,,,
5,s1cl3,1767117212.458809000,70,,,fe80::706b:edff:fe1c:f08a,ff02::2,ICMPv6,,,,,,,133,0
5,s1cl3,1767117212.918701000,137,,,,,LLDP,,,,,,,,
5,s1cl3,1767117212.918775000,137,,,,,LLDP,,,,,,,,
5,s1cl3,1767117216.019368000,137,,,,,LLDP,,,,,,,,
5,s1cl3,1767117216.019488000,137,,,,,LLDP,,,,,,,,
5,s1cl3,1767117219.118313000,137,,,,,LLDP,,,,,,,,
5,s1cl3,1767117219.118359000,137,,,,,LLDP,,,,,,,,
5,s1cl3,1767117222.218740000,137,,,,,LLDP,,,,,,,,
5,s1cl3,1767117222.218812000,137,,,,,LLDP,,,,,,,,
5,s1cl3,1767117225.319329000,137,,,,,LLDP,,,,,,,,
5,s1cl3,1767117225.319410000,137,,,,,LLDP,,,,,,,,
5,s1cl3,1767117228.418733000,137,,,,,LLDP,,,,,,,,
5,s1cl3,1767117228.418788000,137,,,,,LLDP,,,,,,,,
5,s1cl3,1767117231.518565000,137,,,,,LLDP,,,,,,,,
5,s1cl3,1767117231.518618000,137,,,,,LLDP,,,,,,,,
5,s1cl3,1767117234.618447000,137,,,,,LLDP,,,,,,,,
5,s1cl3,1767117234.618507000,137,,,,,LLDP,,,,,,,,
5,s1cl3,1767117237.718622000,137,,,,,LLDP,,,,,,,,
5,s1cl3,1767117237.718681000,137,,,,,LLDP,,,,,,,,
5,s1cl3,1767117240.818669000,137,,,,,LLDP,,,,,,,,
5,s1cl3,1767117240.818815000,137,,,,,LLDP,,,,,,,,
5,s1cl3,1767117243.918302000,137,,,,,LLDP,,,,,,,,
5,s1cl3,1767117243.918351000,137,,,,,LLDP,,,,,,,,
5,s1cl3,1767117245.230849000,70,,,fe80::180f:fcff:fe57:cc47,ff02::2,ICMPv6,,,,,,,133,0
5,s1cl3,1767117247.018559000,137,,,,,LLDP,,,,,,,,
5,s1cl3,1767117247.018608000,137,,,,,LLDP,,,,,,,,
5,s1cl3,1767117250.118333000,137,,,,,LLDP,,,,,,,,
5,s1cl3,1767117250.118381000,137,,,,,LLDP,,,,,,,,
5,s1cl3,1767117253.219006000,137,,,,,LLDP,,,,,,,,
5,s1cl3,1767117253.219139000,137,,,,,LLDP,,,,,,,,
5,s1cl3,1767117256.319428000,137,,,,,LLDP,,,,,,,,
5,s1cl3,1767117256.319477000,137,,,,,LLDP,,,,,,,,
5,s1cl3,1767117259.418399000,137,,,,,LLDP,,,,,,,,
5,s1cl3,1767117259.418455000,137,,,,,LLDP,,,,,,,,
5,s1cl3,1767117262.518526000,137,,,,,LLDP,,,,,,,,
5,s1cl3,1767117262.518584000,137,,,,,LLDP,,,,,,,,
5,s1cl3,1767117265.618604000,137,,,,,LLDP,,,,,,,,
5,s1cl3,1767117265.618652000,137,,,,,LLDP,,,,,,,,
5,s1cl3,1767117268.718146000,137,,,,,LLDP,,,,,,,,
5,s1cl3,1767117268.718194000,137,,,,,LLDP,,,,,,,,
5,s1cl3,1767117271.818964000,137,,,,,LLDP,,,,,,,,
5,s1cl3,1767117271.819024000,137,,,,,LLDP,,,,,,,,
5,s1cl3,1767117274.918902000,137,,,,,LLDP,,,,,,,,
5,s1cl3,1767117274.918962000,137,,,,,LLDP,,,,,,,,
5,s1cl3,1767117278.018422000,137,,,,,LLDP,,,,,,,,
5,s1cl3,1767117278.018469000,137,,,,,LLDP,,,,,,,,
5,s1cl3,1767117281.118327000,137,,,,,LLDP,,,,,,,,
5,s1cl3,1767117281.118386000,137,,,,,LLDP,,,,,,,,
5,s1cl3,1767117284.219021000,137,,,,,LLDP,,,,,,,,
5,s1cl3,1767117284.219109000,137,,,,,LLDP,,,,,,,,
5,s1cl3,1767117287.318806000,137,,,,,LLDP,,,,,,,,
5,s1cl3,1767117287.318896000,137,,,,,LLDP,,,,,,,,
5,s1cl3,1767117290.418589000,137,,,,,LLDP,,,,,,,,
5,s1cl3,1767117290.418653000,137,,,,,LLDP,,,,,,,,
5,s1cl3,1767117293.518899000,137,,,,,LLDP,,,,,,,,
5,s1cl3,1767117293.518949000,137,,,,,LLDP,,,,,,,,
5,s1cl3,1767117296.618586000,137,,,,,LLDP,,,,,,,,
5,s1cl3,1767117296.618635000,137,,,,,LLDP,,,,,,,,
5,s1cl3,1767117299.719424000,137,,,,,LLDP,,,,,,,,
5,s1cl3,1767117299.719476000,137,,,,,LLDP,,,,,,,,
5,s1cl3,1767117302.819250000,137,,,,,LLDP,,,,,,,,
5,s1cl3,1767117302.819297000,137,,,,,LLDP,,,,,,,,
5,s1cl3,1767117305.918989000,137,,,,,LLDP,,,,,,,,
5,s1cl3,1767117305.919091000,137,,,,,LLDP,,,,,,,,
5,s1cl3,1767117309.018928000,137,,,,,LLDP,,,,,,,,
5,s1cl3,1767117309.018981000,137,,,,,LLDP,,,,,,,,
5,s1cl3,1767117312.117969000,137,,,,,LLDP,,,,,,,,
5,s1cl3,1767117312.118041000,137,,,,,LLDP,,,,,,,,
5,s1cl3,1767117315.219183000,137,,,,,LLDP,,,,,,,,
5,s1cl3,1767117315.219247000,137,,,,,LLDP,,,,,,,,
5,s1cl3,1767117318.319060000,137,,,,,LLDP,,,,,,,,
5,s1cl3,1767117318.319172000,137,,,,,LLDP,,,,,,,,
5,s1cl3,1767117321.419152000,137,,,,,LLDP,,,,,,,,
5,s1cl3,1767117321.419199000,137,,,,,LLDP,,,,,,,,
5,s1cl3,1767117324.518909000,137,,,,,LLDP,,,,,,,,
5,s1cl3,1767117324.518956000,137,,,,,LLDP,,,,,,,,
5,s1cl3,1767117327.618591000,137,,,,,LLDP,,,,,,,,
5,s1cl3,1767117327.618657000,137,,,,,LLDP,,,,,,,,
5,s1cl4,1767117209.818510000,137,,,,,LLDP,,,,,,,,
5,s1cl4,1767117209.818562000,137,,,,,LLDP,,,,,,,,
5,s1cl4,1767117212.458827000,70,,,fe80::10cc:eff:fe23:fa35,ff02::2,ICMPv6,,,,,,,133,0
5,s1cl4,1767117212.918872000,137,,,,,LLDP,,,,,,,,
5,s1cl4,1767117212.919046000,137,,,,,LLDP,,,,,,,,
5,s1cl4,1767117216.019533000,137,,,,,LLDP,,,,,,,,
5,s1cl4,1767117216.019597000,137,,,,,LLDP,,,,,,,,
5,s1cl4,1767117219.118401000,137,,,,,LLDP,,,,,,,,
5,s1cl4,1767117219.118451000,137,,,,,LLDP,,,,,,,,
5,s1cl4,1767117222.218856000,137,,,,,LLDP,,,,,,,,
5,s1cl4,1767117222.218900000,137,,,,,LLDP,,,,,,,,
5,s1cl4,1767117225.319494000,137,,,,,LLDP,,,,,,,,
5,s1cl4,1767117225.319585000,137,,,,,LLDP,,,,,,,,
5,s1cl4,1767117228.418832000,137,,,,,LLDP,,,,,,,,
5,s1cl4,1767117228.418899000,137,,,,,LLDP,,,,,,,,
5,s1cl4,1767117228.842818000,70,,,fe80::e088:4bff:feb3:7fd0,ff02::2,ICMPv6,,,,,,,133,0
5,s1cl4,1767117231.518679000,137,,,,,LLDP,,,,,,,,
5,s1cl4,1767117231.518757000,137,,,,,LLDP,,,,,,,,
5,s1cl4,1767117234.618562000,137,,,,,LLDP,,,,,,,,
5,s1cl4,1767117234.618676000,137,,,,,LLDP,,,,,,,,
5,s1cl4,1767117237.718754000,137,,,,,LLDP,,,,,,,,
5,s1cl4,1767117237.718799000,137,,,,,LLDP,,,,,,,,
5,s1cl4,1767117240.818903000,137,,,,,LLDP,,,,,,,,
5,s1cl4,1767117240.818979000,137,,,,,LLDP,,,,,,,,
5,s1cl4,1767117243.918393000,137,,,,,LLDP,,,,,,,,
5,s1cl4,1767117243.918447000,137,,,,,LLDP,,,,,,,,
5,s1cl4,1767117247.018654000,137,,,,,LLDP,,,,,,,,
5,s1cl4,1767117247.018727000,137,,,,,LLDP,,,,,,,,
5,s1cl4,1767117250.118439000,137,,,,,LLDP,,,,,,,,
5,s1cl4,1767117250.118499000,137,,,,,LLDP,,,,,,,,
5,s1cl4,1767117253.219225000,137,,,,,LLDP,,,,,,,,
5,s1cl4,1767117253.219301000,137,,,,,LLDP,,,,,,,,
5,s1cl4,1767117256.319537000,137,,,,,LLDP,,,,,,,,
5,s1cl4,1767117256.319579000,137,,,,,LLDP,,,,,,,,
5,s1cl4,1767117259.418498000,137,,,,,LLDP,,,,,,,,
5,s1cl4,1767117259.418541000,137,,,,,LLDP,,,,,,,,
5,s1cl4,1767117262.518626000,137,,,,,LLDP,,,,,,,,
5,s1cl4,1767117262.518668000,137,,,,,LLDP,,,,,,,,
5,s1cl4,1767117265.618739000,137,,,,,LLDP,,,,,,,,
5,s1cl4,1767117265.618812000,137,,,,,LLDP,,,,,,,,
5,s1cl4,1767117268.718249000,137,,,,,LLDP,,,,,,,,
5,s1cl4,1767117268.718325000,137,,,,,LLDP,,,,,,,,
5,s1cl4,1767117271.819092000,137,,,,,LLDP,,,,,,,,
5,s1cl4,1767117271.819137000,137,,,,,LLDP,,,,,,,,
5,s1cl4,1767117274.919003000,137,,,,,LLDP,,,,,,,,
5,s1cl4,1767117274.919111000,137,,,,,LLDP,,,,,,,,
5,s1cl4,1767117278.018519000,137,,,,,LLDP,,,,,,,,
5,s1cl4,1767117278.018574000,137,,,,,LLDP,,,,,,,,
5,s1cl4,1767117281.118429000,137,,,,,LLDP,,,,,,,,
5,s1cl4,1767117281.118491000,137,,,,,LLDP,,,,,,,,
5,s1cl4,1767117284.219153000,137,,,,,LLDP,,,,,,,,
5,s1cl4,1767117284.219197000,137,,,,,LLDP,,,,,,,,
5,s1cl4,1767117287.318979000,137,,,,,LLDP,,,,,,,,
5,s1cl4,1767117287.319081000,137,,,,,LLDP,,,,,,,,
5,s1cl4,1767117290.418692000,137,,,,,LLDP,,,,,,,,
5,s1cl4,1767117290.418773000,137,,,,,LLDP,,,,,,,,
5,s1cl4,1767117293.518991000,137,,,,,LLDP,,,,,,,,
5,s1cl4,1767117293.519061000,137,,,,,LLDP,,,,,,,,
5,s1cl4,1767117296.618689000,137,,,,,LLDP,,,,,,,,
5,s1cl4,1767117296.618779000,137,,,,,LLDP,,,,,,,,
5,s1cl4,1767117299.719519000,137,,,,,LLDP,,,,,,,,
5,s1cl4,1767117299.719562000,137,,,,,LLDP,,,,,,,,
5,s1cl4,1767117302.819338000,137,,,,,LLDP,,,,,,,,
5,s1cl4,1767117302.819427000,137,,,,,LLDP,,,,,,,,
5,s1cl4,1767117305.919134000,137,,,,,LLDP,,,,,,,,
5,s1cl4,1767117305.919176000,137,,,,,LLDP,,,,,,,,
5,s1cl4,1767117309.019058000,137,,,,,LLDP,,,,,,,,
5,s1cl4,1767117309.019105000,137,,,,,LLDP,,,,,,,,
5,s1cl4,1767117312.118141000,137,,,,,LLDP,,,,,,,,
5,s1cl4,1767117312.118187000,137,,,,,LLDP,,,,,,,,
5,s1cl4,1767117315.219312000,137,,,,,LLDP,,,,,,,,
5,s1cl4,1767117315.219356000,137,,,,,LLDP,,,,,,,,
5,s1cl4,1767117318.319260000,137,,,,,LLDP,,,,,,,,
5,s1cl4,1767117318.319334000,137,,,,,LLDP,,,,,,,,
5,s1cl4,1767117321.419255000,137,,,,,LLDP,,,,,,,,
5,s1cl4,1767117321.419298000,137,,,,,LLDP,,,,,,,,
5,s1cl4,1767117324.518998000,137,,,,,LLDP,,,,,,,,
5,s1cl4,1767117324.519061000,137,,,,,LLDP,,,,,,,,
5,s1cl4,1767117327.618698000,137,,,,,LLDP,,,,,,,,
5,s1cl4,1767117327.618779000,137,,,,,LLDP,,,,,,,,
5,s1cl5,1767117209.818611000,137,,,,,LLDP,,,,,,,,
5,s1cl5,1767117209.818652000,137,,,,,LLDP,,,,,,,,
5,s1cl5,1767117212.458810000,70,,,fe80::a077:6aff:fec2:f601,ff02::2,ICMPv6,,,,,,,133,0
5,s1cl5,1767117212.919110000,137,,,,,LLDP,,,,,,,,
5,s1cl5,1767117212.919186000,137,,,,,LLDP,,,,,,,,
5,s1cl5,1767117216.019639000,137,,,,,LLDP,,,,,,,,
5,s1cl5,1767117216.019680000,137,,,,,LLDP,,,,,,,,
5,s1cl5,1767117219.118499000,137,,,,,LLDP,,,,,,,,
5,s1cl5,1767117219.118541000,137,,,,,LLDP,,,,,,,,
5,s1cl5,1767117222.218941000,137,,,,,LLDP,,,,,,,,
5,s1cl5,1767117222.218983000,137,,,,,LLDP,,,,,,,,
5,s1cl5,1767117225.319676000,137,,,,,LLDP,,,,,,,,
5,s1cl5,1767117225.319746000,137,,,,,LLDP,,,,,,,,
5,s1cl5,1767117228.418954000,137,,,,,LLDP,,,,,,,,
5,s1cl5,1767117228.418998000,137,,,,,LLDP,,,,,,,,
5,s1cl5,1767117231.518801000,137,,,,,LLDP,,,,,,,,
5,s1cl5,1767117231.518843000,137,,,,,LLDP,,,,,,,,
5,s1cl5,1767117234.618721000,137,,,,,LLDP,,,,,,,,
5,s1cl5,1767117234.618815000,137,,,,,LLDP,,,,,,,,
5,s1cl5,1767117237.718839000,137,,,,,LLDP,,,,,,,,
5,s1cl5,1767117237.718880000,137,,,,,LLDP,,,,,,,,
5,s1cl5,1767117240.819033000,137,,,,,LLDP,,,,,,,,
5,s1cl5,1767117240.819095000,137,,,,,LLDP,,,,,,,,
5,s1cl5,1767117243.918486000,137,,,,,LLDP,,,,,,,,
5,s1cl5,1767117243.918542000,137,,,,,LLDP,,,,,,,,
5,s1cl5,1767117247.018777000,137,,,,,LLDP,,,,,,,,
5,s1cl5,1767117247.018834000,137,,,,,LLDP,,,,,,,,
5,s1cl5,1767117250.118539000,137,,,,,LLDP,,,,,,,,
5,s1cl5,1767117250.118580000,137,,,,,LLDP,,,,,,,,
5,s1cl5,1767117253.219377000,137,,,,,LLDP,,,,,,,,
5,s1cl5,1767117253.219450000,137,,,,,LLDP,,,,,,,,
5,s1cl5,1767117256.319620000,137,,,,,LLDP,,,,,,,,
5,s1cl5,1767117256.319664000,137,,,,,LLDP,,,,,,,,
5,s1cl5,1767117259.418581000,137,,,,,LLDP,,,,,,,,
5,s1cl5,1767117259.418623000,137,,,,,LLDP,,,,,,,,
5,s1cl5,1767117262.518709000,137,,,,,LLDP,,,,,,,,
5,s1cl5,1767117262.518779000,137,,,,,LLDP,,,,,,,,
5,s1cl5,1767117265.618906000,137,,,,,LLDP,,,,,,,,
5,s1cl5,1767117265.618978000,137,,,,,LLDP,,,,,,,,
5,s1cl5,1767117268.718368000,137,,,,,LLDP,,,,,,,,
5,s1cl5,1767117268.718413000,137,,,,,LLDP,,,,,,,,
5,s1cl5,1767117271.819179000,137,,,,,LLDP,,,,,,,,
5,s1cl5,1767117271.819235000,137,,,,,LLDP,,,,,,,,
5,s1cl5,1767117274.919188000,137,,,,,LLDP,,,,,,,,
5,s1cl5,1767117274.919231000,137,,,,,LLDP,,,,,,,,
5,s1cl5,1767117278.018631000,137,,,,,LLDP,,,,,,,,
5,s1cl5,1767117278.018677000,137,,,,,LLDP,,,,,,,,
5,s1cl5,1767117281.118532000,137,,,,,LLDP,,,,,,,,
5,s1cl5,1767117281.118574000,137,,,,,LLDP,,,,,,,,
5,s1cl5,1767117284.219238000,137,,,,,LLDP,,,,,,,,
5,s1cl5,1767117284.219281000,137,,,,,LLDP,,,,,,,,
5,s1cl5,1767117287.319135000,137,,,,,LLDP,,,,,,,,
5,s1cl5,1767117287.319192000,137,,,,,LLDP,,,,,,,,
5,s1cl5,1767117290.418817000,137,,,,,LLDP,,,,,,,,
5,s1cl5,1767117290.418870000,137,,,,,LLDP,,,,,,,,
5,s1cl5,1767117293.519122000,137,,,,,LLDP,,,,,,,,
5,s1cl5,1767117293.519166000,137,,,,,LLDP,,,,,,,,
5,s1cl5,1767117296.618830000,137,,,,,LLDP,,,,,,,,
5,s1cl5,1767117296.618873000,137,,,,,LLDP,,,,,,,,
5,s1cl5,1767117299.719612000,137,,,,,LLDP,,,,,,,,
5,s1cl5,1767117299.719654000,137,,,,,LLDP,,,,,,,,
5,s1cl5,1767117302.819606000,137,,,,,LLDP,,,,,,,,
5,s1cl5,1767117302.819675000,137,,,,,LLDP,,,,,,,,
5,s1cl5,1767117305.919216000,137,,,,,LLDP,,,,,,,,
5,s1cl5,1767117305.919257000,137,,,,,LLDP,,,,,,,,
5,s1cl5,1767117309.019145000,137,,,,,LLDP,,,,,,,,
5,s1cl5,1767117309.019193000,137,,,,,LLDP,,,,,,,,
5,s1cl5,1767117312.118240000,137,,,,,LLDP,,,,,,,,
5,s1cl5,1767117312.118296000,137,,,,,LLDP,,,,,,,,
5,s1cl5,1767117315.219397000,137,,,,,LLDP,,,,,,,,
5,s1cl5,1767117315.219438000,137,,,,,LLDP,,,,,,,,
5,s1cl5,1767117318.319395000,137,,,,,LLDP,,,,,,,,
5,s1cl5,1767117318.319436000,137,,,,,LLDP,,,,,,,,
5,s1cl5,1767117321.419350000,137,,,,,LLDP,,,,,,,,
5,s1cl5,1767117321.419391000,137,,,,,LLDP,,,,,,,,
5,s1cl5,1767117324.519123000,137,,,,,LLDP,,,,,,,,
5,s1cl5,1767117324.519165000,137,,,,,LLDP,,,,,,,,
5,s1cl5,1767117327.618821000,137,,,,,LLDP,,,,,,,,
5,s1cl5,1767117327.618862000,137,,,,,LLDP,,,,,,,,
5,s1cl6,1767117209.818694000,137,,,,,LLDP,,,,,,,,
5,s1cl6,1767117209.818759000,137,,,,,LLDP,,,,,,,,
5,s1cl6,1767117212.919503000,137,,,,,LLDP,,,,,,,,
5,s1cl6,1767117212.919586000,137,,,,,LLDP,,,,,,,,
5,s1cl6,1767117216.019756000,137,,,,,LLDP,,,,,,,,
5,s1cl6,1767117216.019801000,137,,,,,LLDP,,,,,,,,
5,s1cl6,1767117219.118582000,137,,,,,LLDP,,,,,,,,
5,s1cl6,1767117219.118624000,137,,,,,LLDP,,,,,,,,
5,s1cl6,1767117222.219051000,137,,,,,LLDP,,,,,,,,
5,s1cl6,1767117222.219154000,137,,,,,LLDP,,,,,,,,
5,s1cl6,1767117225.319791000,137,,,,,LLDP,,,,,,,,
5,s1cl6,1767117225.319833000,137,,,,,LLDP,,,,,,,,
5,s1cl6,1767117228.419040000,137,,,,,LLDP,,,,,,,,
5,s1cl6,1767117228.419130000,137,,,,,LLDP,,,,,,,,
5,s1cl6,1767117231.518887000,137,,,,,LLDP,,,,,,,,
5,s1cl6,1767117231.518927000,137,,,,,LLDP,,,,,,,,
5,s1cl6,1767117234.618870000,137,,,,,LLDP,,,,,,,,
5,s1cl6,1767117234.618918000,137,,,,,LLDP,,,,,,,,
5,s1cl6,1767117237.718919000,137,,,,,LLDP,,,,,,,,
5,s1cl6,1767117237.718960000,137,,,,,LLDP,,,,,,,,
5,s1cl6,1767117240.819142000,137,,,,,LLDP,,,,,,,,
5,s1cl6,1767117240.819183000,137,,,,,LLDP,,,,,,,,
5,s1cl6,1767117243.918592000,137,,,,,LLDP,,,,,,,,
5,s1cl6,1767117243.918656000,137,,,,,LLDP,,,,,,,,
5,s1cl6,1767117245.230796000,70,,,fe80::e014:4bff:feb2:188f,ff02::2,ICMPv6,,,,,,,133,0
5,s1cl6,1767117247.018875000,137,,,,,LLDP,,,,,,,,
5,s1cl6,1767117247.018926000,137,,,,,LLDP,,,,,,,,
5,s1cl6,1767117250.118620000,137,,,,,LLDP,,,,,,,,
5,s1cl6,1767117250.118660000,137,,,,,LLDP,,,,,,,,
5,s1cl6,1767117253.219521000,137,,,,,LLDP,,,,,,,,
5,s1cl6,1767117253.219595000,137,,,,,LLDP,,,,,,,,
5,s1cl6,1767117256.319712000,137,,,,,LLDP,,,,,,,,
5,s1cl6,1767117256.319765000,137,,,,,LLDP,,,,,,,,
5,s1cl6,1767117259.418662000,137,,,,,LLDP,,,,,,,,
5,s1cl6,1767117259.418733000,137,,,,,LLDP,,,,,,,,
5,s1cl6,1767117262.518822000,137,,,,,LLDP,,,,,,,,
5,s1cl6,1767117262.518872000,137,,,,,LLDP,,,,,,,,
5,s1cl6,1767117265.619043000,137,,,,,LLDP,,,,,,,,
5,s1cl6,1767117265.619107000,137,,,,,LLDP,,,,,,,,
5,s1cl6,1767117268.718472000,137,,,,,LLDP,,,,,,,,
5,s1cl6,1767117268.718514000,137,,,,,LLDP,,,,,,,,
5,s1cl6,1767117271.819286000,137,,,,,LLDP,,,,,,,,
5,s1cl6,1767117271.819328000,137,,,,,LLDP,,,,,,,,
5,s1cl6,1767117274.919271000,137,,,,,LLDP,,,,,,,,
5,s1cl6,1767117274.919310000,137,,,,,LLDP,,,,,,,,
5,s1cl6,1767117278.018721000,137,,,,,LLDP,,,,,,,,
5,s1cl6,1767117278.018806000,137,,,,,LLDP,,,,,,,,
5,s1cl6,1767117281.118614000,137,,,,,LLDP,,,,,,,,
5,s1cl6,1767117281.118654000,137,,,,,LLDP,,,,,,,,
5,s1cl6,1767117284.219324000,137,,,,,LLDP,,,,,,,,
5,s1cl6,1767117284.219379000,137,,,,,LLDP,,,,,,,,
5,s1cl6,1767117287.319232000,137,,,,,LLDP,,,,,,,,
5,s1cl6,1767117287.319272000,137,,,,,LLDP,,,,,,,,
5,s1cl6,1767117290.418917000,137,,,,,LLDP,,,,,,,,
5,s1cl6,1767117290.418955000,137,,,,,LLDP,,,,,,,,
5,s1cl6,1767117293.519215000,137,,,,,LLDP,,,,,,,,
5,s1cl6,1767117293.519255000,137,,,,,LLDP,,,,,,,,
5,s1cl6,1767117296.618913000,137,,,,,LLDP,,,,,,,,
5,s1cl6,1767117296.618966000,137,,,,,LLDP,,,,,,,,
5,s1cl6,1767117299.719695000,137,,,,,LLDP,,,,,,,,
5,s1cl6,1767117299.719736000,137,,,,,LLDP,,,,,,,,
5,s1cl6,1767117302.819855000,137,,,,,LLDP,,,,,,,,
5,s1cl6,1767117302.819923000,137,,,,,LLDP,,,,,,,,
5,s1cl6,1767117305.919297000,137,,,,,LLDP,,,,,,,,
5,s1cl6,1767117305.919337000,137,,,,,LLDP,,,,,,,,
5,s1cl6,1767117309.019231000,137,,,,,LLDP,,,,,,,,
5,s1cl6,1767117309.019270000,137,,,,,LLDP,,,,,,,,
5,s1cl6,1767117312.118338000,137,,,,,LLDP,,,,,,,,
5,s1cl6,1767117312.118405000,137,,,,,LLDP,,,,,,,,
5,s1cl6,1767117315.219487000,137,,,,,LLDP,,,,,,,,
5,s1cl6,1767117315.219529000,137,,,,,LLDP,,,,,,,,
5,s1cl6,1767117318.319476000,137,,,,,LLDP,,,,,,,,
5,s1cl6,1767117318.319515000,137,,,,,LLDP,,,,,,,,
5,s1cl6,1767117321.419444000,137,,,,,LLDP,,,,,,,,
5,s1cl6,1767117321.419485000,137,,,,,LLDP,,,,,,,,
5,s1cl6,1767117324.519218000,137,,,,,LLDP,,,,,,,,
5,s1cl6,1767117324.519259000,137,,,,,LLDP,,,,,,,,
5,s1cl6,1767117327.618919000,137,,,,,LLDP,,,,,,,,
5,s1cl6,1767117327.618976000,137,,,,,LLDP,,,,,,,,
5,s1cl7,1767117209.818807000,137,,,,,LLDP,,,,,,,,
5,s1cl7,1767117209.818899000,137,,,,,LLDP,,,,,,,,
5,s1cl7,1767117212.919758000,137,,,,,LLDP,,,,,,,,
5,s1cl7,1767117212.919830000,137,,,,,LLDP,,,,,,,,
5,s1cl7,1767117216.019873000,137,,,,,LLDP,,,,,,,,
5,s1cl7,1767117216.019929000,137,,,,,LLDP,,,,,,,,
5,s1cl7,1767117219.118664000,137,,,,,LLDP,,,,,,,,
5,s1cl7,1767117219.118744000,137,,,,,LLDP,,,,,,,,
5,s1cl7,1767117222.219227000,137,,,,,LLDP,,,,,,,,
5,s1cl7,1767117222.219333000,137,,,,,LLDP,,,,,,,,
5,s1cl7,1767117225.319874000,137,,,,,LLDP,,,,,,,,
5,s1cl7,1767117225.319943000,137,,,,,LLDP,,,,,,,,
5,s1cl7,1767117228.419175000,137,,,,,LLDP,,,,,,,,
5,s1cl7,1767117228.419230000,137,,,,,LLDP,,,,,,,,
5,s1cl7,1767117231.518971000,137,,,,,LLDP,,,,,,,,
5,s1cl7,1767117231.519048000,137,,,,,LLDP,,,,,,,,
5,s1cl7,1767117234.619001000,137,,,,,LLDP,,,,,,,,
5,s1cl7,1767117234.619046000,137,,,,,LLDP,,,,,,,,
5,s1cl7,1767117237.719010000,137,,,,,LLDP,,,,,,,,
5,s1cl7,1767117237.719050000,137,,,,,LLDP,,,,,,,,
5,s1cl7,1767117240.819231000,137,,,,,LLDP,,,,,,,,
5,s1cl7,1767117240.819339000,137,,,,,LLDP,,,,,,,,
5,s1cl7,1767117243.918699000,137,,,,,LLDP,,,,,,,,
5,s1cl7,1767117243.918794000,137,,,,,LLDP,,,,,,,,
5,s1cl7,1767117247.018977000,137,,,,,LLDP,,,,,,,,
5,s1cl7,1767117247.019061000,137,,,,,LLDP,,,,,,,,
5,s1cl7,1767117250.118712000,137,,,,,LLDP,,,,,,,,
5,s1cl7,1767117250.118850000,137,,,,,LLDP,,,,,,,,
5,s1cl7,1767117253.219644000,137,,,,,LLDP,,,,,,,,
5,s1cl7,1767117253.219714000,137,,,,,LLDP,,,,,,,,
5,s1cl7,1767117256.319804000,137,,,,,LLDP,,,,,,,,
5,s1cl7,1767117256.319898000,137,,,,,LLDP,,,,,,,,
5,s1cl7,1767117259.418779000,137,,,,,LLDP,,,,,,,,
5,s1cl7,1767117259.418834000,137,,,,,LLDP,,,,,,,,
5,s1cl7,1767117262.518943000,137,,,,,LLDP,,,,,,,,
5,s1cl7,1767117262.519086000,137,,,,,LLDP,,,,,,,,
5,s1cl7,1767117265.619151000,137,,,,,LLDP,,,,,,,,
5,s1cl7,1767117265.619194000,137,,,,,LLDP,,,,,,,,
5,s1cl7,1767117268.718566000,137,,,,,LLDP,,,,,,,,
5,s1cl7,1767117268.718611000,137,,,,,LLDP,,,,,,,,
5,s1cl7,1767117271.819382000,137,,,,,LLDP,,,,,,,,
5,s1cl7,1767117271.819449000,137,,,,,LLDP,,,,,,,,
5,s1cl7,1767117274.919349000,137,,,,,LLDP,,,,,,,,
5,s1cl7,1767117274.919417000,137,,,,,LLDP,,,,,,,,
5,s1cl7,1767117278.018851000,137,,,,,LLDP,,,,,,,,
5,s1cl7,1767117278.018937000,137,,,,,LLDP,,,,,,,,
5,s1cl7,1767117281.118693000,137,,,,,LLDP,,,,,,,,
5,s1cl7,1767117281.118799000,137,,,,,LLDP,,,,,,,,
5,s1cl7,1767117284.219423000,137,,,,,LLDP,,,,,,,,
5,s1cl7,1767117284.219494000,137,,,,,LLDP,,,,,,,,
5,s1cl7,1767117287.319311000,137,,,,,LLDP,,,,,,,,
5,s1cl7,1767117287.319382000,137,,,,,LLDP,,,,,,,,
5,s1cl7,1767117290.418992000,137,,,,,LLDP,,,,,,,,
5,s1cl7,1767117290.419092000,137,,,,,LLDP,,,,,,,,
5,s1cl7,1767117293.519295000,137,,,,,LLDP,,,,,,,,
5,s1cl7,1767117293.519367000,137,,,,,LLDP,,,,,,,,
5,s1cl7,1767117296.619005000,137,,,,,LLDP,,,,,,,,
5,s1cl7,1767117296.619094000,137,,,,,LLDP,,,,,,,,
5,s1cl7,1767117299.719795000,137,,,,,LLDP,,,,,,,,
5,s1cl7,1767117299.719854000,137,,,,,LLDP,,,,,,,,
5,s1cl7,1767117302.819966000,137,,,,,LLDP,,,,,,,,
5,s1cl7,1767117302.820408000,137,,,,,LLDP,,,,,,,,
5,s1cl7,1767117305.919375000,137,,,,,LLDP,,,,,,,,
5,s1cl7,1767117305.919447000,137,,,,,LLDP,,,,,,,,
5,s1cl7,1767117309.019308000,137,,,,,LLDP,,,,,,,,
5,s1cl7,1767117309.019378000,137,,,,,LLDP,,,,,,,,
5,s1cl7,1767117312.118448000,137,,,,,LLDP,,,,,,,,
5,s1cl7,1767117312.118748000,137,,,,,LLDP,,,,,,,,
5,s1cl7,1767117315.219580000,137,,,,,LLDP,,,,,,,,
5,s1cl7,1767117315.219648000,137,,,,,LLDP,,,,,,,,
5,s1cl7,1767117318.319568000,137,,,,,LLDP,,,,,,,,
5,s1cl7,1767117318.319646000,137,,,,,LLDP,,,,,,,,
5,s1cl7,1767117321.419525000,137,,,,,LLDP,,,,,,,,
5,s1cl7,1767117321.419605000,137,,,,,LLDP,,,,,,,,
5,s1cl7,1767117324.519300000,137,,,,,LLDP,,,,,,,,
5,s1cl7,1767117324.519371000,137,,,,,LLDP,,,,,,,,
5,s1cl7,1767117327.619031000,137,,,,,LLDP,,,,,,,,
5,s1cl7,1767117327.619114000,137,,,,,LLDP,,,,,,,,
5,s2cl10,1767117209.919617000,138,,,,,LLDP,,,,,,,,
5,s2cl10,1767117209.919659000,138,,,,,LLDP,,,,,,,,
5,s2cl10,1767117212.458829000,70,,,fe80::10d1:3dff:fe99:b3c5,ff02::2,ICMPv6,,,,,,,133,0
5,s2cl10,1767117213.020199000,138,,,,,LLDP,,,,,,,,
5,s2cl10,1767117213.020266000,138,,,,,LLDP,,,,,,,,
5,s2cl10,1767117216.119696000,138,,,,,LLDP,,,,,,,,
5,s2cl10,1767117216.119736000,138,,,,,LLDP,,,,,,,,
5,s2cl10,1767117219.219720000,138,,,,,LLDP,,,,,,,,
5,s2cl10,1767117219.219771000,138,,,,,LLDP,,,,,,,,
5,s2cl10,1767117222.320213000,138,,,,,LLDP,,,,,,,,
5,s2cl10,1767117222.320252000,138,,,,,LLDP,,,,,,,,
5,s2cl10,1767117225.420134000,138,,,,,LLDP,,,,,,,,
5,s2cl10,1767117225.420176000,138,,,,,LLDP,,,,,,,,
5,s2cl10,1767117228.519556000,138,,,,,LLDP,,,,,,,,
5,s2cl10,1767117228.519600000,138,,,,,LLDP,,,,,,,,
5,s2cl10,1767117231.619902000,138,,,,,LLDP,,,,,,,,
5,s2cl10,1767117231.619958000,138,,,,,LLDP,,,,,,,,
5,s2cl10,1767117234.719596000,138,,,,,LLDP,,,,,,,,
5,s2cl10,1767117234.719665000,138,,,,,LLDP,,,,,,,,
5,s2cl10,1767117237.820285000,138,,,,,LLDP,,,,,,,,
5,s2cl10,1767117237.820327000,138,,,,,LLDP,,,,,,,,
5,s2cl10,1767117240.920251000,138,,,,,LLDP,,,,,,,,
5,s2cl10,1767117240.920418000,138,,,,,LLDP,,,,,,,,
5,s2cl10,1767117244.021007000,138,,,,,LLDP,,,,,,,,
5,s2cl10,1767117244.021048000,138,,,,,LLDP,,,,,,,,
5,s2cl10,1767117247.123622000,138,,,,,LLDP,,,,,,,,
5,s2cl10,1767117247.123692000,138,,,,,LLDP,,,,,,,,
5,s2cl10,1767117250.219975000,138,,,,,LLDP,,,,,,,,
5,s2cl10,1767117250.220043000,138,,,,,LLDP,,,,,,,,
5,s2cl10,1767117253.319950000,138,,,,,LLDP,,,,,,,,
5,s2cl10,1767117253.320021000,138,,,,,LLDP,,,,,,,,
5,s2cl10,1767117256.420177000,138,,,,,LLDP,,,,,,,,
5,s2cl10,1767117256.420284000,138,,,,,LLDP,,,,,,,,
5,s2cl10,1767117259.519314000,138,,,,,LLDP,,,,,,,,
5,s2cl10,1767117259.519356000,138,,,,,LLDP,,,,,,,,
5,s2cl10,1767117262.619026000,138,,,,,LLDP,,,,,,,,
5,s2cl10,1767117262.619108000,138,,,,,LLDP,,,,,,,,
5,s2cl10,1767117265.720158000,138,,,,,LLDP,,,,,,,,
5,s2cl10,1767117265.720200000,138,,,,,LLDP,,,,,,,,
5,s2cl10,1767117268.819421000,138,,,,,LLDP,,,,,,,,
5,s2cl10,1767117268.819489000,138,,,,,LLDP,,,,,,,,
5,s2cl10,1767117271.918972000,138,,,,,LLDP,,,,,,,,
5,s2cl10,1767117271.919043000,138,,,,,LLDP,,,,,,,,
5,s2cl10,1767117275.020211000,138,,,,,LLDP,,,,,,,,
5,s2cl10,1767117275.020251000,138,,,,,LLDP,,,,,,,,
5,s2cl10,1767117277.994846000,70,,,fe80::5492:30ff:fec7:4b67,ff02::2,ICMPv6,,,,,,,133,0
5,s2cl10,1767117278.119519000,138,,,,,LLDP,,,,,,,,
5,s2cl10,1767117278.119596000,138,,,,,LLDP,,,,,,,,
5,s2cl10,1767117281.219773000,138,,,,,LLDP,,,,,,,,
5,s2cl10,1767117281.219895000,138,,,,,LLDP,,,,,,,,
5,s2cl10,1767117284.319146000,138,,,,,LLDP,,,,,,,,
5,s2cl10,1767117284.319212000,138,,,,,LLDP,,,,,,,,
5,s2cl10,1767117287.419539000,138,,,,,LLDP,,,,,,,,
5,s2cl10,1767117287.419579000,138,,,,,LLDP,,,,,,,,
5,s2cl10,1767117290.519775000,138,,,,,LLDP,,,,,,,,
5,s2cl10,1767117290.519862000,138,,,,,LLDP,,,,,,,,
5,s2cl10,1767117293.620072000,138,,,,,LLDP,,,,,,,,
5,s2cl10,1767117293.620118000,138,,,,,LLDP,,,,,,,,
5,s2cl10,1767117296.719557000,138,,,,,LLDP,,,,,,,,
5,s2cl10,1767117296.719598000,138,,,,,LLDP,,,,,,,,
5,s2cl10,1767117299.819600000,138,,,,,LLDP,,,,,,,,
5,s2cl10,1767117299.819653000,138,,,,,LLDP,,,,,,,,
5,s2cl10,1767117302.919668000,138,,,,,LLDP,,,,,,,,
5,s2cl10,1767117302.919868000,138,,,,,LLDP,,,,,,,,
5,s2cl10,1767117306.020007000,138,,,,,LLDP,,,,,,,,
5,s2cl10,1767117306.020085000,138,,,,,LLDP,,,,,,,,
5,s2cl10,1767117309.119949000,138,,,,,LLDP,,,,,,,,
5,s2cl10,1767117309.120004000,138,,,,,LLDP,,,,,,,,
5,s2cl10,1767117312.220580000,138,,,,,LLDP,,,,,,,,
5,s2cl10,1767117312.220622000,138,,,,,LLDP,,,,,,,,
5,s2cl10,1767117315.319212000,138,,,,,LLDP,,,,,,,,
5,s2cl10,1767117315.319253000,138,,,,,LLDP,,,,,,,,
5,s2cl10,1767117318.420002000,138,,,,,LLDP,,,,,,,,
5,s2cl10,1767117318.420065000,138,,,,,LLDP,,,,,,,,
5,s2cl10,1767117321.519949000,138,,,,,LLDP,,,,,,,,
5,s2cl10,1767117321.520045000,138,,,,,LLDP,,,,,,,,
5,s2cl10,1767117324.619725000,138,,,,,LLDP,,,,,,,,
5,s2cl10,1767117324.619767000,138,,,,,LLDP,,,,,,,,
5,s2cl10,1767117327.719864000,138,,,,,LLDP,,,,,,,,
5,s2cl10,1767117327.719905000,138,,,,,LLDP,,,,,,,,
5,s2cl8,1767117209.919289000,137,,,,,LLDP,,,,,,,,
5,s2cl8,1767117209.919424000,137,,,,,LLDP,,,,,,,,
5,s2cl8,1767117212.458810000,70,,,fe80::747e:55ff:fe12:72ef,ff02::2,ICMPv6,,,,,,,133,0
5,s2cl8,1767117213.020014000,137,,,,,LLDP,,,,,,,,
5,s2cl8,1767117213.020060000,137,,,,,LLDP,,,,,,,,
5,s2cl8,1767117216.119497000,137,,,,,LLDP,,,,,,,,
5,s2cl8,1767117216.119544000,137,,,,,LLDP,,,,,,,,
5,s2cl8,1767117219.219528000,137,,,,,LLDP,,,,,,,,
5,s2cl8,1767117219.219585000,137,,,,,LLDP,,,,,,,,
5,s2cl8,1767117222.319996000,137,,,,,LLDP,,,,,,,,
5,s2cl8,1767117222.320040000,137,,,,,LLDP,,,,,,,,
5,s2cl8,1767117225.419931000,137,,,,,LLDP,,,,,,,,
5,s2cl8,1767117225.419974000,137,,,,,LLDP,,,,,,,,
5,s2cl8,1767117228.519325000,137,,,,,LLDP,,,,,,,,
5,s2cl8,1767117228.519369000,137,,,,,LLDP,,,,,,,,
5,s2cl8,1767117231.619717000,137,,,,,LLDP,,,,,,,,
5,s2cl8,1767117231.619763000,137,,,,,LLDP,,,,,,,,
5,s2cl8,1767117234.719419000,137,,,,,LLDP,,,,,,,,
5,s2cl8,1767117234.719462000,137,,,,,LLDP,,,,,,,,
5,s2cl8,1767117237.820063000,137,,,,,LLDP,,,,,,,,
5,s2cl8,1767117237.820142000,137,,,,,LLDP,,,,,,,,
5,s2cl8,1767117240.919989000,137,,,,,LLDP,,,,,,,,
5,s2cl8,1767117240.920066000,137,,,,,LLDP,,,,,,,,
5,s2cl8,1767117244.020805000,137,,,,,LLDP,,,,,,,,
5,s2cl8,1767117244.020866000,137,,,,,LLDP,,,,,,,,
5,s2cl8,1767117245.230855000,70,,,fe80::d828:e0ff:fe85:8d70,ff02::2,ICMPv6,,,,,,,133,0
5,s2cl8,1767117247.123162000,137,,,,,LLDP,,,,,,,,
5,s2cl8,1767117247.123341000,137,,,,,LLDP,,,,,,,,
5,s2cl8,1767117250.219796000,137,,,,,LLDP,,,,,,,,
5,s2cl8,1767117250.219856000,137,,,,,LLDP,,,,,,,,
5,s2cl8,1767117253.319651000,137,,,,,LLDP,,,,,,,,
5,s2cl8,1767117253.319742000,137,,,,,LLDP,,,,,,,,
5,s2cl8,1767117256.419849000,137,,,,,LLDP,,,,,,,,
5,s2cl8,1767117256.419930000,137,,,,,LLDP,,,,,,,,
5,s2cl8,1767117259.519038000,137,,,,,LLDP,,,,,,,,
5,s2cl8,1767117259.519124000,137,,,,,LLDP,,,,,,,,
5,s2cl8,1767117262.618821000,137,,,,,LLDP,,,,,,,,
5,s2cl8,1767117262.618866000,137,,,,,LLDP,,,,,,,,
5,s2cl8,1767117265.719920000,137,,,,,LLDP,,,,,,,,
5,s2cl8,1767117265.719977000,137,,,,,LLDP,,,,,,,,
5,s2cl8,1767117268.819260000,137,,,,,LLDP,,,,,,,,
5,s2cl8,1767117268.819302000,137,,,,,LLDP,,,,,,,,
5,s2cl8,1767117271.918789000,137,,,,,LLDP,,,,,,,,
5,s2cl8,1767117271.918832000,137,,,,,LLDP,,,,,,,,
5,s2cl8,1767117275.020003000,137,,,,,LLDP,,,,,,,,
5,s2cl8,1767117275.020063000,137,,,,,LLDP,,,,,,,,
5,s2cl8,1767117278.119311000,137,,,,,LLDP,,,,,,,,
5,s2cl8,1767117278.119388000,137,,,,,LLDP,,,,,,,,
5,s2cl8,1767117281.219402000,137,,,,,LLDP,,,,,,,,
5,s2cl8,1767117281.219512000,137,,,,,LLDP,,,,,,,,
5,s2cl8,1767117284.318934000,137,,,,,LLDP,,,,,,,,
5,s2cl8,1767117284.318979000,137,,,,,LLDP,,,,,,,,
5,s2cl8,1767117287.419359000,137,,,,,LLDP,,,,,,,,
5,s2cl8,1767117287.419403000,137,,,,,LLDP,,,,,,,,
5,s2cl8,1767117290.519583000,137,,,,,LLDP,,,,,,,,
5,s2cl8,1767117290.519627000,137,,,,,LLDP,,,,,,,,
5,s2cl8,1767117293.619853000,137,,,,,LLDP,,,,,,,,
5,s2cl8,1767117293.619900000,137,,,,,LLDP,,,,,,,,
5,s2cl8,1767117296.719345000,137,,,,,LLDP,,,,,,,,
5,s2cl8,1767117296.719406000,137,,,,,LLDP,,,,,,,,
5,s2cl8,1767117299.819411000,137,,,,,LLDP,,,,,,,,
5,s2cl8,1767117299.819456000,137,,,,,LLDP,,,,,,,,
5,s2cl8,1767117302.919432000,137,,,,,LLDP,,,,,,,,
5,s2cl8,1767117302.919476000,137,,,,,LLDP,,,,,,,,
5,s2cl8,1767117306.019792000,137,,,,,LLDP,,,,,,,,
5,s2cl8,1767117306.019840000,137,,,,,LLDP,,,,,,,,
5,s2cl8,1767117309.119571000,137,,,,,LLDP,,,,,,,,
5,s2cl8,1767117309.119615000,137,,,,,LLDP,,,,,,,,
5,s2cl8,1767117312.220384000,137,,,,,LLDP,,,,,,,,
5,s2cl8,1767117312.220442000,137,,,,,LLDP,,,,,,,,
5,s2cl8,1767117315.318990000,137,,,,,LLDP,,,,,,,,
5,s2cl8,1767117315.319052000,137,,,,,LLDP,,,,,,,,
5,s2cl8,1767117318.419809000,137,,,,,LLDP,,,,,,,,
5,s2cl8,1767117318.419873000,137,,,,,LLDP,,,,,,,,
5,s2cl8,1767117321.519756000,137,,,,,LLDP,,,,,,,,
5,s2cl8,1767117321.519818000,137,,,,,LLDP,,,,,,,,
5,s2cl8,1767117324.619519000,137,,,,,LLDP,,,,,,,,
5,s2cl8,1767117324.619581000,137,,,,,LLDP,,,,,,,,
5,s2cl8,1767117327.719673000,137,,,,,LLDP,,,,,,,,
5,s2cl8,1767117327.719728000,137,,,,,LLDP,,,,,,,,
5,s2cl9,1767117209.919507000,137,,,,,LLDP,,,,,,,,
5,s2cl9,1767117209.919566000,137,,,,,LLDP,,,,,,,,
5,s2cl9,1767117213.020114000,137,,,,,LLDP,,,,,,,,
5,s2cl9,1767117213.020160000,137,,,,,LLDP,,,,,,,,
5,s2cl9,1767117216.119602000,137,,,,,LLDP,,,,,,,,
5,s2cl9,1767117216.119656000,137,,,,,LLDP,,,,,,,,
5,s2cl9,1767117219.219624000,137,,,,,LLDP,,,,,,,,
5,s2cl9,1767117219.219675000,137,,,,,LLDP,,,,,,,,
5,s2cl9,1767117222.320081000,137,,,,,LLDP,,,,,,,,
5,s2cl9,1767117222.320165000,137,,,,,LLDP,,,,,,,,
5,s2cl9,1767117225.420026000,137,,,,,LLDP,,,,,,,,
5,s2cl9,1767117225.420067000,137,,,,,LLDP,,,,,,,,
5,s2cl9,1767117228.519421000,137,,,,,LLDP,,,,,,,,
5,s2cl9,1767117228.519462000,137,,,,,LLDP,,,,,,,,
5,s2cl9,1767117231.619803000,137,,,,,LLDP,,,,,,,,
5,s2cl9,1767117231.619863000,137,,,,,LLDP,,,,,,,,
5,s2cl9,1767117234.719510000,137,,,,,LLDP,,,,,,,,
5,s2cl9,1767117234.719556000,137,,,,,LLDP,,,,,,,,
5,s2cl9,1767117237.820183000,137,,,,,LLDP,,,,,,,,
5,s2cl9,1767117237.820234000,137,,,,,LLDP,,,,,,,,
5,s2cl9,1767117240.920144000,137,,,,,LLDP,,,,,,,,
5,s2cl9,1767117240.920187000,137,,,,,LLDP,,,,,,,,
5,s2cl9,1767117244.020919000,137,,,,,LLDP,,,,,,,,
5,s2cl9,1767117244.020962000,137,,,,,LLDP,,,,,,,,
5,s2cl9,1767117245.230822000,70,,,fe80::58a4:6cff:fed3:62d6,ff02::2,ICMPv6,,,,,,,133,0
5,s2cl9,1767117247.123387000,137,,,,,LLDP,,,,,,,,
5,s2cl9,1767117247.123456000,137,,,,,LLDP,,,,,,,,
5,s2cl9,1767117250.219896000,137,,,,,LLDP,,,,,,,,
5,s2cl9,1767117250.219936000,137,,,,,LLDP,,,,,,,,
5,s2cl9,1767117253.319808000,137,,,,,LLDP,,,,,,,,
5,s2cl9,1767117253.319881000,137,,,,,LLDP,,,,,,,,
5,s2cl9,1767117256.420009000,137,,,,,LLDP,,,,,,,,
5,s2cl9,1767117256.420101000,137,,,,,LLDP,,,,,,,,
5,s2cl9,1767117259.519187000,137,,,,,LLDP,,,,,,,,
5,s2cl9,1767117259.519269000,137,,,,,LLDP,,,,,,,,
5,s2cl9,1767117262.618919000,137,,,,,LLDP,,,,,,,,
5,s2cl9,1767117262.618973000,137,,,,,LLDP,,,,,,,,
5,s2cl9,1767117265.720017000,137,,,,,LLDP,,,,,,,,
5,s2cl9,1767117265.720089000,137,,,,,LLDP,,,,,,,,
5,s2cl9,1767117268.819341000,137,,,,,LLDP,,,,,,,,
5,s2cl9,1767117268.819382000,137,,,,,LLDP,,,,,,,,
5,s2cl9,1767117271.918882000,137,,,,,LLDP,,,,,,,,
5,s2cl9,1767117271.918934000,137,,,,,LLDP,,,,,,,,
5,s2cl9,1767117275.020130000,137,,,,,LLDP,,,,,,,,
5,s2cl9,1767117275.020172000,137,,,,,LLDP,,,,,,,,
5,s2cl9,1767117277.994821000,70,,,fe80::806:99ff:fe83:c2f,ff02::2,ICMPv6,,,,,,,133,0
5,s2cl9,1767117278.119429000,137,,,,,LLDP,,,,,,,,
5,s2cl9,1767117278.119480000,137,,,,,LLDP,,,,,,,,
5,s2cl9,1767117281.219590000,137,,,,,LLDP,,,,,,,,
5,s2cl9,1767117281.219688000,137,,,,,LLDP,,,,,,,,
5,s2cl9,1767117284.319028000,137,,,,,LLDP,,,,,,,,
5,s2cl9,1767117284.319106000,137,,,,,LLDP,,,,,,,,
5,s2cl9,1767117287.419456000,137,,,,,LLDP,,,,,,,,
5,s2cl9,1767117287.419498000,137,,,,,LLDP,,,,,,,,
5,s2cl9,1767117290.519687000,137,,,,,LLDP,,,,,,,,
5,s2cl9,1767117290.519738000,137,,,,,LLDP,,,,,,,,
5,s2cl9,1767117293.619953000,137,,,,,LLDP,,,,,,,,
5,s2cl9,1767117293.620008000,137,,,,,LLDP,,,,,,,,
5,s2cl9,1767117296.719467000,137,,,,,LLDP,,,,,,,,
5,s2cl9,1767117296.719518000,137,,,,,LLDP,,,,,,,,
5,s2cl9,1767117299.819497000,137,,,,,LLDP,,,,,,,,
5,s2cl9,1767117299.819546000,137,,,,,LLDP,,,,,,,,
5,s2cl9,1767117302.919519000,137,,,,,LLDP,,,,,,,,
5,s2cl9,1767117302.919624000,137,,,,,LLDP,,,,,,,,
5,s2cl9,1767117306.019885000,137,,,,,LLDP,,,,,,,,
5,s2cl9,1767117306.019964000,137,,,,,LLDP,,,,,,,,
5,s2cl9,1767117309.119706000,137,,,,,LLDP,,,,,,,,
5,s2cl9,1767117309.119882000,137,,,,,LLDP,,,,,,,,
5,s2cl9,1767117312.220495000,137,,,,,LLDP,,,,,,,,
5,s2cl9,1767117312.220539000,137,,,,,LLDP,,,,,,,,
5,s2cl9,1767117315.319124000,137,,,,,LLDP,,,,,,,,
5,s2cl9,1767117315.319168000,137,,,,,LLDP,,,,,,,,
5,s2cl9,1767117318.419922000,137,,,,,LLDP,,,,,,,,
5,s2cl9,1767117318.419963000,137,,,,,LLDP,,,,,,,,
5,s2cl9,1767117321.519860000,137,,,,,LLDP,,,,,,,,
5,s2cl9,1767117321.519902000,137,,,,,LLDP,,,,,,,,
5,s2cl9,1767117324.619622000,137,,,,,LLDP,,,,,,,,
5,s2cl9,1767117324.619663000,137,,,,,LLDP,,,,,,,,
5,s2cl9,1767117327.719767000,137,,,,,LLDP,,,,,,,,
5,s2cl9,1767117327.719813000,137,,,,,LLDP,,,,,,,,
6,s0cl0,1767117337.018889000,137,,,,,LLDP,,,,,,,,
6,s0cl0,1767117337.018942000,137,,,,,LLDP,,,,,,,,
6,s0cl0,1767117340.118282000,137,,,,,LLDP,,,,,,,,
6,s0cl0,1767117340.118327000,137,,,,,LLDP,,,,,,,,
6,s0cl0,1767117343.218113000,137,,,,,LLDP,,,,,,,,
6,s0cl0,1767117343.218217000,137,,,,,LLDP,,,,,,,,
6,s0cl0,1767117346.318646000,137,,,,,LLDP,,,,,,,,
6,s0cl0,1767117346.318693000,137,,,,,LLDP,,,,,,,,
6,s0cl0,1767117349.418863000,137,,,,,LLDP,,,,,,,,
6,s0cl0,1767117349.418908000,137,,,,,LLDP,,,,,,,,
6,s0cl0,1767117352.518517000,137,,,,,LLDP,,,,,,,,
6,s0cl0,1767117352.518562000,137,,,,,LLDP,,,,,,,,
6,s0cl0,1767117355.618507000,137,,,,,LLDP,,,,,,,,
6,s0cl0,1767117355.618582000,137,,,,,LLDP,,,,,,,,
6,s0cl0,1767117358.718451000,137,,,,,LLDP,,,,,,,,
6,s0cl0,1767117358.718541000,137,,,,,LLDP,,,,,,,,
6,s0cl0,1767117361.818200000,137,,,,,LLDP,,,,,,,,
6,s0cl0,1767117361.818246000,137,,,,,LLDP,,,,,,,,
6,s0cl0,1767117364.918377000,137,,,,,LLDP,,,,,,,,
6,s0cl0,1767117364.918422000,137,,,,,LLDP,,,,,,,,
6,s0cl0,1767117368.018806000,137,,,,,LLDP,,,,,,,,
6,s0cl0,1767117368.018853000,137,,,,,LLDP,,,,,,,,
6,s0cl0,1767117371.118265000,137,,,,,LLDP,,,,,,,,
6,s0cl0,1767117371.118323000,137,,,,,LLDP,,,,,,,,
6,s0cl0,1767117374.219086000,137,,,,,LLDP,,,,,,,,
6,s0cl0,1767117374.219145000,137,,,,,LLDP,,,,,,,,
6,s0cl0,1767117377.318551000,137,,,,,LLDP,,,,,,,,
6,s0cl0,1767117377.318631000,137,,,,,LLDP,,,,,,,,
6,s0cl0,1767117380.418745000,137,,,,,LLDP,,,,,,,,
6,s0cl0,1767117380.418794000,137,,,,,LLDP,,,,,,,,
6,s0cl0,1767117383.518796000,137,,,,,LLDP,,,,,,,,
6,s0cl0,1767117383.518843000,137,,,,,LLDP,,,,,,,,
6,s0cl0,1767117386.619074000,137,,,,,LLDP,,,,,,,,
6,s0cl0,1767117386.619171000,137,,,,,LLDP,,,,,,,,
6,s0cl0,1767117389.718495000,137,,,,,LLDP,,,,,,,,
6,s0cl0,1767117389.718538000,137,,,,,LLDP,,,,,,,,
6,s0cl0,1767117392.818402000,137,,,,,LLDP,,,,,,,,
6,s0cl0,1767117392.818488000,137,,,,,LLDP,,,,,,,,
6,s0cl0,1767117395.919031000,137,,,,,LLDP,,,,,,,,
6,s0cl0,1767117395.919117000,137,,,,,LLDP,,,,,,,,
6,s0cl0,1767117399.019537000,137,,,,,LLDP,,,,,,,,
6,s0cl0,1767117399.019621000,137,,,,,LLDP,,,,,,,,
6,s0cl0,1767117402.118117000,137,,,,,LLDP,,,,,,,,
6,s0cl0,1767117402.118171000,137,,,,,LLDP,,,,,,,,
6,s0cl0,1767117405.218410000,137,,,,,LLDP,,,,,,,,
6,s0cl0,1767117405.218497000,137,,,,,LLDP,,,,,,,,
6,s0cl0,1767117408.318790000,137,,,,,LLDP,,,,,,,,
6,s0cl0,1767117408.318837000,137,,,,,LLDP,,,,,,,,
6,s0cl0,1767117411.418728000,137,,,,,LLDP,,,,,,,,
6,s0cl0,1767117411.418804000,137,,,,,LLDP,,,,,,,,
6,s0cl0,1767117414.519072000,137,,,,,LLDP,,,,,,,,
6,s0cl0,1767117414.519130000,137,,,,,LLDP,,,,,,,,
6,s0cl0,1767117417.618064000,137,,,,,LLDP,,,,,,,,
6,s0cl0,1767117417.618111000,137,,,,,LLDP,,,,,,,,
6,s0cl0,1767117420.718974000,137,,,,,LLDP,,,,,,,,
6,s0cl0,1767117420.719044000,137,,,,,LLDP,,,,,,,,
6,s0cl0,1767117423.819005000,137,,,,,LLDP,,,,,,,,
6,s0cl0,1767117423.819053000,137,,,,,LLDP,,,,,,,,
6,s0cl0,1767117426.918587000,137,,,,,LLDP,,,,,,,,
6,s0cl0,1767117426.918645000,137,,,,,LLDP,,,,,,,,
6,s0cl0,1767117430.018202000,137,,,,,LLDP,,,,,,,,
6,s0cl0,1767117430.018265000,137,,,,,LLDP,,,,,,,,
6,s0cl0,1767117433.117981000,137,,,,,LLDP,,,,,,,,
6,s0cl0,1767117433.118041000,137,,,,,LLDP,,,,,,,,
6,s0cl0,1767117436.218663000,137,,,,,LLDP,,,,,,,,
6,s0cl0,1767117436.218746000,137,,,,,LLDP,,,,,,,,
6,s0cl0,1767117439.318177000,137,,,,,LLDP,,,,,,,,
6,s0cl0,1767117439.318224000,137,,,,,LLDP,,,,,,,,
6,s0cl0,1767117442.418126000,137,,,,,LLDP,,,,,,,,
6,s0cl0,1767117442.418171000,137,,,,,LLDP,,,,,,,,
6,s0cl0,1767117445.518223000,137,,,,,LLDP,,,,,,,,
6,s0cl0,1767117445.518269000,137,,,,,LLDP,,,,,,,,
6,s0cl0,1767117448.618466000,137,,,,,LLDP,,,,,,,,
6,s0cl0,1767117448.618511000,137,,,,,LLDP,,,,,,,,
6,s0cl0,1767117451.718145000,137,,,,,LLDP,,,,,,,,
6,s0cl0,1767117451.718207000,137,,,,,LLDP,,,,,,,,
6,s0cl0,1767117454.818816000,137,,,,,LLDP,,,,,,,,
6,s0cl0,1767117454.818874000,137,,,,,LLDP,,,,,,,,
6,s0cl1,1767117337.018988000,137,,,,,LLDP,,,,,,,,
6,s0cl1,1767117337.019052000,137,,,,,LLDP,,,,,,,,
6,s0cl1,1767117340.118369000,137,,,,,LLDP,,,,,,,,
6,s0cl1,1767117340.118411000,137,,,,,LLDP,,,,,,,,
6,s0cl1,1767117343.218298000,137,,,,,LLDP,,,,,,,,
6,s0cl1,1767117343.218374000,137,,,,,LLDP,,,,,,,,
6,s0cl1,1767117346.318821000,137,,,,,LLDP,,,,,,,,
6,s0cl1,1767117346.318905000,137,,,,,LLDP,,,,,,,,
6,s0cl1,1767117349.418948000,137,,,,,LLDP,,,,,,,,
6,s0cl1,1767117349.419013000,137,,,,,LLDP,,,,,,,,
6,s0cl1,1767117352.518607000,137,,,,,LLDP,,,,,,,,
6,s0cl1,1767117352.518649000,137,,,,,LLDP,,,,,,,,
6,s0cl1,1767117355.618660000,137,,,,,LLDP,,,,,,,,
6,s0cl1,1767117355.618776000,137,,,,,LLDP,,,,,,,,
6,s0cl1,1767117358.718641000,137,,,,,LLDP,,,,,,,,
6,s0cl1,1767117358.718774000,137,,,,,LLDP,,,,,,,,
6,s0cl1,1767117361.818289000,137,,,,,LLDP,,,,,,,,
6,s0cl1,1767117361.818332000,137,,,,,LLDP,,,,,,,,
6,s0cl1,1767117364.918489000,137,,,,,LLDP,,,,,,,,
6,s0cl1,1767117364.918534000,137,,,,,LLDP,,,,,,,,
6,s0cl1,1767117368.018895000,137,,,,,LLDP,,,,,,,,
6,s0cl1,1767117368.018949000,137,,,,,LLDP,,,,,,,,
6,s0cl1,1767117371.118366000,137,,,,,LLDP,,,,,,,,
6,s0cl1,1767117371.118407000,137,,,,,LLDP,,,,,,,,
6,s0cl1,1767117374.219188000,137,,,,,LLDP,,,,,,,,
6,s0cl1,1767117374.219237000,137,,,,,LLDP,,,,,,,,
6,s0cl1,1767117377.318860000,137,,,,,LLDP,,,,,,,,
6,s0cl1,1767117377.318961000,137,,,,,LLDP,,,,,,,,
6,s0cl1,1767117380.418837000,137,,,,,LLDP,,,,,,,,
6,s0cl1,1767117380.418881000,137,,,,,LLDP,,,,,,,,
6,s0cl1,1767117383.518883000,137,,,,,LLDP,,,,,,,,
6,s0cl1,1767117383.518924000,137,,,,,LLDP,,,,,,,,
6,s0cl1,1767117386.619309000,137,,,,,LLDP,,,,,,,,
6,s0cl1,1767117386.619393000,137,,,,,LLDP,,,,,,,,
6,s0cl1,1767117389.718577000,137,,,,,LLDP,,,,,,,,
6,s0cl1,1767117389.718617000,137,,,,,LLDP,,,,,,,,
6,s0cl1,1767117392.818535000,137,,,,,LLDP,,,,,,,,
6,s0cl1,1767117392.818579000,137,,,,,LLDP,,,,,,,,
6,s0cl1,1767117395.919188000,137,,,,,LLDP,,,,,,,,
6,s0cl1,1767117395.919265000,137,,,,,LLDP,,,,,,,,
6,s0cl1,1767117399.019700000,137,,,,,LLDP,,,,,,,,
6,s0cl1,1767117399.019774000,137,,,,,LLDP,,,,,,,,
6,s0cl1,1767117402.118212000,137,,,,,LLDP,,,,,,,,
6,s0cl1,1767117402.118254000,137,,,,,LLDP,,,,,,,,
6,s0cl1,1767117405.218542000,137,,,,,LLDP,,,,,,,,
6,s0cl1,1767117405.218586000,137,,,,,LLDP,,,,,,,,
6,s0cl1,1767117408.318878000,137,,,,,LLDP,,,,,,,,
6,s0cl1,1767117408.318920000,137,,,,,LLDP,,,,,,,,
6,s0cl1,1767117411.418870000,137,,,,,LLDP,,,,,,,,
6,s0cl1,1767117411.418914000,137,,,,,LLDP,,,,,,,,
6,s0cl1,1767117414.519185000,137,,,,,LLDP,,,,,,,,
6,s0cl1,1767117414.519258000,137,,,,,LLDP,,,,,,,,
6,s0cl1,1767117417.618162000,137,,,,,LLDP,,,,,,,,
6,s0cl1,1767117417.618205000,137,,,,,LLDP,,,,,,,,
6,s0cl1,1767117420.719085000,137,,,,,LLDP,,,,,,,,
6,s0cl1,1767117420.719125000,137,,,,,LLDP,,,,,,,,
6,s0cl1,1767117423.819098000,137,,,,,LLDP,,,,,,,,
6,s0cl1,1767117423.819155000,137,,,,,LLDP,,,,,,,,
6,s0cl1,1767117426.918700000,137,,,,,LLDP,,,,,,,,
6,s0cl1,1767117426.918782000,137,,,,,LLDP,,,,,,,,
6,s0cl1,1767117430.018348000,137,,,,,LLDP,,,,,,,,
6,s0cl1,1767117430.018422000,137,,,,,LLDP,,,,,,,,
6,s0cl1,1767117433.118082000,137,,,,,LLDP,,,,,,,,
6,s0cl1,1767117433.118124000,137,,,,,LLDP,,,,,,,,
6,s0cl1,1767117436.218803000,137,,,,,LLDP,,,,,,,,
6,s0cl1,1767117436.218846000,137,,,,,LLDP,,,,,,,,
6,s0cl1,1767117439.318267000,137,,,,,LLDP,,,,,,,,
6,s0cl1,1767117439.318311000,137,,,,,LLDP,,,,,,,,
6,s0cl1,1767117442.418224000,137,,,,,LLDP,,,,,,,,
6,s0cl1,1767117442.418267000,137,,,,,LLDP,,,,,,,,
6,s0cl1,1767117445.518325000,137,,,,,LLDP,,,,,,,,
6,s0cl1,1767117445.518368000,137,,,,,LLDP,,,,,,,,
6,s0cl1,1767117448.618551000,137,,,,,LLDP,,,,,,,,
6,s0cl1,1767117448.618605000,137,,,,,LLDP,,,,,,,,
6,s0cl1,1767117451.718248000,137,,,,,LLDP,,,,,,,,
6,s0cl1,1767117451.718289000,137,,,,,LLDP,,,,,,,,
6,s0cl1,1767117454.818915000,137,,,,,LLDP,,,,,,,,
6,s0cl1,1767117454.818990000,137,,,,,LLDP,,,,,,,,
6,s0cl2,1767117337.019098000,137,,,,,LLDP,,,,,,,,
6,s0cl2,1767117337.019144000,137,,,,,LLDP,,,,,,,,
6,s0cl2,1767117340.118452000,137,,,,,LLDP,,,,,,,,
6,s0cl2,1767117340.118494000,137,,,,,LLDP,,,,,,,,
6,s0cl2,1767117343.218443000,137,,,,,LLDP,,,,,,,,
6,s0cl2,1767117343.218515000,137,,,,,LLDP,,,,,,,,
6,s0cl2,1767117346.318951000,137,,,,,LLDP,,,,,,,,
6,s0cl2,1767117346.319005000,137,,,,,LLDP,,,,,,,,
6,s0cl2,1767117349.419066000,137,,,,,LLDP,,,,,,,,
6,s0cl2,1767117349.419107000,137,,,,,LLDP,,,,,,,,
6,s0cl2,1767117352.518689000,137,,,,,LLDP,,,,,,,,
6,s0cl2,1767117352.518779000,137,,,,,LLDP,,,,,,,,
6,s0cl2,1767117355.618862000,137,,,,,LLDP,,,,,,,,
6,s0cl2,1767117355.618932000,137,,,,,LLDP,,,,,,,,
6,s0cl2,1767117358.718874000,137,,,,,LLDP,,,,,,,,
6,s0cl2,1767117358.718970000,137,,,,,LLDP,,,,,,,,
6,s0cl2,1767117361.818374000,137,,,,,LLDP,,,,,,,,
6,s0cl2,1767117361.818416000,137,,,,,LLDP,,,,,,,,
6,s0cl2,1767117364.918728000,137,,,,,LLDP,,,,,,,,
6,s0cl2,1767117364.918816000,137,,,,,LLDP,,,,,,,,
6,s0cl2,1767117368.019025000,137,,,,,LLDP,,,,,,,,
6,s0cl2,1767117368.019070000,137,,,,,LLDP,,,,,,,,
6,s0cl2,1767117371.118447000,137,,,,,LLDP,,,,,,,,
6,s0cl2,1767117371.118488000,137,,,,,LLDP,,,,,,,,
6,s0cl2,1767117374.219290000,137,,,,,LLDP,,,,,,,,
6,s0cl2,1767117374.219332000,137,,,,,LLDP,,,,,,,,
6,s0cl2,1767117377.319024000,137,,,,,LLDP,,,,,,,,
6,s0cl2,1767117377.319109000,137,,,,,LLDP,,,,,,,,
6,s0cl2,1767117380.418922000,137,,,,,LLDP,,,,,,,,
6,s0cl2,1767117380.418998000,137,,,,,LLDP,,,,,,,,
6,s0cl2,1767117383.519015000,137,,,,,LLDP,,,,,,,,
6,s0cl2,1767117383.519061000,137,,,,,LLDP,,,,,,,,
6,s0cl2,1767117386.619478000,137,,,,,LLDP,,,,,,,,
6,s0cl2,1767117386.619570000,137,,,,,LLDP,,,,,,,,
6,s0cl2,1767117389.718654000,137,,,,,LLDP,,,,,,,,
6,s0cl2,1767117389.718721000,137,,,,,LLDP,,,,,,,,
6,s0cl2,1767117392.818641000,137,,,,,LLDP,,,,,,,,
6,s0cl2,1767117392.818756000,137,,,,,LLDP,,,,,,,,
6,s0cl2,1767117395.919347000,137,,,,,LLDP,,,,,,,,
6,s0cl2,1767117395.919415000,137,,,,,LLDP,,,,,,,,
6,s0cl2,1767117399.019849000,137,,,,,LLDP,,,,,,,,
6,s0cl2,1767117399.019927000,137,,,,,LLDP,,,,,,,,
6,s0cl2,1767117402.118294000,137,,,,,LLDP,,,,,,,,
6,s0cl2,1767117402.118334000,137,,,,,LLDP,,,,,,,,
6,s0cl2,1767117405.218629000,137,,,,,LLDP,,,,,,,,
6,s0cl2,1767117405.218673000,137,,,,,LLDP,,,,,,,,
6,s0cl2,1767117408.318985000,137,,,,,LLDP,,,,,,,,
6,s0cl2,1767117408.319032000,137,,,,,LLDP,,,,,,,,
6,s0cl2,1767117411.418974000,137,,,,,LLDP,,,,,,,,
6,s0cl2,1767117411.419020000,137,,,,,LLDP,,,,,,,,
6,s0cl2,1767117414.519331000,137,,,,,LLDP,,,,,,,,
6,s0cl2,1767117414.519385000,137,,,,,LLDP,,,,,,,,
6,s0cl2,1767117417.618251000,137,,,,,LLDP,,,,,,,,
6,s0cl2,1767117417.618298000,137,,,,,LLDP,,,,,,,,
6,s0cl2,1767117420.719165000,137,,,,,LLDP,,,,,,,,
6,s0cl2,1767117420.719223000,137,,,,,LLDP,,,,,,,,
6,s0cl2,1767117423.819195000,137,,,,,LLDP,,,,,,,,
6,s0cl2,1767117423.819237000,137,,,,,LLDP,,,,,,,,
6,s0cl2,1767117426.918825000,137,,,,,LLDP,,,,,,,,
6,s0cl2,1767117426.918868000,137,,,,,LLDP,,,,,,,,
6,s0cl2,1767117430.018492000,137,,,,,LLDP,,,,,,,,
6,s0cl2,1767117430.018572000,137,,,,,LLDP,,,,,,,,
6,s0cl2,1767117433.118171000,137,,,,,LLDP,,,,,,,,
6,s0cl2,1767117433.118212000,137,,,,,LLDP,,,,,,,,
6,s0cl2,1767117436.218887000,137,,,,,LLDP,,,,,,,,
6,s0cl2,1767117436.218951000,137,,,,,LLDP,,,,,,,,
6,s0cl2,1767117439.318362000,137,,,,,LLDP,,,,,,,,
6,s0cl2,1767117439.318404000,137,,,,,LLDP,,,,,,,,
6,s0cl2,1767117442.418318000,137,,,,,LLDP,,,,,,,,
6,s0cl2,1767117442.418359000,137,,,,,LLDP,,,,,,,,
6,s0cl2,1767117445.518410000,137,,,,,LLDP,,,,,,,,
6,s0cl2,1767117445.518453000,137,,,,,LLDP,,,,,,,,
6,s0cl2,1767117448.618644000,137,,,,,LLDP,,,,,,,,
6,s0cl2,1767117448.618684000,137,,,,,LLDP,,,,,,,,
6,s0cl2,1767117451.718331000,137,,,,,LLDP,,,,,,,,
6,s0cl2,1767117451.718371000,137,,,,,LLDP,,,,,,,,
6,s0cl2,1767117454.819035000,137,,,,,LLDP,,,,,,,,
6,s0cl2,1767117454.819090000,137,,,,,LLDP,,,,,,,,
6,s0ds0,1767117337.019187000,137,,,,,LLDP,,,,,,,,
6,s0ds0,1767117337.019262000,137,,,,,LLDP,,,,,,,,
6,s0ds0,1767117340.118535000,137,,,,,LLDP,,,,,,,,
6,s0ds0,1767117340.118606000,137,,,,,LLDP,,,,,,,,
6,s0ds0,1767117343.218570000,137,,,,,LLDP,,,,,,,,
6,s0ds0,1767117343.218683000,137,,,,,LLDP,,,,,,,,
6,s0ds0,1767117346.319052000,137,,,,,LLDP,,,,,,,,
6,s0ds0,1767117346.319131000,137,,,,,LLDP,,,,,,,,
6,s0ds0,1767117349.419146000,137,,,,,LLDP,,,,,,,,
6,s0ds0,1767117349.419188000,137,,,,,LLDP,,,,,,,,
6,s0ds0,1767117352.518820000,137,,,,,LLDP,,,,,,,,
6,s0ds0,1767117352.518887000,137,,,,,LLDP,,,,,,,,
6,s0ds0,1767117355.619025000,137,,,,,LLDP,,,,,,,,
6,s0ds0,1767117355.619138000,137,,,,,LLDP,,,,,,,,
6,s0ds0,1767117358.719085000,137,,,,,LLDP,,,,,,,,
6,s0ds0,1767117358.719217000,137,,,,,LLDP,,,,,,,,
6,s0ds0,1767117361.818480000,137,,,,,LLDP,,,,,,,,
6,s0ds0,1767117361.818530000,137,,,,,LLDP,,,,,,,,
6,s0ds0,1767117364.919047000,137,,,,,LLDP,,,,,,,,
6,s0ds0,1767117364.919117000,137,,,,,LLDP,,,,,,,,
6,s0ds0,1767117368.019110000,137,,,,,LLDP,,,,,,,,
6,s0ds0,1767117368.019180000,137,,,,,LLDP,,,,,,,,
6,s0ds0,1767117371.118528000,137,,,,,LLDP,,,,,,,,
6,s0ds0,1767117371.118634000,137,,,,,LLDP,,,,,,,,
6,s0ds0,1767117374.219386000,137,,,,,LLDP,,,,,,,,
6,s0ds0,1767117374.219469000,137,,,,,LLDP,,,,,,,,
6,s0ds0,1767117377.319292000,137,,,,,LLDP,,,,,,,,
6,s0ds0,1767117377.319363000,137,,,,,LLDP,,,,,,,,
6,s0ds0,1767117380.419056000,137,,,,,LLDP,,,,,,,,
6,s0ds0,1767117380.419136000,137,,,,,LLDP,,,,,,,,
6,s0ds0,1767117383.519102000,137,,,,,LLDP,,,,,,,,
6,s0ds0,1767117383.519175000,137,,,,,LLDP,,,,,,,,
6,s0ds0,1767117386.619666000,137,,,,,LLDP,,,,,,,,
6,s0ds0,1767117386.619796000,137,,,,,LLDP,,,,,,,,
6,s0ds0,1767117389.718787000,137,,,,,LLDP,,,,,,,,
6,s0ds0,1767117389.718829000,137,,,,,LLDP,,,,,,,,
6,s0ds0,1767117392.818857000,137,,,,,LLDP,,,,,,,,
6,s0ds0,1767117392.818994000,137,,,,,LLDP,,,,,,,,
6,s0ds0,1767117395.919460000,137,,,,,LLDP,,,,,,,,
6,s0ds0,1767117395.919534000,137,,,,,LLDP,,,,,,,,
6,s0ds0,1767117399.020054000,137,,,,,LLDP,,,,,,,,
6,s0ds0,1767117399.020158000,137,,,,,LLDP,,,,,,,,
6,s0ds0,1767117402.118382000,137,,,,,LLDP,,,,,,,,
6,s0ds0,1767117402.118461000,137,,,,,LLDP,,,,,,,,
6,s0ds0,1767117405.218769000,137,,,,,LLDP,,,,,,,,
6,s0ds0,1767117405.218828000,137,,,,,LLDP,,,,,,,,
6,s0ds0,1767117408.319083000,137,,,,,LLDP,,,,,,,,
6,s0ds0,1767117408.319161000,137,,,,,LLDP,,,,,,,,
6,s0ds0,1767117411.419062000,137,,,,,LLDP,,,,,,,,
6,s0ds0,1767117411.419151000,137,,,,,LLDP,,,,,,,,
6,s0ds0,1767117414.519437000,137,,,,,LLDP,,,,,,,,
6,s0ds0,1767117414.519571000,137,,,,,LLDP,,,,,,,,
6,s0ds0,1767117417.618340000,137,,,,,LLDP,,,,,,,,
6,s0ds0,1767117417.618382000,137,,,,,LLDP,,,,,,,,
6,s0ds0,1767117420.719320000,137,,,,,LLDP,,,,,,,,
6,s0ds0,1767117420.719405000,137,,,,,LLDP,,,,,,,,
6,s0ds0,1767117423.819290000,137,,,,,LLDP,,,,,,,,
6,s0ds0,1767117423.819362000,137,,,,,LLDP,,,,,,,,
6,s0ds0,1767117426.918909000,137,,,,,LLDP,,,,,,,,
6,s0ds0,1767117426.918969000,137,,,,,LLDP,,,,,,,,
6,s0ds0,1767117430.018649000,137,,,,,LLDP,,,,,,,,
6,s0ds0,1767117430.018763000,137,,,,,LLDP,,,,,,,,
6,s0ds0,1767117433.118262000,137,,,,,LLDP,,,,,,,,
6,s0ds0,1767117433.118327000,137,,,,,LLDP,,,,,,,,
6,s0ds0,1767117436.219145000,137,,,,,LLDP,,,,,,,,
6,s0ds0,1767117436.219219000,137,,,,,LLDP,,,,,,,,
6,s0ds0,1767117439.318447000,137,,,,,LLDP,,,,,,,,
6,s0ds0,1767117439.318520000,137,,,,,LLDP,,,,,,,,
6,s0ds0,1767117442.418399000,137,,,,,LLDP,,,,,,,,
6,s0ds0,1767117442.418467000,137,,,,,LLDP,,,,,,,,
6,s0ds0,1767117445.518495000,137,,,,,LLDP,,,,,,,,
6,s0ds0,1767117445.518581000,137,,,,,LLDP,,,,,,,,
6,s0ds0,1767117448.618749000,137,,,,,LLDP,,,,,,,,
6,s0ds0,1767117448.618830000,137,,,,,LLDP,,,,,,,,
6,s0ds0,1767117451.718412000,137,,,,,LLDP,,,,,,,,
6,s0ds0,1767117451.718491000,137,,,,,LLDP,,,,,,,,
6,s0ds0,1767117454.819130000,137,,,,,LLDP,,,,,,,,
6,s0ds0,1767117454.819199000,137,,,,,LLDP,,,,,,,,
6,s1cl3,1767117340.019138000,137,,,,,LLDP,,,,,,,,
6,s1cl3,1767117340.019225000,137,,,,,LLDP,,,,,,,,
6,s1cl3,1767117343.118987000,137,,,,,LLDP,,,,,,,,
6,s1cl3,1767117343.119064000,137,,,,,LLDP,,,,,,,,
6,s1cl3,1767117346.218693000,137,,,,,LLDP,,,,,,,,
6,s1cl3,1767117346.218827000,137,,,,,LLDP,,,,,,,,
6,s1cl3,1767117349.318657000,137,,,,,LLDP,,,,,,,,
6,s1cl3,1767117349.318705000,137,,,,,LLDP,,,,,,,,
6,s1cl3,1767117352.418520000,137,,,,,LLDP,,,,,,,,
6,s1cl3,1767117352.418571000,137,,,,,LLDP,,,,,,,,
6,s1cl3,1767117355.518914000,137,,,,,LLDP,,,,,,,,
6,s1cl3,1767117355.519023000,137,,,,,LLDP,,,,,,,,
6,s1cl3,1767117358.619264000,137,,,,,LLDP,,,,,,,,
6,s1cl3,1767117358.619314000,137,,,,,LLDP,,,,,,,,
6,s1cl3,1767117361.718413000,137,,,,,LLDP,,,,,,,,
6,s1cl3,1767117361.718474000,137,,,,,LLDP,,,,,,,,
6,s1cl3,1767117364.819266000,137,,,,,LLDP,,,,,,,,
6,s1cl3,1767117364.819329000,137,,,,,LLDP,,,,,,,,
6,s1cl3,1767117367.918972000,137,,,,,LLDP,,,,,,,,
6,s1cl3,1767117367.919046000,137,,,,,LLDP,,,,,,,,
6,s1cl3,1767117371.018319000,137,,,,,LLDP,,,,,,,,
6,s1cl3,1767117371.018366000,137,,,,,LLDP,,,,,,,,
6,s1cl3,1767117374.119336000,137,,,,,LLDP,,,,,,,,
6,s1cl3,1767117374.119387000,137,,,,,LLDP,,,,,,,,
6,s1cl3,1767117377.218636000,137,,,,,LLDP,,,,,,,,
6,s1cl3,1767117377.218680000,137,,,,,LLDP,,,,,,,,
6,s1cl3,1767117380.317895000,137,,,,,LLDP,,,,,,,,
6,s1cl3,1767117380.317942000,137,,,,,LLDP,,,,,,,,
6,s1cl3,1767117383.418431000,137,,,,,LLDP,,,,,,,,
6,s1cl3,1767117383.418531000,137,,,,,LLDP,,,,,,,,
6,s1cl3,1767117386.518682000,137,,,,,LLDP,,,,,,,,
6,s1cl3,1767117386.518762000,137,,,,,LLDP,,,,,,,,
6,s1cl3,1767117389.618470000,137,,,,,LLDP,,,,,,,,
6,s1cl3,1767117389.618541000,137,,,,,LLDP,,,,,,,,
6,s1cl3,1767117392.719183000,137,,,,,LLDP,,,,,,,,
6,s1cl3,1767117392.719232000,137,,,,,LLDP,,,,,,,,
6,s1cl3,1767117395.819512000,137,,,,,LLDP,,,,,,,,
6,s1cl3,1767117395.819560000,137,,,,,LLDP,,,,,,,,
6,s1cl3,1767117398.919412000,137,,,,,LLDP,,,,,,,,
6,s1cl3,1767117398.919499000,137,,,,,LLDP,,,,,,,,
6,s1cl3,1767117402.019055000,137,,,,,LLDP,,,,,,,,
6,s1cl3,1767117402.019115000,137,,,,,LLDP,,,,,,,,
6,s1cl3,1767117405.118982000,137,,,,,LLDP,,,,,,,,
6,s1cl3,1767117405.119036000,137,,,,,LLDP,,,,,,,,
6,s1cl3,1767117408.218589000,137,,,,,LLDP,,,,,,,,
6,s1cl3,1767117408.218649000,137,,,,,LLDP,,,,,,,,
6,s1cl3,1767117411.318625000,137,,,,,LLDP,,,,,,,,
6,s1cl3,1767117411.318674000,137,,,,,LLDP,,,,,,,,
6,s1cl3,1767117414.418688000,137,,,,,LLDP,,,,,,,,
6,s1cl3,1767117414.418787000,137,,,,,LLDP,,,,,,,,
6,s1cl3,1767117417.519185000,137,,,,,LLDP,,,,,,,,
6,s1cl3,1767117417.519246000,137,,,,,LLDP,,,,,,,,
6,s1cl3,1767117420.618260000,137,,,,,LLDP,,,,,,,,
6,s1cl3,1767117420.618345000,137,,,,,LLDP,,,,,,,,
6,s1cl3,1767117423.718642000,137,,,,,LLDP,,,,,,,,
6,s1cl3,1767117423.718702000,137,,,,,LLDP,,,,,,,,
6,s1cl3,1767117426.819009000,137,,,,,LLDP,,,,,,,,
6,s1cl3,1767117426.819058000,137,,,,,LLDP,,,,,,,,
6,s1cl3,1767117429.918636000,137,,,,,LLDP,,,,,,,,
6,s1cl3,1767117429.918685000,137,,,,,LLDP,,,,,,,,
6,s1cl3,1767117433.018452000,137,,,,,LLDP,,,,,,,,
6,s1cl3,1767117433.018497000,137,,,,,LLDP,,,,,,,,
6,s1cl3,1767117436.118746000,137,,,,,LLDP,,,,,,,,
6,s1cl3,1767117436.118796000,137,,,,,LLDP,,,,,,,,
6,s1cl3,1767117439.218992000,137,,,,,LLDP,,,,,,,,
6,s1cl3,1767117439.219042000,137,,,,,LLDP,,,,,,,,
6,s1cl3,1767117442.319111000,137,,,,,LLDP,,,,,,,,
6,s1cl3,1767117442.319159000,137,,,,,LLDP,,,,,,,,
6,s1cl3,1767117445.418832000,137,,,,,LLDP,,,,,,,,
6,s1cl3,1767117445.418898000,137,,,,,LLDP,,,,,,,,
6,s1cl3,1767117448.518426000,137,,,,,LLDP,,,,,,,,
6,s1cl3,1767117448.518474000,137,,,,,LLDP,,,,,,,,
6,s1cl3,1767117451.619132000,137,,,,,LLDP,,,,,,,,
6,s1cl3,1767117451.619193000,137,,,,,LLDP,,,,,,,,
6,s1cl3,1767117454.718898000,137,,,,,LLDP,,,,,,,,
6,s1cl3,1767117454.718984000,137,,,,,LLDP,,,,,,,,
6,s1cl4,1767117340.019308000,137,,,,,LLDP,,,,,,,,
6,s1cl4,1767117340.019388000,137,,,,,LLDP,,,,,,,,
6,s1cl4,1767117343.119107000,137,,,,,LLDP,,,,,,,,
6,s1cl4,1767117343.119150000,137,,,,,LLDP,,,,,,,,
6,s1cl4,1767117346.218899000,137,,,,,LLDP,,,,,,,,
6,s1cl4,1767117346.218957000,137,,,,,LLDP,,,,,,,,
6,s1cl4,1767117349.318785000,137,,,,,LLDP,,,,,,,,
6,s1cl4,1767117349.318844000,137,,,,,LLDP,,,,,,,,
6,s1cl4,1767117352.418619000,137,,,,,LLDP,,,,,,,,
6,s1cl4,1767117352.418709000,137,,,,,LLDP,,,,,,,,
6,s1cl4,1767117355.519121000,137,,,,,LLDP,,,,,,,,
6,s1cl4,1767117355.519216000,137,,,,,LLDP,,,,,,,,
6,s1cl4,1767117358.619370000,137,,,,,LLDP,,,,,,,,
6,s1cl4,1767117358.619414000,137,,,,,LLDP,,,,,,,,
6,s1cl4,1767117361.718524000,137,,,,,LLDP,,,,,,,,
6,s1cl4,1767117361.718568000,137,,,,,LLDP,,,,,,,,
6,s1cl4,1767117364.819373000,137,,,,,LLDP,,,,,,,,
6,s1cl4,1767117364.819417000,137,,,,,LLDP,,,,,,,,
6,s1cl4,1767117367.919106000,137,,,,,LLDP,,,,,,,,
6,s1cl4,1767117367.919148000,137,,,,,LLDP,,,,,,,,
6,s1cl4,1767117371.018414000,137,,,,,LLDP,,,,,,,,
6,s1cl4,1767117371.018464000,137,,,,,LLDP,,,,,,,,
6,s1cl4,1767117374.119430000,137,,,,,LLDP,,,,,,,,
6,s1cl4,1767117374.119476000,137,,,,,LLDP,,,,,,,,
6,s1cl4,1767117377.218759000,137,,,,,LLDP,,,,,,,,
6,s1cl4,1767117377.218803000,137,,,,,LLDP,,,,,,,,
6,s1cl4,1767117380.318039000,137,,,,,LLDP,,,,,,,,
6,s1cl4,1767117380.318094000,137,,,,,LLDP,,,,,,,,
6,s1cl4,1767117383.418622000,137,,,,,LLDP,,,,,,,,
6,s1cl4,1767117383.418697000,137,,,,,LLDP,,,,,,,,
6,s1cl4,1767117386.518803000,137,,,,,LLDP,,,,,,,,
6,s1cl4,1767117386.518846000,137,,,,,LLDP,,,,,,,,
6,s1cl4,1767117389.618593000,137,,,,,LLDP,,,,,,,,
6,s1cl4,1767117389.618642000,137,,,,,LLDP,,,,,,,,
6,s1cl4,1767117392.719297000,137,,,,,LLDP,,,,,,,,
6,s1cl4,1767117392.719356000,137,,,,,LLDP,,,,,,,,
6,s1cl4,1767117395.819611000,137,,,,,LLDP,,,,,,,,
6,s1cl4,1767117395.819655000,137,,,,,LLDP,,,,,,,,
6,s1cl4,1767117398.919580000,137,,,,,LLDP,,,,,,,,
6,s1cl4,1767117398.919657000,137,,,,,LLDP,,,,,,,,
6,s1cl4,1767117402.019157000,137,,,,,LLDP,,,,,,,,
6,s1cl4,1767117402.019199000,137,,,,,LLDP,,,,,,,,
6,s1cl4,1767117405.119092000,137,,,,,LLDP,,,,,,,,
6,s1cl4,1767117405.119136000,137,,,,,LLDP,,,,,,,,
6,s1cl4,1767117408.218703000,137,,,,,LLDP,,,,,,,,
6,s1cl4,1767117408.218786000,137,,,,,LLDP,,,,,,,,
6,s1cl4,1767117411.318761000,137,,,,,LLDP,,,,,,,,
6,s1cl4,1767117411.318815000,137,,,,,LLDP,,,,,,,,
6,s1cl4,1767117414.418839000,137,,,,,LLDP,,,,,,,,
6,s1cl4,1767117414.418892000,137,,,,,LLDP,,,,,,,,
6,s1cl4,1767117417.519328000,137,,,,,LLDP,,,,,,,,
6,s1cl4,1767117417.519422000,137,,,,,LLDP,,,,,,,,
6,s1cl4,1767117420.618406000,137,,,,,LLDP,,,,,,,,
6,s1cl4,1767117420.618449000,137,,,,,LLDP,,,,,,,,
6,s1cl4,1767117423.718797000,137,,,,,LLDP,,,,,,,,
6,s1cl4,1767117423.718854000,137,,,,,LLDP,,,,,,,,
6,s1cl4,1767117426.819099000,137,,,,,LLDP,,,,,,,,
6,s1cl4,1767117426.819142000,137,,,,,LLDP,,,,,,,,
6,s1cl4,1767117429.918781000,137,,,,,LLDP,,,,,,,,
6,s1cl4,1767117429.918839000,137,,,,,LLDP,,,,,,,,
6,s1cl4,1767117433.018538000,137,,,,,LLDP,,,,,,,,
6,s1cl4,1767117433.018601000,137,,,,,LLDP,,,,,,,,
6,s1cl4,1767117436.118849000,137,,,,,LLDP,,,,,,,,
6,s1cl4,1767117436.118903000,137,,,,,LLDP,,,,,,,,
6,s1cl4,1767117439.219095000,137,,,,,LLDP,,,,,,,,
6,s1cl4,1767117439.219176000,137,,,,,LLDP,,,,,,,,
6,s1cl4,1767117442.319233000,137,,,,,LLDP,,,,,,,,
6,s1cl4,1767117442.319284000,137,,,,,LLDP,,,,,,,,
6,s1cl4,1767117445.418958000,137,,,,,LLDP,,,,,,,,
6,s1cl4,1767117445.419006000,137,,,,,LLDP,,,,,,,,
6,s1cl4,1767117448.518525000,137,,,,,LLDP,,,,,,,,
6,s1cl4,1767117448.518581000,137,,,,,LLDP,,,,,,,,
6,s1cl4,1767117451.619234000,137,,,,,LLDP,,,,,,,,
6,s1cl4,1767117451.619276000,137,,,,,LLDP,,,,,,,,
6,s1cl4,1767117454.719042000,137,,,,,LLDP,,,,,,,,
6,s1cl4,1767117454.719087000,137,,,,,LLDP,,,,,,,,
6,s1cl5,1767117340.019476000,137,,,,,LLDP,,,,,,,,
6,s1cl5,1767117340.019553000,137,,,,,LLDP,,,,,,,,
6,s1cl5,1767117343.119191000,137,,,,,LLDP,,,,,,,,
6,s1cl5,1767117343.119233000,137,,,,,LLDP,,,,,,,,
6,s1cl5,1767117346.219012000,137,,,,,LLDP,,,,,,,,
6,s1cl5,1767117346.219060000,137,,,,,LLDP,,,,,,,,
6,s1cl5,1767117349.318886000,137,,,,,LLDP,,,,,,,,
6,s1cl5,1767117349.318955000,137,,,,,LLDP,,,,,,,,
6,s1cl5,1767117352.418796000,137,,,,,LLDP,,,,,,,,
6,s1cl5,1767117352.418890000,137,,,,,LLDP,,,,,,,,
6,s1cl5,1767117355.519296000,137,,,,,LLDP,,,,,,,,
6,s1cl5,1767117355.519375000,137,,,,,LLDP,,,,,,,,
6,s1cl5,1767117358.619456000,137,,,,,LLDP,,,,,,,,
6,s1cl5,1767117358.619513000,137,,,,,LLDP,,,,,,,,
6,s1cl5,1767117361.718610000,137,,,,,LLDP,,,,,,,,
6,s1cl5,1767117361.718654000,137,,,,,LLDP,,,,,,,,
6,s1cl5,1767117364.819460000,137,,,,,LLDP,,,,,,,,
6,s1cl5,1767117364.819503000,137,,,,,LLDP,,,,,,,,
6,s1cl5,1767117367.919195000,137,,,,,LLDP,,,,,,,,
6,s1cl5,1767117367.919243000,137,,,,,LLDP,,,,,,,,
6,s1cl5,1767117371.018503000,137,,,,,LLDP,,,,,,,,
6,s1cl5,1767117371.018544000,137,,,,,LLDP,,,,,,,,
6,s1cl5,1767117374.119518000,137,,,,,LLDP,,,,,,,,
6,s1cl5,1767117374.119562000,137,,,,,LLDP,,,,,,,,
6,s1cl5,1767117377.218842000,137,,,,,LLDP,,,,,,,,
6,s1cl5,1767117377.218883000,137,,,,,LLDP,,,,,,,,
6,s1cl5,1767117380.318137000,137,,,,,LLDP,,,,,,,,
6,s1cl5,1767117380.318181000,137,,,,,LLDP,,,,,,,,
6,s1cl5,1767117383.418801000,137,,,,,LLDP,,,,,,,,
6,s1cl5,1767117383.418873000,137,,,,,LLDP,,,,,,,,
6,s1cl5,1767117386.518885000,137,,,,,LLDP,,,,,,,,
6,s1cl5,1767117386.518925000,137,,,,,LLDP,,,,,,,,
6,s1cl5,1767117389.618684000,137,,,,,LLDP,,,,,,,,
6,s1cl5,1767117389.618768000,137,,,,,LLDP,,,,,,,,
6,s1cl5,1767117392.719400000,137,,,,,LLDP,,,,,,,,
6,s1cl5,1767117392.719455000,137,,,,,LLDP,,,,,,,,
6,s1cl5,1767117395.819697000,137,,,,,LLDP,,,,,,,,
6,s1cl5,1767117395.819739000,137,,,,,LLDP,,,,,,,,
6,s1cl5,1767117398.919735000,137,,,,,LLDP,,,,,,,,
6,s1cl5,1767117398.919820000,137,,,,,LLDP,,,,,,,,
6,s1cl5,1767117402.019239000,137,,,,,LLDP,,,,,,,,
6,s1cl5,1767117402.019281000,137,,,,,LLDP,,,,,,,,
6,s1cl5,1767117405.119191000,137,,,,,LLDP,,,,,,,,
6,s1cl5,1767117405.119249000,137,,,,,LLDP,,,,,,,,
6,s1cl5,1767117408.218830000,137,,,,,LLDP,,,,,,,,
6,s1cl5,1767117408.218873000,137,,,,,LLDP,,,,,,,,
6,s1cl5,1767117411.318869000,137,,,,,LLDP,,,,,,,,
6,s1cl5,1767117411.318926000,137,,,,,LLDP,,,,,,,,
6,s1cl5,1767117414.418935000,137,,,,,LLDP,,,,,,,,
6,s1cl5,1767117414.418999000,137,,,,,LLDP,,,,,,,,
6,s1cl5,1767117417.519512000,137,,,,,LLDP,,,,,,,,
6,s1cl5,1767117417.519599000,137,,,,,LLDP,,,,,,,,
6,s1cl5,1767117420.618488000,137,,,,,LLDP,,,,,,,,
6,s1cl5,1767117420.618529000,137,,,,,LLDP,,,,,,,,
6,s1cl5,1767117423.718906000,137,,,,,LLDP,,,,,,,,
6,s1cl5,1767117423.718966000,137,,,,,LLDP,,,,,,,,
6,s1cl5,1767117426.819181000,137,,,,,LLDP,,,,,,,,
6,s1cl5,1767117426.819222000,137,,,,,LLDP,,,,,,,,
6,s1cl5,1767117429.918894000,137,,,,,LLDP,,,,,,,,
6,s1cl5,1767117429.918950000,137,,,,,LLDP,,,,,,,,
6,s1cl5,1767117433.018652000,137,,,,,LLDP,,,,,,,,
6,s1cl5,1767117433.018695000,137,,,,,LLDP,,,,,,,,
6,s1cl5,1767117436.118959000,137,,,,,LLDP,,,,,,,,
6,s1cl5,1767117436.119004000,137,,,,,LLDP,,,,,,,,
6,s1cl5,1767117439.219228000,137,,,,,LLDP,,,,,,,,
6,s1cl5,1767117439.219633000,137,,,,,LLDP,,,,,,,,
6,s1cl5,1767117442.319341000,137,,,,,LLDP,,,,,,,,
6,s1cl5,1767117442.319382000,137,,,,,LLDP,,,,,,,,
6,s1cl5,1767117445.419062000,137,,,,,LLDP,,,,,,,,
6,s1cl5,1767117445.419106000,137,,,,,LLDP,,,,,,,,
6,s1cl5,1767117448.518621000,137,,,,,LLDP,,,,,,,,
6,s1cl5,1767117448.518663000,137,,,,,LLDP,,,,,,,,
6,s1cl5,1767117451.619317000,137,,,,,LLDP,,,,,,,,
6,s1cl5,1767117451.619358000,137,,,,,LLDP,,,,,,,,
6,s1cl5,1767117454.719127000,137,,,,,LLDP,,,,,,,,
6,s1cl5,1767117454.719170000,137,,,,,LLDP,,,,,,,,
6,s1cl6,1767117340.019629000,137,,,,,LLDP,,,,,,,,
6,s1cl6,1767117340.019727000,137,,,,,LLDP,,,,,,,,
6,s1cl6,1767117343.119273000,137,,,,,LLDP,,,,,,,,
6,s1cl6,1767117343.119314000,137,,,,,LLDP,,,,,,,,
6,s1cl6,1767117346.219100000,137,,,,,LLDP,,,,,,,,
6,s1cl6,1767117346.219141000,137,,,,,LLDP,,,,,,,,
6,s1cl6,1767117349.319023000,137,,,,,LLDP,,,,,,,,
6,s1cl6,1767117349.319071000,137,,,,,LLDP,,,,,,,,
6,s1cl6,1767117352.418971000,137,,,,,LLDP,,,,,,,,
6,s1cl6,1767117352.419070000,137,,,,,LLDP,,,,,,,,
6,s1cl6,1767117355.519433000,137,,,,,LLDP,,,,,,,,
6,s1cl6,1767117355.519476000,137,,,,,LLDP,,,,,,,,
6,s1cl6,1767117358.619554000,137,,,,,LLDP,,,,,,,,
6,s1cl6,1767117358.619597000,137,,,,,LLDP,,,,,,,,
6,s1cl6,1767117361.718696000,137,,,,,LLDP,,,,,,,,
6,s1cl6,1767117361.718772000,137,,,,,LLDP,,,,,,,,
6,s1cl6,1767117364.819544000,137,,,,,LLDP,,,,,,,,
6,s1cl6,1767117364.819588000,137,,,,,LLDP,,,,,,,,
6,s1cl6,1767117367.919282000,137,,,,,LLDP,,,,,,,,
6,s1cl6,1767117367.919321000,137,,,,,LLDP,,,,,,,,
6,s1cl6,1767117371.018589000,137,,,,,LLDP,,,,,,,,
6,s1cl6,1767117371.018630000,137,,,,,LLDP,,,,,,,,
6,s1cl6,1767117374.119605000,137,,,,,LLDP,,,,,,,,
6,s1cl6,1767117374.119648000,137,,,,,LLDP,,,,,,,,
6,s1cl6,1767117377.218922000,137,,,,,LLDP,,,,,,,,
6,s1cl6,1767117377.218988000,137,,,,,LLDP,,,,,,,,
6,s1cl6,1767117380.318235000,137,,,,,LLDP,,,,,,,,
6,s1cl6,1767117380.318277000,137,,,,,LLDP,,,,,,,,
6,s1cl6,1767117383.418941000,137,,,,,LLDP,,,,,,,,
6,s1cl6,1767117383.419013000,137,,,,,LLDP,,,,,,,,
6,s1cl6,1767117386.518989000,137,,,,,LLDP,,,,,,,,
6,s1cl6,1767117386.519037000,137,,,,,LLDP,,,,,,,,
6,s1cl6,1767117389.618831000,137,,,,,LLDP,,,,,,,,
6,s1cl6,1767117389.618872000,137,,,,,LLDP,,,,,,,,
6,s1cl6,1767117392.719496000,137,,,,,LLDP,,,,,,,,
6,s1cl6,1767117392.719549000,137,,,,,LLDP,,,,,,,,
6,s1cl6,1767117395.819779000,137,,,,,LLDP,,,,,,,,
6,s1cl6,1767117395.819821000,137,,,,,LLDP,,,,,,,,
6,s1cl6,1767117398.919887000,137,,,,,LLDP,,,,,,,,
6,s1cl6,1767117398.919965000,137,,,,,LLDP,,,,,,,,
6,s1cl6,1767117402.019320000,137,,,,,LLDP,,,,,,,,
6,s1cl6,1767117402.019361000,137,,,,,LLDP,,,,,,,,
6,s1cl6,1767117405.119291000,137,,,,,LLDP,,,,,,,,
6,s1cl6,1767117405.119333000,137,,,,,LLDP,,,,,,,,
6,s1cl6,1767117408.218924000,137,,,,,LLDP,,,,,,,,
6,s1cl6,1767117408.218987000,137,,,,,LLDP,,,,,,,,
6,s1cl6,1767117411.318998000,137,,,,,LLDP,,,,,,,,
6,s1cl6,1767117411.319042000,137,,,,,LLDP,,,,,,,,
6,s1cl6,1767117414.419048000,137,,,,,LLDP,,,,,,,,
6,s1cl6,1767117414.419091000,137,,,,,LLDP,,,,,,,,
6,s1cl6,1767117417.519662000,137,,,,,LLDP,,,,,,,,
6,s1cl6,1767117417.519706000,137,,,,,LLDP,,,,,,,,
6,s1cl6,1767117420.618568000,137,,,,,LLDP,,,,,,,,
6,s1cl6,1767117420.618608000,137,,,,,LLDP,,,,,,,,
6,s1cl6,1767117423.719011000,137,,,,,LLDP,,,,,,,,
6,s1cl6,1767117423.719052000,137,,,,,LLDP,,,,,,,,
6,s1cl6,1767117426.819261000,137,,,,,LLDP,,,,,,,,
6,s1cl6,1767117426.819309000,137,,,,,LLDP,,,,,,,,
6,s1cl6,1767117429.919001000,137,,,,,LLDP,,,,,,,,
6,s1cl6,1767117429.919042000,137,,,,,LLDP,,,,,,,,
6,s1cl6,1767117433.018762000,137,,,,,LLDP,,,,,,,,
6,s1cl6,1767117433.018807000,137,,,,,LLDP,,,,,,,,
6,s1cl6,1767117436.119045000,137,,,,,LLDP,,,,,,,,
6,s1cl6,1767117436.119085000,137,,,,,LLDP,,,,,,,,
6,s1cl6,1767117439.219683000,137,,,,,LLDP,,,,,,,,
6,s1cl6,1767117439.219756000,137,,,,,LLDP,,,,,,,,
6,s1cl6,1767117442.319421000,137,,,,,LLDP,,,,,,,,
6,s1cl6,1767117442.319461000,137,,,,,LLDP,,,,,,,,
6,s1cl6,1767117445.419160000,137,,,,,LLDP,,,,,,,,
6,s1cl6,1767117445.419202000,137,,,,,LLDP,,,,,,,,
6,s1cl6,1767117448.518704000,137,,,,,LLDP,,,,,,,,
6,s1cl6,1767117448.518777000,137,,,,,LLDP,,,,,,,,
6,s1cl6,1767117451.619398000,137,,,,,LLDP,,,,,,,,
6,s1cl6,1767117451.619439000,137,,,,,LLDP,,,,,,,,
6,s1cl6,1767117454.719211000,137,,,,,LLDP,,,,,,,,
6,s1cl6,1767117454.719253000,137,,,,,LLDP,,,,,,,,
6,s1cl7,1767117340.019834000,137,,,,,LLDP,,,,,,,,
6,s1cl7,1767117340.019961000,137,,,,,LLDP,,,,,,,,
6,s1cl7,1767117343.119353000,137,,,,,LLDP,,,,,,,,
6,s1cl7,1767117343.119460000,137,,,,,LLDP,,,,,,,,
6,s1cl7,1767117346.219180000,137,,,,,LLDP,,,,,,,,
6,s1cl7,1767117346.219248000,137,,,,,LLDP,,,,,,,,
6,s1cl7,1767117349.319112000,137,,,,,LLDP,,,,,,,,
6,s1cl7,1767117349.319180000,137,,,,,LLDP,,,,,,,,
6,s1cl7,1767117352.419148000,137,,,,,LLDP,,,,,,,,
6,s1cl7,1767117352.419271000,137,,,,,LLDP,,,,,,,,
6,s1cl7,1767117355.519515000,137,,,,,LLDP,,,,,,,,
6,s1cl7,1767117355.519580000,137,,,,,LLDP,,,,,,,,
6,s1cl7,1767117358.619637000,137,,,,,LLDP,,,,,,,,
6,s1cl7,1767117358.619703000,137,,,,,LLDP,,,,,,,,
6,s1cl7,1767117361.718835000,137,,,,,LLDP,,,,,,,,
6,s1cl7,1767117361.718920000,137,,,,,LLDP,,,,,,,,
6,s1cl7,1767117364.819629000,137,,,,,LLDP,,,,,,,,
6,s1cl7,1767117364.819700000,137,,,,,LLDP,,,,,,,,
6,s1cl7,1767117367.919359000,137,,,,,LLDP,,,,,,,,
6,s1cl7,1767117367.919433000,137,,,,,LLDP,,,,,,,,
6,s1cl7,1767117371.018670000,137,,,,,LLDP,,,,,,,,
6,s1cl7,1767117371.018800000,137,,,,,LLDP,,,,,,,,
6,s1cl7,1767117374.119690000,137,,,,,LLDP,,,,,,,,
6,s1cl7,1767117374.119761000,137,,,,,LLDP,,,,,,,,
6,s1cl7,1767117377.219046000,137,,,,,LLDP,,,,,,,,
6,s1cl7,1767117377.219122000,137,,,,,LLDP,,,,,,,,
6,s1cl7,1767117380.318356000,137,,,,,LLDP,,,,,,,,
6,s1cl7,1767117380.318625000,137,,,,,LLDP,,,,,,,,
6,s1cl7,1767117383.419062000,137,,,,,LLDP,,,,,,,,
6,s1cl7,1767117383.419141000,137,,,,,LLDP,,,,,,,,
6,s1cl7,1767117386.519089000,137,,,,,LLDP,,,,,,,,
6,s1cl7,1767117386.519161000,137,,,,,LLDP,,,,,,,,
6,s1cl7,1767117389.618912000,137,,,,,LLDP,,,,,,,,
6,s1cl7,1767117389.618993000,137,,,,,LLDP,,,,,,,,
6,s1cl7,1767117392.719601000,137,,,,,LLDP,,,,,,,,
6,s1cl7,1767117392.719669000,137,,,,,LLDP,,,,,,,,
6,s1cl7,1767117395.819861000,137,,,,,LLDP,,,,,,,,
6,s1cl7,1767117395.819932000,137,,,,,LLDP,,,,,,,,
6,s1cl7,1767117398.920041000,137,,,,,LLDP,,,,,,,,
6,s1cl7,1767117398.920158000,137,,,,,LLDP,,,,,,,,
6,s1cl7,1767117402.019401000,137,,,,,LLDP,,,,,,,,
6,s1cl7,1767117402.019468000,137,,,,,LLDP,,,,,,,,
6,s1cl7,1767117405.119374000,137,,,,,LLDP,,,,,,,,
6,s1cl7,1767117405.119446000,137,,,,,LLDP,,,,,,,,
6,s1cl7,1767117408.219032000,137,,,,,LLDP,,,,,,,,
6,s1cl7,1767117408.219108000,137,,,,,LLDP,,,,,,,,
6,s1cl7,1767117411.319083000,137,,,,,LLDP,,,,,,,,
6,s1cl7,1767117411.319150000,137,,,,,LLDP,,,,,,,,
6,s1cl7,1767117414.419133000,137,,,,,LLDP,,,,,,,,
6,s1cl7,1767117414.419216000,137,,,,,LLDP,,,,,,,,
6,s1cl7,1767117417.519745000,137,,,,,LLDP,,,,,,,,
6,s1cl7,1767117417.519829000,137,,,,,LLDP,,,,,,,,
6,s1cl7,1767117420.618648000,137,,,,,LLDP,,,,,,,,
6,s1cl7,1767117420.618748000,137,,,,,LLDP,,,,,,,,
6,s1cl7,1767117423.719092000,137,,,,,LLDP,,,,,,,,
6,s1cl7,1767117423.719166000,137,,,,,LLDP,,,,,,,,
6,s1cl7,1767117426.819355000,137,,,,,LLDP,,,,,,,,
6,s1cl7,1767117426.819428000,137,,,,,LLDP,,,,,,,,
6,s1cl7,1767117429.919082000,137,,,,,LLDP,,,,,,,,
6,s1cl7,1767117429.919152000,137,,,,,LLDP,,,,,,,,
6,s1cl7,1767117433.018855000,137,,,,,LLDP,,,,,,,,
6,s1cl7,1767117433.018926000,137,,,,,LLDP,,,,,,,,
6,s1cl7,1767117436.119125000,137,,,,,LLDP,,,,,,,,
6,s1cl7,1767117436.119195000,137,,,,,LLDP,,,,,,,,
6,s1cl7,1767117439.219927000,137,,,,,LLDP,,,,,,,,
6,s1cl7,1767117439.220023000,137,,,,,LLDP,,,,,,,,
6,s1cl7,1767117442.319500000,137,,,,,LLDP,,,,,,,,
6,s1cl7,1767117442.319570000,137,,,,,LLDP,,,,,,,,
6,s1cl7,1767117445.419243000,137,,,,,LLDP,,,,,,,,
6,s1cl7,1767117445.419299000,137,,,,,LLDP,,,,,,,,
6,s1cl7,1767117448.518837000,137,,,,,LLDP,,,,,,,,
6,s1cl7,1767117448.518904000,137,,,,,LLDP,,,,,,,,
6,s1cl7,1767117451.619479000,137,,,,,LLDP,,,,,,,,
6,s1cl7,1767117451.619559000,137,,,,,LLDP,,,,,,,,
6,s1cl7,1767117454.719293000,137,,,,,LLDP,,,,,,,,
6,s1cl7,1767117454.719362000,137,,,,,LLDP,,,,,,,,
6,s2cl10,1767117340.119889000,138,,,,,LLDP,,,,,,,,
6,s2cl10,1767117340.120025000,138,,,,,LLDP,,,,,,,,
6,s2cl10,1767117343.219056000,138,,,,,LLDP,,,,,,,,
6,s2cl10,1767117343.219099000,138,,,,,LLDP,,,,,,,,
6,s2cl10,1767117346.320227000,138,,,,,LLDP,,,,,,,,
6,s2cl10,1767117346.320302000,138,,,,,LLDP,,,,,,,,
6,s2cl10,1767117349.420227000,138,,,,,LLDP,,,,,,,,
6,s2cl10,1767117349.420378000,138,,,,,LLDP,,,,,,,,
6,s2cl10,1767117352.520081000,138,,,,,LLDP,,,,,,,,
6,s2cl10,1767117352.520189000,138,,,,,LLDP,,,,,,,,
6,s2cl10,1767117355.619800000,138,,,,,LLDP,,,,,,,,
6,s2cl10,1767117355.619870000,138,,,,,LLDP,,,,,,,,
6,s2cl10,1767117358.719416000,138,,,,,LLDP,,,,,,,,
6,s2cl10,1767117358.719489000,138,,,,,LLDP,,,,,,,,
6,s2cl10,1767117361.819338000,138,,,,,LLDP,,,,,,,,
6,s2cl10,1767117361.819412000,138,,,,,LLDP,,,,,,,,
6,s2cl10,1767117364.920765000,138,,,,,LLDP,,,,,,,,
6,s2cl10,1767117364.920805000,138,,,,,LLDP,,,,,,,,
6,s2cl10,1767117368.019557000,138,,,,,LLDP,,,,,,,,
6,s2cl10,1767117368.019625000,138,,,,,LLDP,,,,,,,,
6,s2cl10,1767117371.119347000,138,,,,,LLDP,,,,,,,,
6,s2cl10,1767117371.119428000,138,,,,,LLDP,,,,,,,,
6,s2cl10,1767117374.220502000,138,,,,,LLDP,,,,,,,,
6,s2cl10,1767117374.220544000,138,,,,,LLDP,,,,,,,,
6,s2cl10,1767117377.320508000,138,,,,,LLDP,,,,,,,,
6,s2cl10,1767117377.320592000,138,,,,,LLDP,,,,,,,,
6,s2cl10,1767117380.420125000,138,,,,,LLDP,,,,,,,,
6,s2cl10,1767117380.420204000,138,,,,,LLDP,,,,,,,,
6,s2cl10,1767117383.520543000,138,,,,,LLDP,,,,,,,,
6,s2cl10,1767117383.520645000,138,,,,,LLDP,,,,,,,,
6,s2cl10,1767117386.623415000,138,,,,,LLDP,,,,,,,,
6,s2cl10,1767117386.623481000,138,,,,,LLDP,,,,,,,,
6,s2cl10,1767117389.719996000,138,,,,,LLDP,,,,,,,,
6,s2cl10,1767117389.720042000,138,,,,,LLDP,,,,,,,,
6,s2cl10,1767117392.819242000,138,,,,,LLDP,,,,,,,,
6,s2cl10,1767117392.819284000,138,,,,,LLDP,,,,,,,,
6,s2cl10,1767117395.920706000,138,,,,,LLDP,,,,,,,,
6,s2cl10,1767117395.920750000,138,,,,,LLDP,,,,,,,,
6,s2cl10,1767117399.020817000,138,,,,,LLDP,,,,,,,,
6,s2cl10,1767117399.020858000,138,,,,,LLDP,,,,,,,,
6,s2cl10,1767117402.119397000,138,,,,,LLDP,,,,,,,,
6,s2cl10,1767117402.119439000,138,,,,,LLDP,,,,,,,,
6,s2cl10,1767117405.220236000,138,,,,,LLDP,,,,,,,,
6,s2cl10,1767117405.220291000,138,,,,,LLDP,,,,,,,,
6,s2cl10,1767117408.320157000,138,,,,,LLDP,,,,,,,,
6,s2cl10,1767117408.320196000,138,,,,,LLDP,,,,,,,,
6,s2cl10,1767117411.419663000,138,,,,,LLDP,,,,,,,,
6,s2cl10,1767117411.419705000,138,,,,,LLDP,,,,,,,,
6,s2cl10,1767117414.519554000,138,,,,,LLDP,,,,,,,,
6,s2cl10,1767117414.519596000,138,,,,,LLDP,,,,,,,,
6,s2cl10,1767117417.619187000,138,,,,,LLDP,,,,,,,,
6,s2cl10,1767117417.619228000,138,,,,,LLDP,,,,,,,,
6,s2cl10,1767117420.719918000,138,,,,,LLDP,,,,,,,,
6,s2cl10,1767117420.720013000,138,,,,,LLDP,,,,,,,,
6,s2cl10,1767117423.820005000,138,,,,,LLDP,,,,,,,,
6,s2cl10,1767117423.820053000,138,,,,,LLDP,,,,,,,,
6,s2cl10,1767117426.919664000,138,,,,,LLDP,,,,,,,,
6,s2cl10,1767117426.919902000,138,,,,,LLDP,,,,,,,,
6,s2cl10,1767117430.019084000,138,,,,,LLDP,,,,,,,,
6,s2cl10,1767117430.019155000,138,,,,,LLDP,,,,,,,,
6,s2cl10,1767117433.119795000,138,,,,,LLDP,,,,,,,,
6,s2cl10,1767117433.119842000,138,,,,,LLDP,,,,,,,,
6,s2cl10,1767117436.220242000,138,,,,,LLDP,,,,,,,,
6,s2cl10,1767117436.220283000,138,,,,,LLDP,,,,,,,,
6,s2cl10,1767117439.319681000,138,,,,,LLDP,,,,,,,,
6,s2cl10,1767117439.319724000,138,,,,,LLDP,,,,,,,,
6,s2cl10,1767117442.419280000,138,,,,,LLDP,,,,,,,,
6,s2cl10,1767117442.419321000,138,,,,,LLDP,,,,,,,,
6,s2cl10,1767117445.519080000,138,,,,,LLDP,,,,,,,,
6,s2cl10,1767117445.519120000,138,,,,,LLDP,,,,,,,,
6,s2cl10,1767117448.619538000,138,,,,,LLDP,,,,,,,,
6,s2cl10,1767117448.619592000,138,,,,,LLDP,,,,,,,,
6,s2cl10,1767117451.719011000,138,,,,,LLDP,,,,,,,,
6,s2cl10,1767117451.719056000,138,,,,,LLDP,,,,,,,,
6,s2cl10,1767117454.819756000,138,,,,,LLDP,,,,,,,,
6,s2cl10,1767117454.819823000,138,,,,,LLDP,,,,,,,,
6,s2cl8,1767117340.119531000,137,,,,,LLDP,,,,,,,,
6,s2cl8,1767117340.119616000,137,,,,,LLDP,,,,,,,,
6,s2cl8,1767117343.218821000,137,,,,,LLDP,,,,,,,,
6,s2cl8,1767117343.218874000,137,,,,,LLDP,,,,,,,,
6,s2cl8,1767117346.319971000,137,,,,,LLDP,,,,,,,,
6,s2cl8,1767117346.320095000,137,,,,,LLDP,,,,,,,,
6,s2cl8,1767117349.419851000,137,,,,,LLDP,,,,,,,,
6,s2cl8,1767117349.419947000,137,,,,,LLDP,,,,,,,,
6,s2cl8,1767117352.519834000,137,,,,,LLDP,,,,,,,,
6,s2cl8,1767117352.519910000,137,,,,,LLDP,,,,,,,,
6,s2cl8,1767117355.619542000,137,,,,,LLDP,,,,,,,,
6,s2cl8,1767117355.619624000,137,,,,,LLDP,,,,,,,,
6,s2cl8,1767117358.719231000,137,,,,,LLDP,,,,,,,,
6,s2cl8,1767117358.719274000,137,,,,,LLDP,,,,,,,,
6,s2cl8,1767117361.819019000,137,,,,,LLDP,,,,,,,,
6,s2cl8,1767117361.819095000,137,,,,,LLDP,,,,,,,,
6,s2cl8,1767117364.919952000,137,,,,,LLDP,,,,,,,,
6,s2cl8,1767117364.920070000,137,,,,,LLDP,,,,,,,,
6,s2cl8,1767117368.019374000,137,,,,,LLDP,,,,,,,,
6,s2cl8,1767117368.019416000,137,,,,,LLDP,,,,,,,,
6,s2cl8,1767117371.119171000,137,,,,,LLDP,,,,,,,,
6,s2cl8,1767117371.119218000,137,,,,,LLDP,,,,,,,,
6,s2cl8,1767117374.220319000,137,,,,,LLDP,,,,,,,,
6,s2cl8,1767117374.220365000,137,,,,,LLDP,,,,,,,,
6,s2cl8,1767117377.320042000,137,,,,,LLDP,,,,,,,,
6,s2cl8,1767117377.320096000,137,,,,,LLDP,,,,,,,,
6,s2cl8,1767117380.419768000,137,,,,,LLDP,,,,,,,,
6,s2cl8,1767117380.419824000,137,,,,,LLDP,,,,,,,,
6,s2cl8,1767117383.520337000,137,,,,,LLDP,,,,,,,,
6,s2cl8,1767117383.520399000,137,,,,,LLDP,,,,,,,,
6,s2cl8,1767117386.623091000,137,,,,,LLDP,,,,,,,,
6,s2cl8,1767117386.623165000,137,,,,,LLDP,,,,,,,,
6,s2cl8,1767117389.719563000,137,,,,,LLDP,,,,,,,,
6,s2cl8,1767117389.719647000,137,,,,,LLDP,,,,,,,,
6,s2cl8,1767117392.819018000,137,,,,,LLDP,,,,,,,,
6,s2cl8,1767117392.819063000,137,,,,,LLDP,,,,,,,,
6,s2cl8,1767117395.920525000,137,,,,,LLDP,,,,,,,,
6,s2cl8,1767117395.920572000,137,,,,,LLDP,,,,,,,,
6,s2cl8,1767117399.020616000,137,,,,,LLDP,,,,,,,,
6,s2cl8,1767117399.020670000,137,,,,,LLDP,,,,,,,,
6,s2cl8,1767117402.119157000,137,,,,,LLDP,,,,,,,,
6,s2cl8,1767117402.119202000,137,,,,,LLDP,,,,,,,,
6,s2cl8,1767117405.220046000,137,,,,,LLDP,,,,,,,,
6,s2cl8,1767117405.220095000,137,,,,,LLDP,,,,,,,,
6,s2cl8,1767117408.319962000,137,,,,,LLDP,,,,,,,,
6,s2cl8,1767117408.320027000,137,,,,,LLDP,,,,,,,,
6,s2cl8,1767117411.419468000,137,,,,,LLDP,,,,,,,,
6,s2cl8,1767117411.419514000,137,,,,,LLDP,,,,,,,,
6,s2cl8,1767117414.519371000,137,,,,,LLDP,,,,,,,,
6,s2cl8,1767117414.519415000,137,,,,,LLDP,,,,,,,,
6,s2cl8,1767117417.619016000,137,,,,,LLDP,,,,,,,,
6,s2cl8,1767117417.619068000,137,,,,,LLDP,,,,,,,,
6,s2cl8,1767117420.719724000,137,,,,,LLDP,,,,,,,,
6,s2cl8,1767117420.719767000,137,,,,,LLDP,,,,,,,,
6,s2cl8,1767117423.819789000,137,,,,,LLDP,,,,,,,,
6,s2cl8,1767117423.819834000,137,,,,,LLDP,,,,,,,,
6,s2cl8,1767117426.919423000,137,,,,,LLDP,,,,,,,,
6,s2cl8,1767117426.919507000,137,,,,,LLDP,,,,,,,,
6,s2cl8,1767117430.018857000,137,,,,,LLDP,,,,,,,,
6,s2cl8,1767117430.018901000,137,,,,,LLDP,,,,,,,,
6,s2cl8,1767117433.119534000,137,,,,,LLDP,,,,,,,,
6,s2cl8,1767117433.119620000,137,,,,,LLDP,,,,,,,,
6,s2cl8,1767117436.219985000,137,,,,,LLDP,,,,,,,,
6,s2cl8,1767117436.220039000,137,,,,,LLDP,,,,,,,,
6,s2cl8,1767117439.319516000,137,,,,,LLDP,,,,,,,,
6,s2cl8,1767117439.319561000,137,,,,,LLDP,,,,,,,,
6,s2cl8,1767117442.419114000,137,,,,,LLDP,,,,,,,,
6,s2cl8,1767117442.419158000,137,,,,,LLDP,,,,,,,,
6,s2cl8,1767117445.518884000,137,,,,,LLDP,,,,,,,,
6,s2cl8,1767117445.518928000,137,,,,,LLDP,,,,,,,,
6,s2cl8,1767117448.619364000,137,,,,,LLDP,,,,,,,,
6,s2cl8,1767117448.619410000,137,,,,,LLDP,,,,,,,,
6,s2cl8,1767117451.718788000,137,,,,,LLDP,,,,,,,,
6,s2cl8,1767117451.718833000,137,,,,,LLDP,,,,,,,,
6,s2cl8,1767117454.819596000,137,,,,,LLDP,,,,,,,,
6,s2cl8,1767117454.819641000,137,,,,,LLDP,,,,,,,,
6,s2cl9,1767117340.119711000,137,,,,,LLDP,,,,,,,,
6,s2cl9,1767117340.119808000,137,,,,,LLDP,,,,,,,,
6,s2cl9,1767117343.218928000,137,,,,,LLDP,,,,,,,,
6,s2cl9,1767117343.218982000,137,,,,,LLDP,,,,,,,,
6,s2cl9,1767117346.320144000,137,,,,,LLDP,,,,,,,,
6,s2cl9,1767117346.320184000,137,,,,,LLDP,,,,,,,,
6,s2cl9,1767117349.420052000,137,,,,,LLDP,,,,,,,,
6,s2cl9,1767117349.420137000,137,,,,,LLDP,,,,,,,,
6,s2cl9,1767117352.519972000,137,,,,,LLDP,,,,,,,,
6,s2cl9,1767117352.520036000,137,,,,,LLDP,,,,,,,,
6,s2cl9,1767117355.619694000,137,,,,,LLDP,,,,,,,,
6,s2cl9,1767117355.619758000,137,,,,,LLDP,,,,,,,,
6,s2cl9,1767117358.719313000,137,,,,,LLDP,,,,,,,,
6,s2cl9,1767117358.719365000,137,,,,,LLDP,,,,,,,,
6,s2cl9,1767117361.819171000,137,,,,,LLDP,,,,,,,,
6,s2cl9,1767117361.819256000,137,,,,,LLDP,,,,,,,,
6,s2cl9,1767117364.920681000,137,,,,,LLDP,,,,,,,,
6,s2cl9,1767117364.920726000,137,,,,,LLDP,,,,,,,,
6,s2cl9,1767117368.019467000,137,,,,,LLDP,,,,,,,,
6,s2cl9,1767117368.019518000,137,,,,,LLDP,,,,,,,,
6,s2cl9,1767117371.119262000,137,,,,,LLDP,,,,,,,,
6,s2cl9,1767117371.119305000,137,,,,,LLDP,,,,,,,,
6,s2cl9,1767117374.220406000,137,,,,,LLDP,,,,,,,,
6,s2cl9,1767117374.220449000,137,,,,,LLDP,,,,,,,,
6,s2cl9,1767117377.320175000,137,,,,,LLDP,,,,,,,,
6,s2cl9,1767117377.320217000,137,,,,,LLDP,,,,,,,,
6,s2cl9,1767117380.419865000,137,,,,,LLDP,,,,,,,,
6,s2cl9,1767117380.419940000,137,,,,,LLDP,,,,,,,,
6,s2cl9,1767117383.520444000,137,,,,,LLDP,,,,,,,,
6,s2cl9,1767117383.520500000,137,,,,,LLDP,,,,,,,,
6,s2cl9,1767117386.623240000,137,,,,,LLDP,,,,,,,,
6,s2cl9,1767117386.623350000,137,,,,,LLDP,,,,,,,,
6,s2cl9,1767117389.719688000,137,,,,,LLDP,,,,,,,,
6,s2cl9,1767117389.719908000,137,,,,,LLDP,,,,,,,,
6,s2cl9,1767117392.819104000,137,,,,,LLDP,,,,,,,,
6,s2cl9,1767117392.819197000,137,,,,,LLDP,,,,,,,,
6,s2cl9,1767117395.920622000,137,,,,,LLDP,,,,,,,,
6,s2cl9,1767117395.920665000,137,,,,,LLDP,,,,,,,,
6,s2cl9,1767117399.020709000,137,,,,,LLDP,,,,,,,,
6,s2cl9,1767117399.020776000,137,,,,,LLDP,,,,,,,,
6,s2cl9,1767117402.119255000,137,,,,,LLDP,,,,,,,,
6,s2cl9,1767117402.119349000,137,,,,,LLDP,,,,,,,,
6,s2cl9,1767117405.220154000,137,,,,,LLDP,,,,,,,,
6,s2cl9,1767117405.220196000,137,,,,,LLDP,,,,,,,,
6,s2cl9,1767117408.320080000,137,,,,,LLDP,,,,,,,,
6,s2cl9,1767117408.320119000,137,,,,,LLDP,,,,,,,,
6,s2cl9,1767117411.419556000,137,,,,,LLDP,,,,,,,,
6,s2cl9,1767117411.419610000,137,,,,,LLDP,,,,,,,,
6,s2cl9,1767117414.519454000,137,,,,,LLDP,,,,,,,,
6,s2cl9,1767117414.519502000,137,,,,,LLDP,,,,,,,,
6,s2cl9,1767117417.619108000,137,,,,,LLDP,,,,,,,,
6,s2cl9,1767117417.619149000,137,,,,,LLDP,,,,,,,,
6,s2cl9,1767117420.719818000,137,,,,,LLDP,,,,,,,,
6,s2cl9,1767117420.719867000,137,,,,,LLDP,,,,,,,,
6,s2cl9,1767117423.819875000,137,,,,,LLDP,,,,,,,,
6,s2cl9,1767117423.819917000,137,,,,,LLDP,,,,,,,,
6,s2cl9,1767117426.919560000,137,,,,,LLDP,,,,,,,,
6,s2cl9,1767117426.919622000,137,,,,,LLDP,,,,,,,,
6,s2cl9,1767117430.018968000,137,,,,,LLDP,,,,,,,,
6,s2cl9,1767117430.019031000,137,,,,,LLDP,,,,,,,,
6,s2cl9,1767117433.119695000,137,,,,,LLDP,,,,,,,,
6,s2cl9,1767117433.119757000,137,,,,,LLDP,,,,,,,,
6,s2cl9,1767117436.220124000,137,,,,,LLDP,,,,,,,,
6,s2cl9,1767117436.220166000,137,,,,,LLDP,,,,,,,,
6,s2cl9,1767117439.319600000,137,,,,,LLDP,,,,,,,,
6,s2cl9,1767117439.319641000,137,,,,,LLDP,,,,,,,,
6,s2cl9,1767117442.419199000,137,,,,,LLDP,,,,,,,,
6,s2cl9,1767117442.419240000,137,,,,,LLDP,,,,,,,,
6,s2cl9,1767117445.519004000,137,,,,,LLDP,,,,,,,,
6,s2cl9,1767117445.519044000,137,,,,,LLDP,,,,,,,,
6,s2cl9,1767117448.619449000,137,,,,,LLDP,,,,,,,,
6,s2cl9,1767117448.619489000,137,,,,,LLDP,,,,,,,,
6,s2cl9,1767117451.718873000,137,,,,,LLDP,,,,,,,,
6,s2cl9,1767117451.718919000,137,,,,,LLDP,,,,,,,,
6,s2cl9,1767117454.819679000,137,,,,,LLDP,,,,,,,,
6,s2cl9,1767117454.819718000,137,,,,,LLDP,,,,,,,,
7,s0cl0,1767117467.218280000,137,,,,,LLDP,,,,,,,,
7,s0cl0,1767117467.218356000,137,,,,,LLDP,,,,,,,,
7,s0cl0,1767117470.318029000,137,,,,,LLDP,,,,,,,,
7,s0cl0,1767117470.318097000,137,,,,,LLDP,,,,,,,,
7,s0cl0,1767117473.418748000,137,,,,,LLDP,,,,,,,,
7,s0cl0,1767117473.418794000,137,,,,,LLDP,,,,,,,,
7,s0cl0,1767117476.518043000,137,,,,,LLDP,,,,,,,,
7,s0cl0,1767117476.518108000,137,,,,,LLDP,,,,,,,,
7,s0cl0,1767117479.618687000,137,,,,,LLDP,,,,,,,,
7,s0cl0,1767117479.618767000,137,,,,,LLDP,,,,,,,,
7,s0cl0,1767117482.718502000,137,,,,,LLDP,,,,,,,,
7,s0cl0,1767117482.718614000,137,,,,,LLDP,,,,,,,,
7,s0cl0,1767117485.818440000,137,,,,,LLDP,,,,,,,,
7,s0cl0,1767117485.818495000,137,,,,,LLDP,,,,,,,,
7,s0cl0,1767117488.918662000,137,,,,,LLDP,,,,,,,,
7,s0cl0,1767117488.918734000,137,,,,,LLDP,,,,,,,,
7,s0cl0,1767117492.018760000,137,,,,,LLDP,,,,,,,,
7,s0cl0,1767117492.018818000,137,,,,,LLDP,,,,,,,,
7,s0cl0,1767117495.118467000,137,,,,,LLDP,,,,,,,,
7,s0cl0,1767117495.118539000,137,,,,,LLDP,,,,,,,,
7,s0cl0,1767117498.218355000,137,,,,,LLDP,,,,,,,,
7,s0cl0,1767117498.218427000,137,,,,,LLDP,,,,,,,,
7,s0cl0,1767117501.318258000,137,,,,,LLDP,,,,,,,,
7,s0cl0,1767117501.318309000,137,,,,,LLDP,,,,,,,,
7,s0cl0,1767117504.418631000,137,,,,,LLDP,,,,,,,,
7,s0cl0,1767117504.418677000,137,,,,,LLDP,,,,,,,,
7,s0cl0,1767117507.518076000,137,,,,,LLDP,,,,,,,,
7,s0cl0,1767117507.518121000,137,,,,,LLDP,,,,,,,,
7,s0cl0,1767117510.618459000,137,,,,,LLDP,,,,,,,,
7,s0cl0,1767117510.618503000,137,,,,,LLDP,,,,,,,,
7,s0cl0,1767117513.719319000,137,,,,,LLDP,,,,,,,,
7,s0cl0,1767117513.719415000,137,,,,,LLDP,,,,,,,,
7,s0cl0,1767117516.818443000,137,,,,,LLDP,,,,,,,,
7,s0cl0,1767117516.818512000,137,,,,,LLDP,,,,,,,,
7,s0cl0,1767117519.918593000,137,,,,,LLDP,,,,,,,,
7,s0cl0,1767117519.918656000,137,,,,,LLDP,,,,,,,,
7,s0cl0,1767117523.019125000,137,,,,,LLDP,,,,,,,,
7,s0cl0,1767117523.019185000,137,,,,,LLDP,,,,,,,,
7,s0cl0,1767117526.117853000,137,,,,,LLDP,,,,,,,,
7,s0cl0,1767117526.117900000,137,,,,,LLDP,,,,,,,,
7,s0cl0,1767117529.218753000,137,,,,,LLDP,,,,,,,,
7,s0cl0,1767117529.218845000,137,,,,,LLDP,,,,,,,,
7,s0cl0,1767117532.318351000,137,,,,,LLDP,,,,,,,,
7,s0cl0,1767117532.318398000,137,,,,,LLDP,,,,,,,,
7,s0cl0,1767117535.418513000,137,,,,,LLDP,,,,,,,,
7,s0cl0,1767117535.418621000,137,,,,,LLDP,,,,,,,,
7,s0cl0,1767117538.518275000,137,,,,,LLDP,,,,,,,,
7,s0cl0,1767117538.518321000,137,,,,,LLDP,,,,,,,,
7,s0cl0,1767117541.617924000,137,,,,,LLDP,,,,,,,,
7,s0cl0,1767117541.617976000,137,,,,,LLDP,,,,,,,,
7,s0cl0,1767117544.719038000,137,,,,,LLDP,,,,,,,,
7,s0cl0,1767117544.719085000,137,,,,,LLDP,,,,,,,,
7,s0cl0,1767117547.818419000,137,,,,,LLDP,,,,,,,,
7,s0cl0,1767117547.818490000,137,,,,,LLDP,,,,,,,,
7,s0cl0,1767117550.918283000,137,,,,,LLDP,,,,,,,,
7,s0cl0,1767117550.918337000,137,,,,,LLDP,,,,,,,,
7,s0cl0,1767117554.019117000,137,,,,,LLDP,,,,,,,,
7,s0cl0,1767117554.019161000,137,,,,,LLDP,,,,,,,,
7,s0cl0,1767117557.118094000,137,,,,,LLDP,,,,,,,,
7,s0cl0,1767117557.118152000,137,,,,,LLDP,,,,,,,,
7,s0cl0,1767117560.219090000,137,,,,,LLDP,,,,,,,,
7,s0cl0,1767117560.219170000,137,,,,,LLDP,,,,,,,,
7,s0cl0,1767117563.318535000,137,,,,,LLDP,,,,,,,,
7,s0cl0,1767117563.318579000,137,,,,,LLDP,,,,,,,,
7,s0cl0,1767117566.418467000,137,,,,,LLDP,,,,,,,,
7,s0cl0,1767117566.418543000,137,,,,,LLDP,,,,,,,,
7,s0cl0,1767117569.518580000,137,,,,,LLDP,,,,,,,,
7,s0cl0,1767117569.518654000,137,,,,,LLDP,,,,,,,,
7,s0cl0,1767117572.618187000,137,,,,,LLDP,,,,,,,,
7,s0cl0,1767117572.618269000,137,,,,,LLDP,,,,,,,,
7,s0cl0,1767117575.718041000,137,,,,,LLDP,,,,,,,,
7,s0cl0,1767117575.718093000,137,,,,,LLDP,,,,,,,,
7,s0cl0,1767117578.818617000,137,,,,,LLDP,,,,,,,,
7,s0cl0,1767117578.818674000,137,,,,,LLDP,,,,,,,,
7,s0cl0,1767117581.918239000,137,,,,,LLDP,,,,,,,,
7,s0cl0,1767117581.918304000,137,,,,,LLDP,,,,,,,,
7,s0cl1,1767117467.218403000,137,,,,,LLDP,,,,,,,,
7,s0cl1,1767117467.218446000,137,,,,,LLDP,,,,,,,,
7,s0cl1,1767117470.318144000,137,,,,,LLDP,,,,,,,,
7,s0cl1,1767117470.318188000,137,,,,,LLDP,,,,,,,,
7,s0cl1,1767117473.418836000,137,,,,,LLDP,,,,,,,,
7,s0cl1,1767117473.418888000,137,,,,,LLDP,,,,,,,,
7,s0cl1,1767117476.518150000,137,,,,,LLDP,,,,,,,,
7,s0cl1,1767117476.518193000,137,,,,,LLDP,,,,,,,,
7,s0cl1,1767117479.618814000,137,,,,,LLDP,,,,,,,,
7,s0cl1,1767117479.618859000,137,,,,,LLDP,,,,,,,,
7,s0cl1,1767117482.718659000,137,,,,,LLDP,,,,,,,,
7,s0cl1,1767117482.718703000,137,,,,,LLDP,,,,,,,,
7,s0cl1,1767117485.818535000,137,,,,,LLDP,,,,,,,,
7,s0cl1,1767117485.818578000,137,,,,,LLDP,,,,,,,,
7,s0cl1,1767117488.918778000,137,,,,,LLDP,,,,,,,,
7,s0cl1,1767117488.918870000,137,,,,,LLDP,,,,,,,,
7,s0cl1,1767117492.018858000,137,,,,,LLDP,,,,,,,,
7,s0cl1,1767117492.018975000,137,,,,,LLDP,,,,,,,,
7,s0cl1,1767117495.118613000,137,,,,,LLDP,,,,,,,,
7,s0cl1,1767117495.118655000,137,,,,,LLDP,,,,,,,,
7,s0cl1,1767117498.218474000,137,,,,,LLDP,,,,,,,,
7,s0cl1,1767117498.218549000,137,,,,,LLDP,,,,,,,,
7,s0cl1,1767117501.318352000,137,,,,,LLDP,,,,,,,,
7,s0cl1,1767117501.318394000,137,,,,,LLDP,,,,,,,,
7,s0cl1,1767117504.418746000,137,,,,,LLDP,,,,,,,,
7,s0cl1,1767117504.418798000,137,,,,,LLDP,,,,,,,,
7,s0cl1,1767117507.518160000,137,,,,,LLDP,,,,,,,,
7,s0cl1,1767117507.518201000,137,,,,,LLDP,,,,,,,,
7,s0cl1,1767117510.618544000,137,,,,,LLDP,,,,,,,,
7,s0cl1,1767117510.618642000,137,,,,,LLDP,,,,,,,,
7,s0cl1,1767117513.719494000,137,,,,,LLDP,,,,,,,,
7,s0cl1,1767117513.719746000,137,,,,,LLDP,,,,,,,,
7,s0cl1,1767117516.818560000,137,,,,,LLDP,,,,,,,,
7,s0cl1,1767117516.818602000,137,,,,,LLDP,,,,,,,,
7,s0cl1,1767117519.918698000,137,,,,,LLDP,,,,,,,,
7,s0cl1,1767117519.918771000,137,,,,,LLDP,,,,,,,,
7,s0cl1,1767117523.019283000,137,,,,,LLDP,,,,,,,,
7,s0cl1,1767117523.019360000,137,,,,,LLDP,,,,,,,,
7,s0cl1,1767117526.117961000,137,,,,,LLDP,,,,,,,,
7,s0cl1,1767117526.118005000,137,,,,,LLDP,,,,,,,,
7,s0cl1,1767117529.218930000,137,,,,,LLDP,,,,,,,,
7,s0cl1,1767117529.219014000,137,,,,,LLDP,,,,,,,,
7,s0cl1,1767117532.318439000,137,,,,,LLDP,,,,,,,,
7,s0cl1,1767117532.318502000,137,,,,,LLDP,,,,,,,,
7,s0cl1,1767117535.418709000,137,,,,,LLDP,,,,,,,,
7,s0cl1,1767117535.418824000,137,,,,,LLDP,,,,,,,,
7,s0cl1,1767117538.518375000,137,,,,,LLDP,,,,,,,,
7,s0cl1,1767117538.518416000,137,,,,,LLDP,,,,,,,,
7,s0cl1,1767117541.618021000,137,,,,,LLDP,,,,,,,,
7,s0cl1,1767117541.618064000,137,,,,,LLDP,,,,,,,,
7,s0cl1,1767117544.719135000,137,,,,,LLDP,,,,,,,,
7,s0cl1,1767117544.719178000,137,,,,,LLDP,,,,,,,,
7,s0cl1,1767117547.818563000,137,,,,,LLDP,,,,,,,,
7,s0cl1,1767117547.818648000,137,,,,,LLDP,,,,,,,,
7,s0cl1,1767117550.918379000,137,,,,,LLDP,,,,,,,,
7,s0cl1,1767117550.918434000,137,,,,,LLDP,,,,,,,,
7,s0cl1,1767117554.019204000,137,,,,,LLDP,,,,,,,,
7,s0cl1,1767117554.019247000,137,,,,,LLDP,,,,,,,,
7,s0cl1,1767117557.118212000,137,,,,,LLDP,,,,,,,,
7,s0cl1,1767117557.118266000,137,,,,,LLDP,,,,,,,,
7,s0cl1,1767117560.219229000,137,,,,,LLDP,,,,,,,,
7,s0cl1,1767117560.219273000,137,,,,,LLDP,,,,,,,,
7,s0cl1,1767117563.318619000,137,,,,,LLDP,,,,,,,,
7,s0cl1,1767117563.318661000,137,,,,,LLDP,,,,,,,,
7,s0cl1,1767117566.418609000,137,,,,,LLDP,,,,,,,,
7,s0cl1,1767117566.418678000,137,,,,,LLDP,,,,,,,,
7,s0cl1,1767117569.518738000,137,,,,,LLDP,,,,,,,,
7,s0cl1,1767117569.518814000,137,,,,,LLDP,,,,,,,,
7,s0cl1,1767117572.618312000,137,,,,,LLDP,,,,,,,,
7,s0cl1,1767117572.618355000,137,,,,,LLDP,,,,,,,,
7,s0cl1,1767117575.718134000,137,,,,,LLDP,,,,,,,,
7,s0cl1,1767117575.718177000,137,,,,,LLDP,,,,,,,,
7,s0cl1,1767117578.818737000,137,,,,,LLDP,,,,,,,,
7,s0cl1,1767117578.818798000,137,,,,,LLDP,,,,,,,,
7,s0cl1,1767117581.918345000,137,,,,,LLDP,,,,,,,,
7,s0cl1,1767117581.918385000,137,,,,,LLDP,,,,,,,,
7,s0cl2,1767117467.218487000,137,,,,,LLDP,,,,,,,,
7,s0cl2,1767117467.218527000,137,,,,,LLDP,,,,,,,,
7,s0cl2,1767117470.318228000,137,,,,,LLDP,,,,,,,,
7,s0cl2,1767117470.318293000,137,,,,,LLDP,,,,,,,,
7,s0cl2,1767117473.418954000,137,,,,,LLDP,,,,,,,,
7,s0cl2,1767117473.419001000,137,,,,,LLDP,,,,,,,,
7,s0cl2,1767117476.518234000,137,,,,,LLDP,,,,,,,,
7,s0cl2,1767117476.518317000,137,,,,,LLDP,,,,,,,,
7,s0cl2,1767117479.618912000,137,,,,,LLDP,,,,,,,,
7,s0cl2,1767117479.618989000,137,,,,,LLDP,,,,,,,,
7,s0cl2,1767117482.718777000,137,,,,,LLDP,,,,,,,,
7,s0cl2,1767117482.718834000,137,,,,,LLDP,,,,,,,,
7,s0cl2,1767117485.818616000,137,,,,,LLDP,,,,,,,,
7,s0cl2,1767117485.818654000,137,,,,,LLDP,,,,,,,,
7,s0cl2,1767117488.918941000,137,,,,,LLDP,,,,,,,,
7,s0cl2,1767117488.918989000,137,,,,,LLDP,,,,,,,,
7,s0cl2,1767117492.019019000,137,,,,,LLDP,,,,,,,,
7,s0cl2,1767117492.019255000,137,,,,,LLDP,,,,,,,,
7,s0cl2,1767117495.118694000,137,,,,,LLDP,,,,,,,,
7,s0cl2,1767117495.118783000,137,,,,,LLDP,,,,,,,,
7,s0cl2,1767117498.218612000,137,,,,,LLDP,,,,,,,,
7,s0cl2,1767117498.218660000,137,,,,,LLDP,,,,,,,,
7,s0cl2,1767117501.318434000,137,,,,,LLDP,,,,,,,,
7,s0cl2,1767117501.318477000,137,,,,,LLDP,,,,,,,,
7,s0cl2,1767117504.418837000,137,,,,,LLDP,,,,,,,,
7,s0cl2,1767117504.418890000,137,,,,,LLDP,,,,,,,,
7,s0cl2,1767117507.518258000,137,,,,,LLDP,,,,,,,,
7,s0cl2,1767117507.518297000,137,,,,,LLDP,,,,,,,,
7,s0cl2,1767117510.618843000,137,,,,,LLDP,,,,,,,,
7,s0cl2,1767117510.618893000,137,,,,,LLDP,,,,,,,,
7,s0cl2,1767117513.719836000,137,,,,,LLDP,,,,,,,,
7,s0cl2,1767117513.719932000,137,,,,,LLDP,,,,,,,,
7,s0cl2,1767117516.818657000,137,,,,,LLDP,,,,,,,,
7,s0cl2,1767117516.818714000,137,,,,,LLDP,,,,,,,,
7,s0cl2,1767117519.918825000,137,,,,,LLDP,,,,,,,,
7,s0cl2,1767117519.918879000,137,,,,,LLDP,,,,,,,,
7,s0cl2,1767117523.019447000,137,,,,,LLDP,,,,,,,,
7,s0cl2,1767117523.019532000,137,,,,,LLDP,,,,,,,,
7,s0cl2,1767117526.118046000,137,,,,,LLDP,,,,,,,,
7,s0cl2,1767117526.118087000,137,,,,,LLDP,,,,,,,,
7,s0cl2,1767117529.219087000,137,,,,,LLDP,,,,,,,,
7,s0cl2,1767117529.219162000,137,,,,,LLDP,,,,,,,,
7,s0cl2,1767117532.318542000,137,,,,,LLDP,,,,,,,,
7,s0cl2,1767117532.318582000,137,,,,,LLDP,,,,,,,,
7,s0cl2,1767117535.418897000,137,,,,,LLDP,,,,,,,,
7,s0cl2,1767117535.418993000,137,,,,,LLDP,,,,,,,,
7,s0cl2,1767117538.518455000,137,,,,,LLDP,,,,,,,,
7,s0cl2,1767117538.518495000,137,,,,,LLDP,,,,,,,,
7,s0cl2,1767117541.618118000,137,,,,,LLDP,,,,,,,,
7,s0cl2,1767117541.618171000,137,,,,,LLDP,,,,,,,,
7,s0cl2,1767117544.719221000,137,,,,,LLDP,,,,,,,,
7,s0cl2,1767117544.719263000,137,,,,,LLDP,,,,,,,,
7,s0cl2,1767117547.818763000,137,,,,,LLDP,,,,,,,,
7,s0cl2,1767117547.818846000,137,,,,,LLDP,,,,,,,,
7,s0cl2,1767117550.918498000,137,,,,,LLDP,,,,,,,,
7,s0cl2,1767117550.918541000,137,,,,,LLDP,,,,,,,,
7,s0cl2,1767117554.019289000,137,,,,,LLDP,,,,,,,,
7,s0cl2,1767117554.019331000,137,,,,,LLDP,,,,,,,,
7,s0cl2,1767117557.118306000,137,,,,,LLDP,,,,,,,,
7,s0cl2,1767117557.118345000,137,,,,,LLDP,,,,,,,,
7,s0cl2,1767117560.219315000,137,,,,,LLDP,,,,,,,,
7,s0cl2,1767117560.219358000,137,,,,,LLDP,,,,,,,,
7,s0cl2,1767117563.318727000,137,,,,,LLDP,,,,,,,,
7,s0cl2,1767117563.318776000,137,,,,,LLDP,,,,,,,,
7,s0cl2,1767117566.418781000,137,,,,,LLDP,,,,,,,,
7,s0cl2,1767117566.418847000,137,,,,,LLDP,,,,,,,,
7,s0cl2,1767117569.518867000,137,,,,,LLDP,,,,,,,,
7,s0cl2,1767117569.518940000,137,,,,,LLDP,,,,,,,,
7,s0cl2,1767117572.618401000,137,,,,,LLDP,,,,,,,,
7,s0cl2,1767117572.618447000,137,,,,,LLDP,,,,,,,,
7,s0cl2,1767117575.718218000,137,,,,,LLDP,,,,,,,,
7,s0cl2,1767117575.718259000,137,,,,,LLDP,,,,,,,,
7,s0cl2,1767117578.818851000,137,,,,,LLDP,,,,,,,,
7,s0cl2,1767117578.818919000,137,,,,,LLDP,,,,,,,,
7,s0cl2,1767117581.918430000,137,,,,,LLDP,,,,,,,,
7,s0cl2,1767117581.918470000,137,,,,,LLDP,,,,,,,,
7,s0ds0,1767117467.218570000,137,,,,,LLDP,,,,,,,,
7,s0ds0,1767117467.218638000,137,,,,,LLDP,,,,,,,,
7,s0ds0,1767117470.318456000,137,,,,,LLDP,,,,,,,,
7,s0ds0,1767117470.318524000,137,,,,,LLDP,,,,,,,,
7,s0ds0,1767117473.419053000,137,,,,,LLDP,,,,,,,,
7,s0ds0,1767117473.419221000,137,,,,,LLDP,,,,,,,,
7,s0ds0,1767117476.518389000,137,,,,,LLDP,,,,,,,,
7,s0ds0,1767117476.518526000,137,,,,,LLDP,,,,,,,,
7,s0ds0,1767117479.619040000,137,,,,,LLDP,,,,,,,,
7,s0ds0,1767117479.619115000,137,,,,,LLDP,,,,,,,,
7,s0ds0,1767117482.718874000,137,,,,,LLDP,,,,,,,,
7,s0ds0,1767117482.718976000,137,,,,,LLDP,,,,,,,,
7,s0ds0,1767117485.818692000,137,,,,,LLDP,,,,,,,,
7,s0ds0,1767117485.818792000,137,,,,,LLDP,,,,,,,,
7,s0ds0,1767117488.919071000,137,,,,,LLDP,,,,,,,,
7,s0ds0,1767117488.921705000,137,,,,,LLDP,,,,,,,,
7,s0ds0,1767117492.019299000,137,,,,,LLDP,,,,,,,,
7,s0ds0,1767117492.019367000,137,,,,,LLDP,,,,,,,,
7,s0ds0,1767117495.118827000,137,,,,,LLDP,,,,,,,,
7,s0ds0,1767117495.118907000,137,,,,,LLDP,,,,,,,,
7,s0ds0,1767117498.218765000,137,,,,,LLDP,,,,,,,,
7,s0ds0,1767117498.218875000,137,,,,,LLDP,,,,,,,,
7,s0ds0,1767117501.318525000,137,,,,,LLDP,,,,,,,,
7,s0ds0,1767117501.318590000,137,,,,,LLDP,,,,,,,,
7,s0ds0,1767117504.418967000,137,,,,,LLDP,,,,,,,,
7,s0ds0,1767117504.419040000,137,,,,,LLDP,,,,,,,,
7,s0ds0,1767117507.518344000,137,,,,,LLDP,,,,,,,,
7,s0ds0,1767117507.518407000,137,,,,,LLDP,,,,,,,,
7,s0ds0,1767117510.618954000,137,,,,,LLDP,,,,,,,,
7,s0ds0,1767117510.619032000,137,,,,,LLDP,,,,,,,,
7,s0ds0,1767117513.720034000,137,,,,,LLDP,,,,,,,,
7,s0ds0,1767117513.720120000,137,,,,,LLDP,,,,,,,,
7,s0ds0,1767117516.818822000,137,,,,,LLDP,,,,,,,,
7,s0ds0,1767117516.818964000,137,,,,,LLDP,,,,,,,,
7,s0ds0,1767117519.918936000,137,,,,,LLDP,,,,,,,,
7,s0ds0,1767117519.919012000,137,,,,,LLDP,,,,,,,,
7,s0ds0,1767117523.019611000,137,,,,,LLDP,,,,,,,,
7,s0ds0,1767117523.019694000,137,,,,,LLDP,,,,,,,,
7,s0ds0,1767117526.118127000,137,,,,,LLDP,,,,,,,,
7,s0ds0,1767117526.118192000,137,,,,,LLDP,,,,,,,,
7,s0ds0,1767117529.219233000,137,,,,,LLDP,,,,,,,,
7,s0ds0,1767117529.219368000,137,,,,,LLDP,,,,,,,,
7,s0ds0,1767117532.318628000,137,,,,,LLDP,,,,,,,,
7,s0ds0,1767117532.318736000,137,,,,,LLDP,,,,,,,,
7,s0ds0,1767117535.419066000,137,,,,,LLDP,,,,,,,,
7,s0ds0,1767117535.419154000,137,,,,,LLDP,,,,,,,,
7,s0ds0,1767117538.518534000,137,,,,,LLDP,,,,,,,,
7,s0ds0,1767117538.518621000,137,,,,,LLDP,,,,,,,,
7,s0ds0,1767117541.618217000,137,,,,,LLDP,,,,,,,,
7,s0ds0,1767117541.618292000,137,,,,,LLDP,,,,,,,,
7,s0ds0,1767117544.719317000,137,,,,,LLDP,,,,,,,,
7,s0ds0,1767117544.719367000,137,,,,,LLDP,,,,,,,,
7,s0ds0,1767117547.818960000,137,,,,,LLDP,,,,,,,,
7,s0ds0,1767117547.819058000,137,,,,,LLDP,,,,,,,,
7,s0ds0,1767117550.918582000,137,,,,,LLDP,,,,,,,,
7,s0ds0,1767117550.918649000,137,,,,,LLDP,,,,,,,,
7,s0ds0,1767117554.019372000,137,,,,,LLDP,,,,,,,,
7,s0ds0,1767117554.019503000,137,,,,,LLDP,,,,,,,,
7,s0ds0,1767117557.118384000,137,,,,,LLDP,,,,,,,,
7,s0ds0,1767117557.118449000,137,,,,,LLDP,,,,,,,,
7,s0ds0,1767117560.219399000,137,,,,,LLDP,,,,,,,,
7,s0ds0,1767117560.219442000,137,,,,,LLDP,,,,,,,,
7,s0ds0,1767117563.318817000,137,,,,,LLDP,,,,,,,,
7,s0ds0,1767117563.318919000,137,,,,,LLDP,,,,,,,,
7,s0ds0,1767117566.418926000,137,,,,,LLDP,,,,,,,,
7,s0ds0,1767117566.419022000,137,,,,,LLDP,,,,,,,,
7,s0ds0,1767117569.518996000,137,,,,,LLDP,,,,,,,,
7,s0ds0,1767117569.519096000,137,,,,,LLDP,,,,,,,,
7,s0ds0,1767117572.618503000,137,,,,,LLDP,,,,,,,,
7,s0ds0,1767117572.618549000,137,,,,,LLDP,,,,,,,,
7,s0ds0,1767117575.718301000,137,,,,,LLDP,,,,,,,,
7,s0ds0,1767117575.718371000,137,,,,,LLDP,,,,,,,,
7,s0ds0,1767117578.818990000,137,,,,,LLDP,,,,,,,,
7,s0ds0,1767117578.819033000,137,,,,,LLDP,,,,,,,,
7,s0ds0,1767117581.918511000,137,,,,,LLDP,,,,,,,,
7,s0ds0,1767117581.918702000,137,,,,,LLDP,,,,,,,,
7,s1cl3,1767117467.119287000,137,,,,,LLDP,,,,,,,,
7,s1cl3,1767117467.119349000,137,,,,,LLDP,,,,,,,,
7,s1cl3,1767117470.217797000,137,,,,,LLDP,,,,,,,,
7,s1cl3,1767117470.217842000,137,,,,,LLDP,,,,,,,,
7,s1cl3,1767117473.318252000,137,,,,,LLDP,,,,,,,,
7,s1cl3,1767117473.318317000,137,,,,,LLDP,,,,,,,,
7,s1cl3,1767117476.418959000,137,,,,,LLDP,,,,,,,,
7,s1cl3,1767117476.419012000,137,,,,,LLDP,,,,,,,,
7,s1cl3,1767117479.518314000,137,,,,,LLDP,,,,,,,,
7,s1cl3,1767117479.518361000,137,,,,,LLDP,,,,,,,,
7,s1cl3,1767117482.618388000,137,,,,,LLDP,,,,,,,,
7,s1cl3,1767117482.618437000,137,,,,,LLDP,,,,,,,,
7,s1cl3,1767117485.718752000,137,,,,,LLDP,,,,,,,,
7,s1cl3,1767117485.718799000,137,,,,,LLDP,,,,,,,,
7,s1cl3,1767117488.818843000,137,,,,,LLDP,,,,,,,,
7,s1cl3,1767117488.818889000,137,,,,,LLDP,,,,,,,,
7,s1cl3,1767117491.918362000,137,,,,,LLDP,,,,,,,,
7,s1cl3,1767117491.918418000,137,,,,,LLDP,,,,,,,,
7,s1cl3,1767117495.018777000,137,,,,,LLDP,,,,,,,,
7,s1cl3,1767117495.018843000,137,,,,,LLDP,,,,,,,,
7,s1cl3,1767117498.118687000,137,,,,,LLDP,,,,,,,,
7,s1cl3,1767117498.118791000,137,,,,,LLDP,,,,,,,,
7,s1cl3,1767117501.218390000,137,,,,,LLDP,,,,,,,,
7,s1cl3,1767117501.218436000,137,,,,,LLDP,,,,,,,,
7,s1cl3,1767117504.318338000,137,,,,,LLDP,,,,,,,,
7,s1cl3,1767117504.318397000,137,,,,,LLDP,,,,,,,,
7,s1cl3,1767117507.419009000,137,,,,,LLDP,,,,,,,,
7,s1cl3,1767117507.419057000,137,,,,,LLDP,,,,,,,,
7,s1cl3,1767117510.518404000,137,,,,,LLDP,,,,,,,,
7,s1cl3,1767117510.518450000,137,,,,,LLDP,,,,,,,,
7,s1cl3,1767117513.618828000,137,,,,,LLDP,,,,,,,,
7,s1cl3,1767117513.618883000,137,,,,,LLDP,,,,,,,,
7,s1cl3,1767117516.719158000,137,,,,,LLDP,,,,,,,,
7,s1cl3,1767117516.719221000,137,,,,,LLDP,,,,,,,,
7,s1cl3,1767117519.818900000,137,,,,,LLDP,,,,,,,,
7,s1cl3,1767117519.818995000,137,,,,,LLDP,,,,,,,,
7,s1cl3,1767117522.919239000,137,,,,,LLDP,,,,,,,,
7,s1cl3,1767117522.919285000,137,,,,,LLDP,,,,,,,,
7,s1cl3,1767117526.018992000,137,,,,,LLDP,,,,,,,,
7,s1cl3,1767117526.019041000,137,,,,,LLDP,,,,,,,,
7,s1cl3,1767117529.118354000,137,,,,,LLDP,,,,,,,,
7,s1cl3,1767117529.118399000,137,,,,,LLDP,,,,,,,,
7,s1cl3,1767117532.219444000,137,,,,,LLDP,,,,,,,,
7,s1cl3,1767117532.219503000,137,,,,,LLDP,,,,,,,,
7,s1cl3,1767117535.318935000,137,,,,,LLDP,,,,,,,,
7,s1cl3,1767117535.318987000,137,,,,,LLDP,,,,,,,,
7,s1cl3,1767117538.418923000,137,,,,,LLDP,,,,,,,,
7,s1cl3,1767117538.418974000,137,,,,,LLDP,,,,,,,,
7,s1cl3,1767117541.518863000,137,,,,,LLDP,,,,,,,,
7,s1cl3,1767117541.518940000,137,,,,,LLDP,,,,,,,,
7,s1cl3,1767117544.619402000,137,,,,,LLDP,,,,,,,,
7,s1cl3,1767117544.619458000,137,,,,,LLDP,,,,,,,,
7,s1cl3,1767117547.719107000,137,,,,,LLDP,,,,,,,,
7,s1cl3,1767117547.719152000,137,,,,,LLDP,,,,,,,,
7,s1cl3,1767117550.819322000,137,,,,,LLDP,,,,,,,,
7,s1cl3,1767117550.819377000,137,,,,,LLDP,,,,,,,,
7,s1cl3,1767117553.918971000,137,,,,,LLDP,,,,,,,,
7,s1cl3,1767117553.919075000,137,,,,,LLDP,,,,,,,,
7,s1cl3,1767117557.019181000,137,,,,,LLDP,,,,,,,,
7,s1cl3,1767117557.019274000,137,,,,,LLDP,,,,,,,,
7,s1cl3,1767117560.118661000,137,,,,,LLDP,,,,,,,,
7,s1cl3,1767117560.118740000,137,,,,,LLDP,,,,,,,,
7,s1cl3,1767117563.218804000,137,,,,,LLDP,,,,,,,,
7,s1cl3,1767117563.218882000,137,,,,,LLDP,,,,,,,,
7,s1cl3,1767117566.319456000,137,,,,,LLDP,,,,,,,,
7,s1cl3,1767117566.319516000,137,,,,,LLDP,,,,,,,,
7,s1cl3,1767117569.419191000,137,,,,,LLDP,,,,,,,,
7,s1cl3,1767117569.419258000,137,,,,,LLDP,,,,,,,,
7,s1cl3,1767117572.518410000,137,,,,,LLDP,,,,,,,,
7,s1cl3,1767117572.518455000,137,,,,,LLDP,,,,,,,,
7,s1cl3,1767117575.619220000,137,,,,,LLDP,,,,,,,,
7,s1cl3,1767117575.619269000,137,,,,,LLDP,,,,,,,,
7,s1cl3,1767117578.718548000,137,,,,,LLDP,,,,,,,,
7,s1cl3,1767117578.718606000,137,,,,,LLDP,,,,,,,,
7,s1cl3,1767117581.818611000,137,,,,,LLDP,,,,,,,,
7,s1cl3,1767117581.818672000,137,,,,,LLDP,,,,,,,,
7,s1cl4,1767117467.119391000,137,,,,,LLDP,,,,,,,,
7,s1cl4,1767117467.119434000,137,,,,,LLDP,,,,,,,,
7,s1cl4,1767117470.217945000,137,,,,,LLDP,,,,,,,,
7,s1cl4,1767117470.217995000,137,,,,,LLDP,,,,,,,,
7,s1cl4,1767117473.318360000,137,,,,,LLDP,,,,,,,,
7,s1cl4,1767117473.318401000,137,,,,,LLDP,,,,,,,,
7,s1cl4,1767117476.419065000,137,,,,,LLDP,,,,,,,,
7,s1cl4,1767117476.419118000,137,,,,,LLDP,,,,,,,,
7,s1cl4,1767117479.518405000,137,,,,,LLDP,,,,,,,,
7,s1cl4,1767117479.518461000,137,,,,,LLDP,,,,,,,,
7,s1cl4,1767117482.618480000,137,,,,,LLDP,,,,,,,,
7,s1cl4,1767117482.618536000,137,,,,,LLDP,,,,,,,,
7,s1cl4,1767117485.718841000,137,,,,,LLDP,,,,,,,,
7,s1cl4,1767117485.718895000,137,,,,,LLDP,,,,,,,,
7,s1cl4,1767117488.818950000,137,,,,,LLDP,,,,,,,,
7,s1cl4,1767117488.818999000,137,,,,,LLDP,,,,,,,,
7,s1cl4,1767117491.918471000,137,,,,,LLDP,,,,,,,,
7,s1cl4,1767117491.918512000,137,,,,,LLDP,,,,,,,,
7,s1cl4,1767117495.018906000,137,,,,,LLDP,,,,,,,,
7,s1cl4,1767117495.018968000,137,,,,,LLDP,,,,,,,,
7,s1cl4,1767117498.118836000,137,,,,,LLDP,,,,,,,,
7,s1cl4,1767117498.118891000,137,,,,,LLDP,,,,,,,,
7,s1cl4,1767117501.218483000,137,,,,,LLDP,,,,,,,,
7,s1cl4,1767117501.218524000,137,,,,,LLDP,,,,,,,,
7,s1cl4,1767117504.318491000,137,,,,,LLDP,,,,,,,,
7,s1cl4,1767117504.318555000,137,,,,,LLDP,,,,,,,,
7,s1cl4,1767117507.419098000,137,,,,,LLDP,,,,,,,,
7,s1cl4,1767117507.419153000,137,,,,,LLDP,,,,,,,,
7,s1cl4,1767117510.518491000,137,,,,,LLDP,,,,,,,,
7,s1cl4,1767117510.518544000,137,,,,,LLDP,,,,,,,,
7,s1cl4,1767117513.618970000,137,,,,,LLDP,,,,,,,,
7,s1cl4,1767117513.619164000,137,,,,,LLDP,,,,,,,,
7,s1cl4,1767117516.719280000,137,,,,,LLDP,,,,,,,,
7,s1cl4,1767117516.719332000,137,,,,,LLDP,,,,,,,,
7,s1cl4,1767117519.819037000,137,,,,,LLDP,,,,,,,,
7,s1cl4,1767117519.819102000,137,,,,,LLDP,,,,,,,,
7,s1cl4,1767117522.919326000,137,,,,,LLDP,,,,,,,,
7,s1cl4,1767117522.919378000,137,,,,,LLDP,,,,,,,,
7,s1cl4,1767117526.019083000,137,,,,,LLDP,,,,,,,,
7,s1cl4,1767117526.019148000,137,,,,,LLDP,,,,,,,,
7,s1cl4,1767117529.118440000,137,,,,,LLDP,,,,,,,,
7,s1cl4,1767117529.118481000,137,,,,,LLDP,,,,,,,,
7,s1cl4,1767117532.219546000,137,,,,,LLDP,,,,,,,,
7,s1cl4,1767117532.219586000,137,,,,,LLDP,,,,,,,,
7,s1cl4,1767117535.319030000,137,,,,,LLDP,,,,,,,,
7,s1cl4,1767117535.319085000,137,,,,,LLDP,,,,,,,,
7,s1cl4,1767117538.419022000,137,,,,,LLDP,,,,,,,,
7,s1cl4,1767117538.419064000,137,,,,,LLDP,,,,,,,,
7,s1cl4,1767117541.518986000,137,,,,,LLDP,,,,,,,,
7,s1cl4,1767117541.519026000,137,,,,,LLDP,,,,,,,,
7,s1cl4,1767117544.619500000,137,,,,,LLDP,,,,,,,,
7,s1cl4,1767117544.619544000,137,,,,,LLDP,,,,,,,,
7,s1cl4,1767117547.719204000,137,,,,,LLDP,,,,,,,,
7,s1cl4,1767117547.719245000,137,,,,,LLDP,,,,,,,,
7,s1cl4,1767117550.819430000,137,,,,,LLDP,,,,,,,,
7,s1cl4,1767117550.819470000,137,,,,,LLDP,,,,,,,,
7,s1cl4,1767117553.919151000,137,,,,,LLDP,,,,,,,,
7,s1cl4,1767117553.919230000,137,,,,,LLDP,,,,,,,,
7,s1cl4,1767117557.019356000,137,,,,,LLDP,,,,,,,,
7,s1cl4,1767117557.019412000,137,,,,,LLDP,,,,,,,,
7,s1cl4,1767117560.118784000,137,,,,,LLDP,,,,,,,,
7,s1cl4,1767117560.118838000,137,,,,,LLDP,,,,,,,,
7,s1cl4,1767117563.218948000,137,,,,,LLDP,,,,,,,,
7,s1cl4,1767117563.218995000,137,,,,,LLDP,,,,,,,,
7,s1cl4,1767117566.319579000,137,,,,,LLDP,,,,,,,,
7,s1cl4,1767117566.319620000,137,,,,,LLDP,,,,,,,,
7,s1cl4,1767117569.419345000,137,,,,,LLDP,,,,,,,,
7,s1cl4,1767117569.419419000,137,,,,,LLDP,,,,,,,,
7,s1cl4,1767117572.518496000,137,,,,,LLDP,,,,,,,,
7,s1cl4,1767117572.518538000,137,,,,,LLDP,,,,,,,,
7,s1cl4,1767117575.619324000,137,,,,,LLDP,,,,,,,,
7,s1cl4,1767117575.619368000,137,,,,,LLDP,,,,,,,,
7,s1cl4,1767117578.718648000,137,,,,,LLDP,,,,,,,,
7,s1cl4,1767117578.718689000,137,,,,,LLDP,,,,,,,,
7,s1cl4,1767117581.818765000,137,,,,,LLDP,,,,,,,,
7,s1cl4,1767117581.818854000,137,,,,,LLDP,,,,,,,,
7,s1cl5,1767117467.119478000,137,,,,,LLDP,,,,,,,,
7,s1cl5,1767117467.119523000,137,,,,,LLDP,,,,,,,,
7,s1cl5,1767117470.218036000,137,,,,,LLDP,,,,,,,,
7,s1cl5,1767117470.218092000,137,,,,,LLDP,,,,,,,,
7,s1cl5,1767117473.318444000,137,,,,,LLDP,,,,,,,,
7,s1cl5,1767117473.318486000,137,,,,,LLDP,,,,,,,,
7,s1cl5,1767117476.419164000,137,,,,,LLDP,,,,,,,,
7,s1cl5,1767117476.419205000,137,,,,,LLDP,,,,,,,,
7,s1cl5,1767117479.518502000,137,,,,,LLDP,,,,,,,,
7,s1cl5,1767117479.518694000,137,,,,,LLDP,,,,,,,,
7,s1cl5,1767117482.618576000,137,,,,,LLDP,,,,,,,,
7,s1cl5,1767117482.618618000,137,,,,,LLDP,,,,,,,,
7,s1cl5,1767117485.718963000,137,,,,,LLDP,,,,,,,,
7,s1cl5,1767117485.719005000,137,,,,,LLDP,,,,,,,,
7,s1cl5,1767117488.819039000,137,,,,,LLDP,,,,,,,,
7,s1cl5,1767117488.819086000,137,,,,,LLDP,,,,,,,,
7,s1cl5,1767117491.918551000,137,,,,,LLDP,,,,,,,,
7,s1cl5,1767117491.918604000,137,,,,,LLDP,,,,,,,,
7,s1cl5,1767117495.019009000,137,,,,,LLDP,,,,,,,,
7,s1cl5,1767117495.019052000,137,,,,,LLDP,,,,,,,,
7,s1cl5,1767117498.118970000,137,,,,,LLDP,,,,,,,,
7,s1cl5,1767117498.119019000,137,,,,,LLDP,,,,,,,,
7,s1cl5,1767117501.218566000,137,,,,,LLDP,,,,,,,,
7,s1cl5,1767117501.218613000,137,,,,,LLDP,,,,,,,,
7,s1cl5,1767117504.318598000,137,,,,,LLDP,,,,,,,,
7,s1cl5,1767117504.318649000,137,,,,,LLDP,,,,,,,,
7,s1cl5,1767117507.419191000,137,,,,,LLDP,,,,,,,,
7,s1cl5,1767117507.419232000,137,,,,,LLDP,,,,,,,,
7,s1cl5,1767117510.518584000,137,,,,,LLDP,,,,,,,,
7,s1cl5,1767117510.518626000,137,,,,,LLDP,,,,,,,,
7,s1cl5,1767117513.619232000,137,,,,,LLDP,,,,,,,,
7,s1cl5,1767117513.619401000,137,,,,,LLDP,,,,,,,,
7,s1cl5,1767117516.719373000,137,,,,,LLDP,,,,,,,,
7,s1cl5,1767117516.719414000,137,,,,,LLDP,,,,,,,,
7,s1cl5,1767117519.819143000,137,,,,,LLDP,,,,,,,,
7,s1cl5,1767117519.819195000,137,,,,,LLDP,,,,,,,,
7,s1cl5,1767117522.919418000,137,,,,,LLDP,,,,,,,,
7,s1cl5,1767117522.919461000,137,,,,,LLDP,,,,,,,,
7,s1cl5,1767117526.019189000,137,,,,,LLDP,,,,,,,,
7,s1cl5,1767117526.019243000,137,,,,,LLDP,,,,,,,,
7,s1cl5,1767117529.118533000,137,,,,,LLDP,,,,,,,,
7,s1cl5,1767117529.118574000,137,,,,,LLDP,,,,,,,,
7,s1cl5,1767117532.219625000,137,,,,,LLDP,,,,,,,,
7,s1cl5,1767117532.219664000,137,,,,,LLDP,,,,,,,,
7,s1cl5,1767117535.319125000,137,,,,,LLDP,,,,,,,,
7,s1cl5,1767117535.319167000,137,,,,,LLDP,,,,,,,,
7,s1cl5,1767117538.419103000,137,,,,,LLDP,,,,,,,,
7,s1cl5,1767117538.419146000,137,,,,,LLDP,,,,,,,,
7,s1cl5,1767117541.519078000,137,,,,,LLDP,,,,,,,,
7,s1cl5,1767117541.519120000,137,,,,,LLDP,,,,,,,,
7,s1cl5,1767117544.619585000,137,,,,,LLDP,,,,,,,,
7,s1cl5,1767117544.619637000,137,,,,,LLDP,,,,,,,,
7,s1cl5,1767117547.719295000,137,,,,,LLDP,,,,,,,,
7,s1cl5,1767117547.719336000,137,,,,,LLDP,,,,,,,,
7,s1cl5,1767117550.819507000,137,,,,,LLDP,,,,,,,,
7,s1cl5,1767117550.819547000,137,,,,,LLDP,,,,,,,,
7,s1cl5,1767117553.919307000,137,,,,,LLDP,,,,,,,,
7,s1cl5,1767117553.919398000,137,,,,,LLDP,,,,,,,,
7,s1cl5,1767117557.019465000,137,,,,,LLDP,,,,,,,,
7,s1cl5,1767117557.019506000,137,,,,,LLDP,,,,,,,,
7,s1cl5,1767117560.118876000,137,,,,,LLDP,,,,,,,,
7,s1cl5,1767117560.118936000,137,,,,,LLDP,,,,,,,,
7,s1cl5,1767117563.219038000,137,,,,,LLDP,,,,,,,,
7,s1cl5,1767117563.219084000,137,,,,,LLDP,,,,,,,,
7,s1cl5,1767117566.319672000,137,,,,,LLDP,,,,,,,,
7,s1cl5,1767117566.319715000,137,,,,,LLDP,,,,,,,,
7,s1cl5,1767117569.419486000,137,,,,,LLDP,,,,,,,,
7,s1cl5,1767117569.419556000,137,,,,,LLDP,,,,,,,,
7,s1cl5,1767117572.518578000,137,,,,,LLDP,,,,,,,,
7,s1cl5,1767117572.518620000,137,,,,,LLDP,,,,,,,,
7,s1cl5,1767117575.619408000,137,,,,,LLDP,,,,,,,,
7,s1cl5,1767117575.619451000,137,,,,,LLDP,,,,,,,,
7,s1cl5,1767117578.718776000,137,,,,,LLDP,,,,,,,,
7,s1cl5,1767117578.718835000,137,,,,,LLDP,,,,,,,,
7,s1cl5,1767117581.818953000,137,,,,,LLDP,,,,,,,,
7,s1cl5,1767117581.819044000,137,,,,,LLDP,,,,,,,,
7,s1cl6,1767117467.119565000,137,,,,,LLDP,,,,,,,,
7,s1cl6,1767117467.119607000,137,,,,,LLDP,,,,,,,,
7,s1cl6,1767117470.218130000,137,,,,,LLDP,,,,,,,,
7,s1cl6,1767117470.218170000,137,,,,,LLDP,,,,,,,,
7,s1cl6,1767117473.318525000,137,,,,,LLDP,,,,,,,,
7,s1cl6,1767117473.318565000,137,,,,,LLDP,,,,,,,,
7,s1cl6,1767117476.419245000,137,,,,,LLDP,,,,,,,,
7,s1cl6,1767117476.419305000,137,,,,,LLDP,,,,,,,,
7,s1cl6,1767117479.518767000,137,,,,,LLDP,,,,,,,,
7,s1cl6,1767117479.518814000,137,,,,,LLDP,,,,,,,,
7,s1cl6,1767117482.618657000,137,,,,,LLDP,,,,,,,,
7,s1cl6,1767117482.618698000,137,,,,,LLDP,,,,,,,,
7,s1cl6,1767117485.719044000,137,,,,,LLDP,,,,,,,,
7,s1cl6,1767117485.719084000,137,,,,,LLDP,,,,,,,,
7,s1cl6,1767117488.819126000,137,,,,,LLDP,,,,,,,,
7,s1cl6,1767117488.819179000,137,,,,,LLDP,,,,,,,,
7,s1cl6,1767117491.918643000,137,,,,,LLDP,,,,,,,,
7,s1cl6,1767117491.918683000,137,,,,,LLDP,,,,,,,,
7,s1cl6,1767117495.019091000,137,,,,,LLDP,,,,,,,,
7,s1cl6,1767117495.019140000,137,,,,,LLDP,,,,,,,,
7,s1cl6,1767117498.119078000,137,,,,,LLDP,,,,,,,,
7,s1cl6,1767117498.119118000,137,,,,,LLDP,,,,,,,,
7,s1cl6,1767117501.218652000,137,,,,,LLDP,,,,,,,,
7,s1cl6,1767117501.218703000,137,,,,,LLDP,,,,,,,,
7,s1cl6,1767117504.318690000,137,,,,,LLDP,,,,,,,,
7,s1cl6,1767117504.318798000,137,,,,,LLDP,,,,,,,,
7,s1cl6,1767117507.419271000,137,,,,,LLDP,,,,,,,,
7,s1cl6,1767117507.419311000,137,,,,,LLDP,,,,,,,,
7,s1cl6,1767117510.518664000,137,,,,,LLDP,,,,,,,,
7,s1cl6,1767117510.518703000,137,,,,,LLDP,,,,,,,,
7,s1cl6,1767117513.619446000,137,,,,,LLDP,,,,,,,,
7,s1cl6,1767117513.619519000,137,,,,,LLDP,,,,,,,,
7,s1cl6,1767117516.719453000,137,,,,,LLDP,,,,,,,,
7,s1cl6,1767117516.719494000,137,,,,,LLDP,,,,,,,,
7,s1cl6,1767117519.819248000,137,,,,,LLDP,,,,,,,,
7,s1cl6,1767117519.819289000,137,,,,,LLDP,,,,,,,,
7,s1cl6,1767117522.919500000,137,,,,,LLDP,,,,,,,,
7,s1cl6,1767117522.919541000,137,,,,,LLDP,,,,,,,,
7,s1cl6,1767117526.019296000,137,,,,,LLDP,,,,,,,,
7,s1cl6,1767117526.019338000,137,,,,,LLDP,,,,,,,,
7,s1cl6,1767117529.118625000,137,,,,,LLDP,,,,,,,,
7,s1cl6,1767117529.118665000,137,,,,,LLDP,,,,,,,,
7,s1cl6,1767117532.219702000,137,,,,,LLDP,,,,,,,,
7,s1cl6,1767117532.219741000,137,,,,,LLDP,,,,,,,,
7,s1cl6,1767117535.319212000,137,,,,,LLDP,,,,,,,,
7,s1cl6,1767117535.319252000,137,,,,,LLDP,,,,,,,,
7,s1cl6,1767117538.419186000,137,,,,,LLDP,,,,,,,,
7,s1cl6,1767117538.419227000,137,,,,,LLDP,,,,,,,,
7,s1cl6,1767117541.519159000,137,,,,,LLDP,,,,,,,,
7,s1cl6,1767117541.519211000,137,,,,,LLDP,,,,,,,,
7,s1cl6,1767117544.619678000,137,,,,,LLDP,,,,,,,,
7,s1cl6,1767117544.619720000,137,,,,,LLDP,,,,,,,,
7,s1cl6,1767117547.719374000,137,,,,,LLDP,,,,,,,,
7,s1cl6,1767117547.719421000,137,,,,,LLDP,,,,,,,,
7,s1cl6,1767117550.819584000,137,,,,,LLDP,,,,,,,,
7,s1cl6,1767117550.819623000,137,,,,,LLDP,,,,,,,,
7,s1cl6,1767117553.919477000,137,,,,,LLDP,,,,,,,,
7,s1cl6,1767117553.919556000,137,,,,,LLDP,,,,,,,,
7,s1cl6,1767117557.019548000,137,,,,,LLDP,,,,,,,,
7,s1cl6,1767117557.019588000,137,,,,,LLDP,,,,,,,,
7,s1cl6,1767117560.118976000,137,,,,,LLDP,,,,,,,,
7,s1cl6,1767117560.119020000,137,,,,,LLDP,,,,,,,,
7,s1cl6,1767117563.219127000,137,,,,,LLDP,,,,,,,,
7,s1cl6,1767117563.219170000,137,,,,,LLDP,,,,,,,,
7,s1cl6,1767117566.319754000,137,,,,,LLDP,,,,,,,,
7,s1cl6,1767117566.319796000,137,,,,,LLDP,,,,,,,,
7,s1cl6,1767117569.419624000,137,,,,,LLDP,,,,,,,,
7,s1cl6,1767117569.419701000,137,,,,,LLDP,,,,,,,,
7,s1cl6,1767117572.518659000,137,,,,,LLDP,,,,,,,,
7,s1cl6,1767117572.518728000,137,,,,,LLDP,,,,,,,,
7,s1cl6,1767117575.619492000,137,,,,,LLDP,,,,,,,,
7,s1cl6,1767117575.619552000,137,,,,,LLDP,,,,,,,,
7,s1cl6,1767117578.718898000,137,,,,,LLDP,,,,,,,,
7,s1cl6,1767117578.718944000,137,,,,,LLDP,,,,,,,,
7,s1cl6,1767117581.819134000,137,,,,,LLDP,,,,,,,,
7,s1cl6,1767117581.819193000,137,,,,,LLDP,,,,,,,,
7,s1cl6,1767117584.918724000,137,,,,,LLDP,,,,,,,,
7,s1cl6,1767117584.918798000,137,,,,,LLDP,,,,,,,,
7,s1cl7,1767117467.119648000,137,,,,,LLDP,,,,,,,,
7,s1cl7,1767117467.119719000,137,,,,,LLDP,,,,,,,,
7,s1cl7,1767117470.218212000,137,,,,,LLDP,,,,,,,,
7,s1cl7,1767117470.218278000,137,,,,,LLDP,,,,,,,,
7,s1cl7,1767117473.318629000,137,,,,,LLDP,,,,,,,,
7,s1cl7,1767117473.318904000,137,,,,,LLDP,,,,,,,,
7,s1cl7,1767117476.419357000,137,,,,,LLDP,,,,,,,,
7,s1cl7,1767117476.419426000,137,,,,,LLDP,,,,,,,,
7,s1cl7,1767117479.518866000,137,,,,,LLDP,,,,,,,,
7,s1cl7,1767117479.518906000,137,,,,,LLDP,,,,,,,,
7,s1cl7,1767117482.618773000,137,,,,,LLDP,,,,,,,,
7,s1cl7,1767117482.618852000,137,,,,,LLDP,,,,,,,,
7,s1cl7,1767117485.719122000,137,,,,,LLDP,,,,,,,,
7,s1cl7,1767117485.719162000,137,,,,,LLDP,,,,,,,,
7,s1cl7,1767117488.819223000,137,,,,,LLDP,,,,,,,,
7,s1cl7,1767117488.819264000,137,,,,,LLDP,,,,,,,,
7,s1cl7,1767117491.918764000,137,,,,,LLDP,,,,,,,,
7,s1cl7,1767117491.918855000,137,,,,,LLDP,,,,,,,,
7,s1cl7,1767117495.019180000,137,,,,,LLDP,,,,,,,,
7,s1cl7,1767117495.019255000,137,,,,,LLDP,,,,,,,,
7,s1cl7,1767117498.119170000,137,,,,,LLDP,,,,,,,,
7,s1cl7,1767117498.119241000,137,,,,,LLDP,,,,,,,,
7,s1cl7,1767117501.218789000,137,,,,,LLDP,,,,,,,,
7,s1cl7,1767117501.218871000,137,,,,,LLDP,,,,,,,,
7,s1cl7,1767117504.318839000,137,,,,,LLDP,,,,,,,,
7,s1cl7,1767117504.318927000,137,,,,,LLDP,,,,,,,,
7,s1cl7,1767117507.419349000,137,,,,,LLDP,,,,,,,,
7,s1cl7,1767117507.419429000,137,,,,,LLDP,,,,,,,,
7,s1cl7,1767117510.518797000,137,,,,,LLDP,,,,,,,,
7,s1cl7,1767117510.518866000,137,,,,,LLDP,,,,,,,,
7,s1cl7,1767117513.619561000,137,,,,,LLDP,,,,,,,,
7,s1cl7,1767117513.619766000,137,,,,,LLDP,,,,,,,,
7,s1cl7,1767117516.719552000,137,,,,,LLDP,,,,,,,,
7,s1cl7,1767117516.719620000,137,,,,,LLDP,,,,,,,,
7,s1cl7,1767117519.819329000,137,,,,,LLDP,,,,,,,,
7,s1cl7,1767117519.819555000,137,,,,,LLDP,,,,,,,,
7,s1cl7,1767117522.919581000,137,,,,,LLDP,,,,,,,,
7,s1cl7,1767117522.919663000,137,,,,,LLDP,,,,,,,,
7,s1cl7,1767117526.019378000,137,,,,,LLDP,,,,,,,,
7,s1cl7,1767117526.019471000,137,,,,,LLDP,,,,,,,,
7,s1cl7,1767117529.118704000,137,,,,,LLDP,,,,,,,,
7,s1cl7,1767117529.118807000,137,,,,,LLDP,,,,,,,,
7,s1cl7,1767117532.219779000,137,,,,,LLDP,,,,,,,,
7,s1cl7,1767117532.219871000,137,,,,,LLDP,,,,,,,,
7,s1cl7,1767117535.319292000,137,,,,,LLDP,,,,,,,,
7,s1cl7,1767117535.319361000,137,,,,,LLDP,,,,,,,,
7,s1cl7,1767117538.419267000,137,,,,,LLDP,,,,,,,,
7,s1cl7,1767117538.419344000,137,,,,,LLDP,,,,,,,,
7,s1cl7,1767117540.142793000,70,,,fe80::840f:6aff:fefe:99fc,ff02::2,ICMPv6,,,,,,,133,0
7,s1cl7,1767117541.519249000,137,,,,,LLDP,,,,,,,,
7,s1cl7,1767117541.519313000,137,,,,,LLDP,,,,,,,,
7,s1cl7,1767117544.619762000,137,,,,,LLDP,,,,,,,,
7,s1cl7,1767117544.619840000,137,,,,,LLDP,,,,,,,,
7,s1cl7,1767117547.719460000,137,,,,,LLDP,,,,,,,,
7,s1cl7,1767117547.719527000,137,,,,,LLDP,,,,,,,,
7,s1cl7,1767117550.819695000,137,,,,,LLDP,,,,,,,,
7,s1cl7,1767117550.819752000,137,,,,,LLDP,,,,,,,,
7,s1cl7,1767117553.919638000,137,,,,,LLDP,,,,,,,,
7,s1cl7,1767117553.919716000,137,,,,,LLDP,,,,,,,,
7,s1cl7,1767117557.019626000,137,,,,,LLDP,,,,,,,,
7,s1cl7,1767117557.019693000,137,,,,,LLDP,,,,,,,,
7,s1cl7,1767117560.119058000,137,,,,,LLDP,,,,,,,,
7,s1cl7,1767117560.119125000,137,,,,,LLDP,,,,,,,,
7,s1cl7,1767117563.219213000,137,,,,,LLDP,,,,,,,,
7,s1cl7,1767117563.219285000,137,,,,,LLDP,,,,,,,,
7,s1cl7,1767117566.319837000,137,,,,,LLDP,,,,,,,,
7,s1cl7,1767117566.319945000,137,,,,,LLDP,,,,,,,,
7,s1cl7,1767117569.419773000,137,,,,,LLDP,,,,,,,,
7,s1cl7,1767117569.419902000,137,,,,,LLDP,,,,,,,,
7,s1cl7,1767117572.518783000,137,,,,,LLDP,,,,,,,,
7,s1cl7,1767117572.518857000,137,,,,,LLDP,,,,,,,,
7,s1cl7,1767117575.619613000,137,,,,,LLDP,,,,,,,,
7,s1cl7,1767117575.619682000,137,,,,,LLDP,,,,,,,,
7,s1cl7,1767117578.718983000,137,,,,,LLDP,,,,,,,,
7,s1cl7,1767117578.719058000,137,,,,,LLDP,,,,,,,,
7,s1cl7,1767117581.819237000,137,,,,,LLDP,,,,,,,,
7,s1cl7,1767117581.819329000,137,,,,,LLDP,,,,,,,,
7,s1cl7,1767117584.918853000,137,,,,,LLDP,,,,,,,,
7,s1cl7,1767117584.918964000,137,,,,,LLDP,,,,,,,,
7,s2cl10,1767117467.219790000,138,,,,,LLDP,,,,,,,,
7,s2cl10,1767117467.219829000,138,,,,,LLDP,,,,,,,,
7,s2cl10,1767117470.320402000,138,,,,,LLDP,,,,,,,,
7,s2cl10,1767117470.320573000,138,,,,,LLDP,,,,,,,,
7,s2cl10,1767117473.419752000,138,,,,,LLDP,,,,,,,,
7,s2cl10,1767117473.419833000,138,,,,,LLDP,,,,,,,,
7,s2cl10,1767117476.518824000,138,,,,,LLDP,,,,,,,,
7,s2cl10,1767117476.518905000,138,,,,,LLDP,,,,,,,,
7,s2cl10,1767117479.619595000,138,,,,,LLDP,,,,,,,,
7,s2cl10,1767117479.619635000,138,,,,,LLDP,,,,,,,,
7,s2cl10,1767117482.719837000,138,,,,,LLDP,,,,,,,,
7,s2cl10,1767117482.719876000,138,,,,,LLDP,,,,,,,,
7,s2cl10,1767117485.819706000,138,,,,,LLDP,,,,,,,,
7,s2cl10,1767117485.819760000,138,,,,,LLDP,,,,,,,,
7,s2cl10,1767117488.922658000,138,,,,,LLDP,,,,,,,,
7,s2cl10,1767117488.922712000,138,,,,,LLDP,,,,,,,,
7,s2cl10,1767117492.020405000,138,,,,,LLDP,,,,,,,,
7,s2cl10,1767117492.020483000,138,,,,,LLDP,,,,,,,,
7,s2cl10,1767117495.120385000,138,,,,,LLDP,,,,,,,,
7,s2cl10,1767117495.120440000,138,,,,,LLDP,,,,,,,,
7,s2cl10,1767117498.219214000,138,,,,,LLDP,,,,,,,,
7,s2cl10,1767117498.219268000,138,,,,,LLDP,,,,,,,,
7,s2cl10,1767117501.319404000,138,,,,,LLDP,,,,,,,,
7,s2cl10,1767117501.319456000,138,,,,,LLDP,,,,,,,,
7,s2cl10,1767117504.419732000,138,,,,,LLDP,,,,,,,,
7,s2cl10,1767117504.419793000,138,,,,,LLDP,,,,,,,,
7,s2cl10,1767117507.519798000,138,,,,,LLDP,,,,,,,,
7,s2cl10,1767117507.519874000,138,,,,,LLDP,,,,,,,,
7,s2cl10,1767117510.620035000,138,,,,,LLDP,,,,,,,,
7,s2cl10,1767117510.620112000,138,,,,,LLDP,,,,,,,,
7,s2cl10,1767117513.721054000,138,,,,,LLDP,,,,,,,,
7,s2cl10,1767117513.721277000,138,,,,,LLDP,,,,,,,,
7,s2cl10,1767117516.819651000,138,,,,,LLDP,,,,,,,,
7,s2cl10,1767117516.819739000,138,,,,,LLDP,,,,,,,,
7,s2cl10,1767117519.919492000,138,,,,,LLDP,,,,,,,,
7,s2cl10,1767117519.919532000,138,,,,,LLDP,,,,,,,,
7,s2cl10,1767117523.019777000,138,,,,,LLDP,,,,,,,,
7,s2cl10,1767117523.019857000,138,,,,,LLDP,,,,,,,,
7,s2cl10,1767117526.119141000,138,,,,,LLDP,,,,,,,,
7,s2cl10,1767117526.119196000,138,,,,,LLDP,,,,,,,,
7,s2cl10,1767117529.219441000,138,,,,,LLDP,,,,,,,,
7,s2cl10,1767117529.219495000,138,,,,,LLDP,,,,,,,,
7,s2cl10,1767117532.319547000,138,,,,,LLDP,,,,,,,,
7,s2cl10,1767117532.319601000,138,,,,,LLDP,,,,,,,,
7,s2cl10,1767117535.419676000,138,,,,,LLDP,,,,,,,,
7,s2cl10,1767117535.419722000,138,,,,,LLDP,,,,,,,,
7,s2cl10,1767117538.519187000,138,,,,,LLDP,,,,,,,,
7,s2cl10,1767117538.519267000,138,,,,,LLDP,,,,,,,,
7,s2cl10,1767117541.619126000,138,,,,,LLDP,,,,,,,,
7,s2cl10,1767117541.619178000,138,,,,,LLDP,,,,,,,,
7,s2cl10,1767117544.719615000,138,,,,,LLDP,,,,,,,,
7,s2cl10,1767117544.719656000,138,,,,,LLDP,,,,,,,,
7,s2cl10,1767117547.819404000,138,,,,,LLDP,,,,,,,,
7,s2cl10,1767117547.819467000,138,,,,,LLDP,,,,,,,,
7,s2cl10,1767117550.919673000,138,,,,,LLDP,,,,,,,,
7,s2cl10,1767117550.919713000,138,,,,,LLDP,,,,,,,,
7,s2cl10,1767117554.020553000,138,,,,,LLDP,,,,,,,,
7,s2cl10,1767117554.020683000,138,,,,,LLDP,,,,,,,,
7,s2cl10,1767117557.119491000,138,,,,,LLDP,,,,,,,,
7,s2cl10,1767117557.119544000,138,,,,,LLDP,,,,,,,,
7,s2cl10,1767117560.220075000,138,,,,,LLDP,,,,,,,,
7,s2cl10,1767117560.220124000,138,,,,,LLDP,,,,,,,,
7,s2cl10,1767117563.319682000,138,,,,,LLDP,,,,,,,,
7,s2cl10,1767117563.319723000,138,,,,,LLDP,,,,,,,,
7,s2cl10,1767117566.419544000,138,,,,,LLDP,,,,,,,,
7,s2cl10,1767117566.419591000,138,,,,,LLDP,,,,,,,,
7,s2cl10,1767117569.519415000,138,,,,,LLDP,,,,,,,,
7,s2cl10,1767117569.519457000,138,,,,,LLDP,,,,,,,,
7,s2cl10,1767117572.619409000,138,,,,,LLDP,,,,,,,,
7,s2cl10,1767117572.619449000,138,,,,,LLDP,,,,,,,,
7,s2cl10,1767117575.719471000,138,,,,,LLDP,,,,,,,,
7,s2cl10,1767117575.719542000,138,,,,,LLDP,,,,,,,,
7,s2cl10,1767117578.819635000,138,,,,,LLDP,,,,,,,,
7,s2cl10,1767117578.819675000,138,,,,,LLDP,,,,,,,,
7,s2cl10,1767117581.919448000,138,,,,,LLDP,,,,,,,,
7,s2cl10,1767117581.919487000,138,,,,,LLDP,,,,,,,,
7,s2cl10,1767117585.019849000,138,,,,,LLDP,,,,,,,,
7,s2cl10,1767117585.019919000,138,,,,,LLDP,,,,,,,,
7,s2cl8,1767117467.219617000,137,,,,,LLDP,,,,,,,,
7,s2cl8,1767117467.219661000,137,,,,,LLDP,,,,,,,,
7,s2cl8,1767117470.319564000,137,,,,,LLDP,,,,,,,,
7,s2cl8,1767117470.319639000,137,,,,,LLDP,,,,,,,,
7,s2cl8,1767117473.419554000,137,,,,,LLDP,,,,,,,,
7,s2cl8,1767117473.419611000,137,,,,,LLDP,,,,,,,,
7,s2cl8,1767117476.518575000,137,,,,,LLDP,,,,,,,,
7,s2cl8,1767117476.518636000,137,,,,,LLDP,,,,,,,,
7,s2cl8,1767117479.619389000,137,,,,,LLDP,,,,,,,,
7,s2cl8,1767117479.619462000,137,,,,,LLDP,,,,,,,,
7,s2cl8,1767117482.719659000,137,,,,,LLDP,,,,,,,,
7,s2cl8,1767117482.719703000,137,,,,,LLDP,,,,,,,,
7,s2cl8,1767117485.819524000,137,,,,,LLDP,,,,,,,,
7,s2cl8,1767117485.819586000,137,,,,,LLDP,,,,,,,,
7,s2cl8,1767117488.922469000,137,,,,,LLDP,,,,,,,,
7,s2cl8,1767117488.922514000,137,,,,,LLDP,,,,,,,,
7,s2cl8,1767117492.020058000,137,,,,,LLDP,,,,,,,,
7,s2cl8,1767117492.020102000,137,,,,,LLDP,,,,,,,,
7,s2cl8,1767117495.120106000,137,,,,,LLDP,,,,,,,,
7,s2cl8,1767117495.120206000,137,,,,,LLDP,,,,,,,,
7,s2cl8,1767117498.218983000,137,,,,,LLDP,,,,,,,,
7,s2cl8,1767117498.219048000,137,,,,,LLDP,,,,,,,,
7,s2cl8,1767117501.319181000,137,,,,,LLDP,,,,,,,,
7,s2cl8,1767117501.319225000,137,,,,,LLDP,,,,,,,,
7,s2cl8,1767117504.419334000,137,,,,,LLDP,,,,,,,,
7,s2cl8,1767117504.419412000,137,,,,,LLDP,,,,,,,,
7,s2cl8,1767117507.519533000,137,,,,,LLDP,,,,,,,,
7,s2cl8,1767117507.519613000,137,,,,,LLDP,,,,,,,,
7,s2cl8,1767117510.619529000,137,,,,,LLDP,,,,,,,,
7,s2cl8,1767117510.619604000,137,,,,,LLDP,,,,,,,,
7,s2cl8,1767117513.720619000,137,,,,,LLDP,,,,,,,,
7,s2cl8,1767117513.720666000,137,,,,,LLDP,,,,,,,,
7,s2cl8,1767117516.819350000,137,,,,,LLDP,,,,,,,,
7,s2cl8,1767117516.819426000,137,,,,,LLDP,,,,,,,,
7,s2cl8,1767117519.919279000,137,,,,,LLDP,,,,,,,,
7,s2cl8,1767117519.919335000,137,,,,,LLDP,,,,,,,,
7,s2cl8,1767117523.019598000,137,,,,,LLDP,,,,,,,,
7,s2cl8,1767117523.019649000,137,,,,,LLDP,,,,,,,,
7,s2cl8,1767117526.118947000,137,,,,,LLDP,,,,,,,,
7,s2cl8,1767117526.119006000,137,,,,,LLDP,,,,,,,,
7,s2cl8,1767117529.219223000,137,,,,,LLDP,,,,,,,,
7,s2cl8,1767117529.219281000,137,,,,,LLDP,,,,,,,,
7,s2cl8,1767117532.319340000,137,,,,,LLDP,,,,,,,,
7,s2cl8,1767117532.319386000,137,,,,,LLDP,,,,,,,,
7,s2cl8,1767117535.419491000,137,,,,,LLDP,,,,,,,,
7,s2cl8,1767117535.419542000,137,,,,,LLDP,,,,,,,,
7,s2cl8,1767117538.519001000,137,,,,,LLDP,,,,,,,,
7,s2cl8,1767117538.519055000,137,,,,,LLDP,,,,,,,,
7,s2cl8,1767117541.618950000,137,,,,,LLDP,,,,,,,,
7,s2cl8,1767117541.618995000,137,,,,,LLDP,,,,,,,,
7,s2cl8,1767117544.719425000,137,,,,,LLDP,,,,,,,,
7,s2cl8,1767117544.719490000,137,,,,,LLDP,,,,,,,,
7,s2cl8,1767117547.819179000,137,,,,,LLDP,,,,,,,,
7,s2cl8,1767117547.819249000,137,,,,,LLDP,,,,,,,,
7,s2cl8,1767117550.919485000,137,,,,,LLDP,,,,,,,,
7,s2cl8,1767117550.919552000,137,,,,,LLDP,,,,,,,,
7,s2cl8,1767117554.019853000,137,,,,,LLDP,,,,,,,,
7,s2cl8,1767117554.020218000,137,,,,,LLDP,,,,,,,,
7,s2cl8,1767117557.119278000,137,,,,,LLDP,,,,,,,,
7,s2cl8,1767117557.119331000,137,,,,,LLDP,,,,,,,,
7,s2cl8,1767117560.219839000,137,,,,,LLDP,,,,,,,,
7,s2cl8,1767117560.219884000,137,,,,,LLDP,,,,,,,,
7,s2cl8,1767117563.319512000,137,,,,,LLDP,,,,,,,,
7,s2cl8,1767117563.319557000,137,,,,,LLDP,,,,,,,,
7,s2cl8,1767117566.419370000,137,,,,,LLDP,,,,,,,,
7,s2cl8,1767117566.419413000,137,,,,,LLDP,,,,,,,,
7,s2cl8,1767117569.519232000,137,,,,,LLDP,,,,,,,,
7,s2cl8,1767117569.519275000,137,,,,,LLDP,,,,,,,,
7,s2cl8,1767117572.619216000,137,,,,,LLDP,,,,,,,,
7,s2cl8,1767117572.619263000,137,,,,,LLDP,,,,,,,,
7,s2cl8,1767117575.719134000,137,,,,,LLDP,,,,,,,,
7,s2cl8,1767117575.719224000,137,,,,,LLDP,,,,,,,,
7,s2cl8,1767117578.819473000,137,,,,,LLDP,,,,,,,,
7,s2cl8,1767117578.819518000,137,,,,,LLDP,,,,,,,,
7,s2cl8,1767117581.919233000,137,,,,,LLDP,,,,,,,,
7,s2cl8,1767117581.919309000,137,,,,,LLDP,,,,,,,,
7,s2cl8,1767117585.019684000,137,,,,,LLDP,,,,,,,,
7,s2cl8,1767117585.019727000,137,,,,,LLDP,,,,,,,,
7,s2cl9,1767117467.219712000,137,,,,,LLDP,,,,,,,,
7,s2cl9,1767117467.219752000,137,,,,,LLDP,,,,,,,,
7,s2cl9,1767117470.320284000,137,,,,,LLDP,,,,,,,,
7,s2cl9,1767117470.320333000,137,,,,,LLDP,,,,,,,,
7,s2cl9,1767117473.419663000,137,,,,,LLDP,,,,,,,,
7,s2cl9,1767117473.419706000,137,,,,,LLDP,,,,,,,,
7,s2cl9,1767117476.518674000,137,,,,,LLDP,,,,,,,,
7,s2cl9,1767117476.518777000,137,,,,,LLDP,,,,,,,,
7,s2cl9,1767117479.619509000,137,,,,,LLDP,,,,,,,,
7,s2cl9,1767117479.619555000,137,,,,,LLDP,,,,,,,,
7,s2cl9,1767117482.719743000,137,,,,,LLDP,,,,,,,,
7,s2cl9,1767117482.719796000,137,,,,,LLDP,,,,,,,,
7,s2cl9,1767117485.819626000,137,,,,,LLDP,,,,,,,,
7,s2cl9,1767117485.819668000,137,,,,,LLDP,,,,,,,,
7,s2cl9,1767117488.922571000,137,,,,,LLDP,,,,,,,,
7,s2cl9,1767117488.922614000,137,,,,,LLDP,,,,,,,,
7,s2cl9,1767117492.020189000,137,,,,,LLDP,,,,,,,,
7,s2cl9,1767117492.020240000,137,,,,,LLDP,,,,,,,,
7,s2cl9,1767117495.120281000,137,,,,,LLDP,,,,,,,,
7,s2cl9,1767117495.120342000,137,,,,,LLDP,,,,,,,,
7,s2cl9,1767117498.219108000,137,,,,,LLDP,,,,,,,,
7,s2cl9,1767117498.219172000,137,,,,,LLDP,,,,,,,,
7,s2cl9,1767117501.319266000,137,,,,,LLDP,,,,,,,,
7,s2cl9,1767117501.319349000,137,,,,,LLDP,,,,,,,,
7,s2cl9,1767117504.419613000,137,,,,,LLDP,,,,,,,,
7,s2cl9,1767117504.419673000,137,,,,,LLDP,,,,,,,,
7,s2cl9,1767117507.519687000,137,,,,,LLDP,,,,,,,,
7,s2cl9,1767117507.519734000,137,,,,,LLDP,,,,,,,,
7,s2cl9,1767117510.619644000,137,,,,,LLDP,,,,,,,,
7,s2cl9,1767117510.619843000,137,,,,,LLDP,,,,,,,,
7,s2cl9,1767117513.720926000,137,,,,,LLDP,,,,,,,,
7,s2cl9,1767117513.721008000,137,,,,,LLDP,,,,,,,,
7,s2cl9,1767117516.819504000,137,,,,,LLDP,,,,,,,,
7,s2cl9,1767117516.819573000,137,,,,,LLDP,,,,,,,,
7,s2cl9,1767117519.919409000,137,,,,,LLDP,,,,,,,,
7,s2cl9,1767117519.919453000,137,,,,,LLDP,,,,,,,,
7,s2cl9,1767117523.019691000,137,,,,,LLDP,,,,,,,,
7,s2cl9,1767117523.019732000,137,,,,,LLDP,,,,,,,,
7,s2cl9,1767117526.119048000,137,,,,,LLDP,,,,,,,,
7,s2cl9,1767117526.119102000,137,,,,,LLDP,,,,,,,,
7,s2cl9,1767117529.219362000,137,,,,,LLDP,,,,,,,,
7,s2cl9,1767117529.219403000,137,,,,,LLDP,,,,,,,,
7,s2cl9,1767117532.319445000,137,,,,,LLDP,,,,,,,,
7,s2cl9,1767117532.319505000,137,,,,,LLDP,,,,,,,,
7,s2cl9,1767117535.419583000,137,,,,,LLDP,,,,,,,,
7,s2cl9,1767117535.419632000,137,,,,,LLDP,,,,,,,,
7,s2cl9,1767117538.519108000,137,,,,,LLDP,,,,,,,,
7,s2cl9,1767117538.519149000,137,,,,,LLDP,,,,,,,,
7,s2cl9,1767117541.619038000,137,,,,,LLDP,,,,,,,,
7,s2cl9,1767117541.619079000,137,,,,,LLDP,,,,,,,,
7,s2cl9,1767117544.719532000,137,,,,,LLDP,,,,,,,,
7,s2cl9,1767117544.719573000,137,,,,,LLDP,,,,,,,,
7,s2cl9,1767117547.819309000,137,,,,,LLDP,,,,,,,,
7,s2cl9,1767117547.819363000,137,,,,,LLDP,,,,,,,,
7,s2cl9,1767117550.919596000,137,,,,,LLDP,,,,,,,,
7,s2cl9,1767117550.919636000,137,,,,,LLDP,,,,,,,,
7,s2cl9,1767117554.020297000,137,,,,,LLDP,,,,,,,,
7,s2cl9,1767117554.020495000,137,,,,,LLDP,,,,,,,,
7,s2cl9,1767117557.119379000,137,,,,,LLDP,,,,,,,,
7,s2cl9,1767117557.119431000,137,,,,,LLDP,,,,,,,,
7,s2cl9,1767117560.219956000,137,,,,,LLDP,,,,,,,,
7,s2cl9,1767117560.220014000,137,,,,,LLDP,,,,,,,,
7,s2cl9,1767117563.319604000,137,,,,,LLDP,,,,,,,,
7,s2cl9,1767117563.319644000,137,,,,,LLDP,,,,,,,,
7,s2cl9,1767117566.419453000,137,,,,,LLDP,,,,,,,,
7,s2cl9,1767117566.419494000,137,,,,,LLDP,,,,,,,,
7,s2cl9,1767117569.519314000,137,,,,,LLDP,,,,,,,,
7,s2cl9,1767117569.519355000,137,,,,,LLDP,,,,,,,,
7,s2cl9,1767117572.619317000,137,,,,,LLDP,,,,,,,,
7,s2cl9,1767117572.619370000,137,,,,,LLDP,,,,,,,,
7,s2cl9,1767117575.719305000,137,,,,,LLDP,,,,,,,,
7,s2cl9,1767117575.719390000,137,,,,,LLDP,,,,,,,,
7,s2cl9,1767117578.819558000,137,,,,,LLDP,,,,,,,,
7,s2cl9,1767117578.819597000,137,,,,,LLDP,,,,,,,,
7,s2cl9,1767117581.919351000,137,,,,,LLDP,,,,,,,,
7,s2cl9,1767117581.919404000,137,,,,,LLDP,,,,,,,,
7,s2cl9,1767117585.019767000,137,,,,,LLDP,,,,,,,,
7,s2cl9,1767117585.019809000,137,,,,,LLDP,,,,,,,,
